selectivity,complexity,query,method,latency_ms,rows,error
0.05,3,q1_customer_orders,oblivious_forced,0.2313,0,
0.05,3,q1_customer_orders,pcqv_no_order,0.0474,0,
0.05,3,q1_customer_orders,pcqv_no_stats,0.0464,0,
0.05,3,q1_customer_orders,pcqv_greedy,0.2246,0,
0.05,3,q1_customer_orders,pcqv_forced,0.2363,0,
0.05,3,q1_customer_orders,pcqv,0.0835,0,
0.05,3,q1_customer_orders,oracle_order,0.0434,0,
0.05,3,q2_revenue_by_product,oblivious_forced,0.6908,2,
0.05,3,q2_revenue_by_product,pcqv_no_order,0.0983,2,
0.05,3,q2_revenue_by_product,pcqv_no_stats,0.0781,2,
0.05,3,q2_revenue_by_product,pcqv_greedy,0.0702,2,
0.05,3,q2_revenue_by_product,pcqv_forced,0.0946,2,
0.05,3,q2_revenue_by_product,pcqv,0.0787,2,
0.05,3,q2_revenue_by_product,oracle_order,0.0867,2,
0.05,3,q3_support_tickets,oblivious_forced,0.0568,0,
0.05,3,q3_support_tickets,pcqv_no_order,0.0514,0,
0.05,3,q3_support_tickets,pcqv_no_stats,0.0507,0,
0.05,3,q3_support_tickets,pcqv_greedy,0.0411,0,
0.05,3,q3_support_tickets,pcqv_forced,0.0279,0,
0.05,3,q3_support_tickets,pcqv,0.0636,0,
0.05,3,q3_support_tickets,oracle_order,0.03,0,
0.05,3,q4_revenue_by_region,oblivious_forced,0.2614,0,
0.05,3,q4_revenue_by_region,pcqv_no_order,0.0853,0,
0.05,3,q4_revenue_by_region,pcqv_no_stats,0.0559,0,
0.05,3,q4_revenue_by_region,pcqv_greedy,0.0939,0,
0.05,3,q4_revenue_by_region,pcqv_forced,0.0749,0,
0.05,3,q4_revenue_by_region,pcqv,0.0533,0,
0.05,3,q4_revenue_by_region,oracle_order,0.0499,0,
0.05,3,q5_high_value_segments,oblivious_forced,1.4689,0,
0.05,3,q5_high_value_segments,pcqv_no_order,0.0657,0,
0.05,3,q5_high_value_segments,pcqv_no_stats,0.0529,0,
0.05,3,q5_high_value_segments,pcqv_greedy,0.0561,0,
0.05,3,q5_high_value_segments,pcqv_forced,0.0499,0,
0.05,3,q5_high_value_segments,pcqv,0.0457,0,
0.05,3,q5_high_value_segments,oracle_order,0.1518,0,
0.05,3,q6_lineitem_product_count,oblivious_forced,0.4191,0,
0.05,3,q6_lineitem_product_count,pcqv_no_order,0.0793,0,
0.05,3,q6_lineitem_product_count,pcqv_no_stats,0.0957,0,
0.05,3,q6_lineitem_product_count,pcqv_greedy,0.2617,0,
0.05,3,q6_lineitem_product_count,pcqv_forced,0.1838,0,
0.05,3,q6_lineitem_product_count,pcqv,0.176,0,
0.05,3,q6_lineitem_product_count,oracle_order,0.0554,0,
0.05,3,q7_customer_summary,oblivious_forced,0.111,0,
0.05,3,q7_customer_summary,pcqv_no_order,0.0293,0,
0.05,3,q7_customer_summary,pcqv_no_stats,0.0715,0,
0.05,3,q7_customer_summary,pcqv_greedy,0.0275,0,
0.05,3,q7_customer_summary,pcqv_forced,0.0794,0,
0.05,3,q7_customer_summary,pcqv,0.0571,0,
0.05,3,q7_customer_summary,oracle_order,0.0542,0,
0.05,3,q8_sensitive_product_scan,oblivious_forced,0.3298,4,
0.05,3,q8_sensitive_product_scan,pcqv_no_order,0.1047,4,
0.05,3,q8_sensitive_product_scan,pcqv_no_stats,0.1576,4,
0.05,3,q8_sensitive_product_scan,pcqv_greedy,0.1147,4,
0.05,3,q8_sensitive_product_scan,pcqv_forced,0.106,4,
0.05,3,q8_sensitive_product_scan,pcqv,0.1143,4,
0.05,3,q8_sensitive_product_scan,oracle_order,0.0964,4,
0.05,3,q9_ticket_topic_segments,oblivious_forced,0.1013,2,
0.05,3,q9_ticket_topic_segments,pcqv_no_order,0.0549,2,
0.05,3,q9_ticket_topic_segments,pcqv_no_stats,0.0652,2,
0.05,3,q9_ticket_topic_segments,pcqv_greedy,0.0509,2,
0.05,3,q9_ticket_topic_segments,pcqv_forced,0.0518,2,
0.05,3,q9_ticket_topic_segments,pcqv,0.0702,2,
0.05,3,q9_ticket_topic_segments,oracle_order,0.0525,2,
0.05,3,q10_acl_customer_rows,oblivious_forced,0.2512,1,
0.05,3,q10_acl_customer_rows,pcqv_no_order,0.0398,1,
0.05,3,q10_acl_customer_rows,pcqv_no_stats,0.0636,1,
0.05,3,q10_acl_customer_rows,pcqv_greedy,0.0342,1,
0.05,3,q10_acl_customer_rows,pcqv_forced,0.0241,1,
0.05,3,q10_acl_customer_rows,pcqv,0.0538,1,
0.05,3,q10_acl_customer_rows,oracle_order,0.0247,1,
0.05,3,q11_order_ticket_bridge,oblivious_forced,0.1183,0,
0.05,3,q11_order_ticket_bridge,pcqv_no_order,0.075,0,
0.05,3,q11_order_ticket_bridge,pcqv_no_stats,0.0424,0,
0.05,3,q11_order_ticket_bridge,pcqv_greedy,0.0641,0,
0.05,3,q11_order_ticket_bridge,pcqv_forced,0.0607,0,
0.05,3,q11_order_ticket_bridge,pcqv,0.0674,0,
0.05,3,q11_order_ticket_bridge,oracle_order,0.0634,0,
0.05,3,q12_product_segment_revenue,oblivious_forced,0.1683,0,
0.05,3,q12_product_segment_revenue,pcqv_no_order,0.0521,0,
0.05,3,q12_product_segment_revenue,pcqv_no_stats,0.0641,0,
0.05,3,q12_product_segment_revenue,pcqv_greedy,0.2381,0,
0.05,3,q12_product_segment_revenue,pcqv_forced,0.1024,0,
0.05,3,q12_product_segment_revenue,pcqv,0.0739,0,
0.05,3,q12_product_segment_revenue,oracle_order,0.0985,0,
0.05,3,q13_order_lineitem_rows,oblivious_forced,0.2036,56,
0.05,3,q13_order_lineitem_rows,pcqv_no_order,0.191,56,
0.05,3,q13_order_lineitem_rows,pcqv_no_stats,0.5371,56,
0.05,3,q13_order_lineitem_rows,pcqv_greedy,0.2184,56,
0.05,3,q13_order_lineitem_rows,pcqv_forced,0.1785,56,
0.05,3,q13_order_lineitem_rows,pcqv,0.1714,56,
0.05,3,q13_order_lineitem_rows,oracle_order,0.2079,56,
0.05,3,q14_support_owner_rows,oblivious_forced,0.0994,2,
0.05,3,q14_support_owner_rows,pcqv_no_order,0.0484,2,
0.05,3,q14_support_owner_rows,pcqv_no_stats,0.0481,2,
0.05,3,q14_support_owner_rows,pcqv_greedy,0.1434,2,
0.05,3,q14_support_owner_rows,pcqv_forced,0.0863,2,
0.05,3,q14_support_owner_rows,pcqv,0.0622,2,
0.05,3,q14_support_owner_rows,oracle_order,0.0631,2,
0.05,3,q15_clearance_product_rows,oblivious_forced,0.1452,1,
0.05,3,q15_clearance_product_rows,pcqv_no_order,0.0624,1,
0.05,3,q15_clearance_product_rows,pcqv_no_stats,0.1338,1,
0.05,3,q15_clearance_product_rows,pcqv_greedy,0.0443,1,
0.05,3,q15_clearance_product_rows,pcqv_forced,0.0567,1,
0.05,3,q15_clearance_product_rows,pcqv,0.0576,1,
0.05,3,q15_clearance_product_rows,oracle_order,0.064,1,
0.05,3,q16_region_product_mix,oblivious_forced,0.0964,0,
0.05,3,q16_region_product_mix,pcqv_no_order,0.0534,0,
0.05,3,q16_region_product_mix,pcqv_no_stats,0.1332,0,
0.05,3,q16_region_product_mix,pcqv_greedy,0.3437,0,
0.05,3,q16_region_product_mix,pcqv_forced,0.0621,0,
0.05,3,q16_region_product_mix,pcqv,0.0611,0,
0.05,3,q16_region_product_mix,oracle_order,0.0991,0,
0.05,5,q1_customer_orders,oblivious_forced,0.42,0,
0.05,5,q1_customer_orders,pcqv_no_order,0.1402,0,
0.05,5,q1_customer_orders,pcqv_no_stats,0.0749,0,
0.05,5,q1_customer_orders,pcqv_greedy,0.1081,0,
0.05,5,q1_customer_orders,pcqv_forced,0.0882,0,
0.05,5,q1_customer_orders,pcqv,0.092,0,
0.05,5,q1_customer_orders,oracle_order,0.1175,0,
0.05,5,q2_revenue_by_product,oblivious_forced,0.6413,0,
0.05,5,q2_revenue_by_product,pcqv_no_order,0.1093,0,
0.05,5,q2_revenue_by_product,pcqv_no_stats,0.1347,0,
0.05,5,q2_revenue_by_product,pcqv_greedy,0.1218,0,
0.05,5,q2_revenue_by_product,pcqv_forced,0.1226,0,
0.05,5,q2_revenue_by_product,pcqv,0.0964,0,
0.05,5,q2_revenue_by_product,oracle_order,0.1059,0,
0.05,5,q3_support_tickets,oblivious_forced,0.0593,0,
0.05,5,q3_support_tickets,pcqv_no_order,0.0654,0,
0.05,5,q3_support_tickets,pcqv_no_stats,0.0565,0,
0.05,5,q3_support_tickets,pcqv_greedy,0.0839,0,
0.05,5,q3_support_tickets,pcqv_forced,0.0647,0,
0.05,5,q3_support_tickets,pcqv,0.064,0,
0.05,5,q3_support_tickets,oracle_order,0.0637,0,
0.05,5,q4_revenue_by_region,oblivious_forced,0.5311,0,
0.05,5,q4_revenue_by_region,pcqv_no_order,0.0998,0,
0.05,5,q4_revenue_by_region,pcqv_no_stats,0.0798,0,
0.05,5,q4_revenue_by_region,pcqv_greedy,0.0786,0,
0.05,5,q4_revenue_by_region,pcqv_forced,0.2892,0,
0.05,5,q4_revenue_by_region,pcqv,0.0836,0,
0.05,5,q4_revenue_by_region,oracle_order,0.1951,0,
0.05,5,q5_high_value_segments,oblivious_forced,1.4426,0,
0.05,5,q5_high_value_segments,pcqv_no_order,1.3437,0,
0.05,5,q5_high_value_segments,pcqv_no_stats,0.0731,0,
0.05,5,q5_high_value_segments,pcqv_greedy,1.3149,0,
0.05,5,q5_high_value_segments,pcqv_forced,1.3246,0,
0.05,5,q5_high_value_segments,pcqv,2.0231,0,
0.05,5,q5_high_value_segments,oracle_order,1.3492,0,
0.05,5,q6_lineitem_product_count,oblivious_forced,0.5605,0,
0.05,5,q6_lineitem_product_count,pcqv_no_order,0.091,0,
0.05,5,q6_lineitem_product_count,pcqv_no_stats,0.1046,0,
0.05,5,q6_lineitem_product_count,pcqv_greedy,0.1649,0,
0.05,5,q6_lineitem_product_count,pcqv_forced,0.1613,0,
0.05,5,q6_lineitem_product_count,pcqv,0.2471,0,
0.05,5,q6_lineitem_product_count,oracle_order,0.141,0,
0.05,5,q7_customer_summary,oblivious_forced,0.096,0,
0.05,5,q7_customer_summary,pcqv_no_order,0.056,0,
0.05,5,q7_customer_summary,pcqv_no_stats,0.0838,0,
0.05,5,q7_customer_summary,pcqv_greedy,0.0523,0,
0.05,5,q7_customer_summary,pcqv_forced,0.0503,0,
0.05,5,q7_customer_summary,pcqv,0.0538,0,
0.05,5,q7_customer_summary,oracle_order,0.1179,0,
0.05,5,q8_sensitive_product_scan,oblivious_forced,0.592,4,
0.05,5,q8_sensitive_product_scan,pcqv_no_order,0.2166,4,
0.05,5,q8_sensitive_product_scan,pcqv_no_stats,0.1848,4,
0.05,5,q8_sensitive_product_scan,pcqv_greedy,0.1736,4,
0.05,5,q8_sensitive_product_scan,pcqv_forced,0.1265,4,
0.05,5,q8_sensitive_product_scan,pcqv,0.1596,4,
0.05,5,q8_sensitive_product_scan,oracle_order,0.1769,4,
0.05,5,q9_ticket_topic_segments,oblivious_forced,0.1581,3,
0.05,5,q9_ticket_topic_segments,pcqv_no_order,0.1914,3,
0.05,5,q9_ticket_topic_segments,pcqv_no_stats,0.0822,3,
0.05,5,q9_ticket_topic_segments,pcqv_greedy,0.1014,3,
0.05,5,q9_ticket_topic_segments,pcqv_forced,0.0804,3,
0.05,5,q9_ticket_topic_segments,pcqv,0.1322,3,
0.05,5,q9_ticket_topic_segments,oracle_order,0.0769,3,
0.05,5,q10_acl_customer_rows,oblivious_forced,0.0542,2,
0.05,5,q10_acl_customer_rows,pcqv_no_order,0.0495,2,
0.05,5,q10_acl_customer_rows,pcqv_no_stats,0.0688,2,
0.05,5,q10_acl_customer_rows,pcqv_greedy,0.0681,2,
0.05,5,q10_acl_customer_rows,pcqv_forced,0.0557,2,
0.05,5,q10_acl_customer_rows,pcqv,0.052,2,
0.05,5,q10_acl_customer_rows,oracle_order,0.063,2,
0.05,5,q11_order_ticket_bridge,oblivious_forced,0.1437,0,
0.05,5,q11_order_ticket_bridge,pcqv_no_order,0.0739,0,
0.05,5,q11_order_ticket_bridge,pcqv_no_stats,0.1128,0,
0.05,5,q11_order_ticket_bridge,pcqv_greedy,0.1126,0,
0.05,5,q11_order_ticket_bridge,pcqv_forced,0.1067,0,
0.05,5,q11_order_ticket_bridge,pcqv,0.0762,0,
0.05,5,q11_order_ticket_bridge,oracle_order,0.1407,0,
0.05,5,q12_product_segment_revenue,oblivious_forced,0.1482,0,
0.05,5,q12_product_segment_revenue,pcqv_no_order,0.1744,0,
0.05,5,q12_product_segment_revenue,pcqv_no_stats,0.3241,0,
0.05,5,q12_product_segment_revenue,pcqv_greedy,0.1491,0,
0.05,5,q12_product_segment_revenue,pcqv_forced,0.2576,0,
0.05,5,q12_product_segment_revenue,pcqv,0.1127,0,
0.05,5,q12_product_segment_revenue,oracle_order,0.1397,0,
0.05,5,q13_order_lineitem_rows,oblivious_forced,0.092,0,
0.05,5,q13_order_lineitem_rows,pcqv_no_order,0.0894,0,
0.05,5,q13_order_lineitem_rows,pcqv_no_stats,0.1394,0,
0.05,5,q13_order_lineitem_rows,pcqv_greedy,0.1981,0,
0.05,5,q13_order_lineitem_rows,pcqv_forced,0.0576,0,
0.05,5,q13_order_lineitem_rows,pcqv,0.0822,0,
0.05,5,q13_order_lineitem_rows,oracle_order,0.0555,0,
0.05,5,q14_support_owner_rows,oblivious_forced,0.1161,2,
0.05,5,q14_support_owner_rows,pcqv_no_order,0.1103,2,
0.05,5,q14_support_owner_rows,pcqv_no_stats,0.0871,2,
0.05,5,q14_support_owner_rows,pcqv_greedy,0.1025,2,
0.05,5,q14_support_owner_rows,pcqv_forced,0.091,2,
0.05,5,q14_support_owner_rows,pcqv,0.0972,2,
0.05,5,q14_support_owner_rows,oracle_order,0.0835,2,
0.05,5,q15_clearance_product_rows,oblivious_forced,0.0636,1,
0.05,5,q15_clearance_product_rows,pcqv_no_order,0.0916,1,
0.05,5,q15_clearance_product_rows,pcqv_no_stats,0.0581,1,
0.05,5,q15_clearance_product_rows,pcqv_greedy,0.0559,1,
0.05,5,q15_clearance_product_rows,pcqv_forced,0.083,1,
0.05,5,q15_clearance_product_rows,pcqv,0.0554,1,
0.05,5,q15_clearance_product_rows,oracle_order,0.0585,1,
0.05,5,q16_region_product_mix,oblivious_forced,0.0782,0,
0.05,5,q16_region_product_mix,pcqv_no_order,0.0904,0,
0.05,5,q16_region_product_mix,pcqv_no_stats,0.0753,0,
0.05,5,q16_region_product_mix,pcqv_greedy,0.1661,0,
0.05,5,q16_region_product_mix,pcqv_forced,0.1439,0,
0.05,5,q16_region_product_mix,pcqv,0.0889,0,
0.05,5,q16_region_product_mix,oracle_order,0.2955,0,
0.05,6,q1_customer_orders,oblivious_forced,0.5424,0,
0.05,6,q1_customer_orders,pcqv_no_order,0.0776,0,
0.05,6,q1_customer_orders,pcqv_no_stats,0.0758,0,
0.05,6,q1_customer_orders,pcqv_greedy,0.0873,0,
0.05,6,q1_customer_orders,pcqv_forced,0.0859,0,
0.05,6,q1_customer_orders,pcqv,0.107,0,
0.05,6,q1_customer_orders,oracle_order,0.0855,0,
0.05,6,q2_revenue_by_product,oblivious_forced,0.5987,0,
0.05,6,q2_revenue_by_product,pcqv_no_order,0.2077,0,
0.05,6,q2_revenue_by_product,pcqv_no_stats,0.0959,0,
0.05,6,q2_revenue_by_product,pcqv_greedy,0.1011,0,
0.05,6,q2_revenue_by_product,pcqv_forced,0.0891,0,
0.05,6,q2_revenue_by_product,pcqv,0.1056,0,
0.05,6,q2_revenue_by_product,oracle_order,0.158,0,
0.05,6,q3_support_tickets,oblivious_forced,0.0801,0,
0.05,6,q3_support_tickets,pcqv_no_order,0.0742,0,
0.05,6,q3_support_tickets,pcqv_no_stats,0.0594,0,
0.05,6,q3_support_tickets,pcqv_greedy,0.0754,0,
0.05,6,q3_support_tickets,pcqv_forced,0.1915,0,
0.05,6,q3_support_tickets,pcqv,0.1727,0,
0.05,6,q3_support_tickets,oracle_order,0.0735,0,
0.05,6,q4_revenue_by_region,oblivious_forced,0.469,0,
0.05,6,q4_revenue_by_region,pcqv_no_order,0.0793,0,
0.05,6,q4_revenue_by_region,pcqv_no_stats,0.0862,0,
0.05,6,q4_revenue_by_region,pcqv_greedy,0.1768,0,
0.05,6,q4_revenue_by_region,pcqv_forced,0.0804,0,
0.05,6,q4_revenue_by_region,pcqv,0.0833,0,
0.05,6,q4_revenue_by_region,oracle_order,0.1869,0,
0.05,6,q5_high_value_segments,oblivious_forced,1.5294,0,
0.05,6,q5_high_value_segments,pcqv_no_order,1.5033,0,
0.05,6,q5_high_value_segments,pcqv_no_stats,0.0745,0,
0.05,6,q5_high_value_segments,pcqv_greedy,1.4211,0,
0.05,6,q5_high_value_segments,pcqv_forced,1.4366,0,
0.05,6,q5_high_value_segments,pcqv,1.3944,0,
0.05,6,q5_high_value_segments,oracle_order,1.6533,0,
0.05,6,q6_lineitem_product_count,oblivious_forced,0.5403,0,
0.05,6,q6_lineitem_product_count,pcqv_no_order,0.1443,0,
0.05,6,q6_lineitem_product_count,pcqv_no_stats,0.0948,0,
0.05,6,q6_lineitem_product_count,pcqv_greedy,0.1541,0,
0.05,6,q6_lineitem_product_count,pcqv_forced,0.1455,0,
0.05,6,q6_lineitem_product_count,pcqv,0.1833,0,
0.05,6,q6_lineitem_product_count,oracle_order,0.1181,0,
0.05,6,q7_customer_summary,oblivious_forced,0.0987,0,
0.05,6,q7_customer_summary,pcqv_no_order,0.0563,0,
0.05,6,q7_customer_summary,pcqv_no_stats,0.0544,0,
0.05,6,q7_customer_summary,pcqv_greedy,0.053,0,
0.05,6,q7_customer_summary,pcqv_forced,0.0844,0,
0.05,6,q7_customer_summary,pcqv,0.0816,0,
0.05,6,q7_customer_summary,oracle_order,0.0997,0,
0.05,6,q8_sensitive_product_scan,oblivious_forced,0.6923,4,
0.05,6,q8_sensitive_product_scan,pcqv_no_order,0.1813,4,
0.05,6,q8_sensitive_product_scan,pcqv_no_stats,0.1524,4,
0.05,6,q8_sensitive_product_scan,pcqv_greedy,0.1683,4,
0.05,6,q8_sensitive_product_scan,pcqv_forced,0.1711,4,
0.05,6,q8_sensitive_product_scan,pcqv,0.1174,4,
0.05,6,q8_sensitive_product_scan,oracle_order,0.1395,4,
0.05,6,q9_ticket_topic_segments,oblivious_forced,0.13,0,
0.05,6,q9_ticket_topic_segments,pcqv_no_order,0.0898,0,
0.05,6,q9_ticket_topic_segments,pcqv_no_stats,0.1048,0,
0.05,6,q9_ticket_topic_segments,pcqv_greedy,0.0734,0,
0.05,6,q9_ticket_topic_segments,pcqv_forced,0.0713,0,
0.05,6,q9_ticket_topic_segments,pcqv,0.0783,0,
0.05,6,q9_ticket_topic_segments,oracle_order,0.0892,0,
0.05,6,q10_acl_customer_rows,oblivious_forced,0.1413,2,
0.05,6,q10_acl_customer_rows,pcqv_no_order,0.0798,2,
0.05,6,q10_acl_customer_rows,pcqv_no_stats,0.1044,2,
0.05,6,q10_acl_customer_rows,pcqv_greedy,0.0696,2,
0.05,6,q10_acl_customer_rows,pcqv_forced,0.0936,2,
0.05,6,q10_acl_customer_rows,pcqv,0.0691,2,
0.05,6,q10_acl_customer_rows,oracle_order,0.0688,2,
0.05,6,q11_order_ticket_bridge,oblivious_forced,0.1234,0,
0.05,6,q11_order_ticket_bridge,pcqv_no_order,0.1862,0,
0.05,6,q11_order_ticket_bridge,pcqv_no_stats,0.1102,0,
0.05,6,q11_order_ticket_bridge,pcqv_greedy,0.1677,0,
0.05,6,q11_order_ticket_bridge,pcqv_forced,0.1307,0,
0.05,6,q11_order_ticket_bridge,pcqv,0.0798,0,
0.05,6,q11_order_ticket_bridge,oracle_order,0.3759,0,
0.05,6,q12_product_segment_revenue,oblivious_forced,0.1589,0,
0.05,6,q12_product_segment_revenue,pcqv_no_order,0.1263,0,
0.05,6,q12_product_segment_revenue,pcqv_no_stats,0.2796,0,
0.05,6,q12_product_segment_revenue,pcqv_greedy,0.1528,0,
0.05,6,q12_product_segment_revenue,pcqv_forced,0.4375,0,
0.05,6,q12_product_segment_revenue,pcqv,0.1906,0,
0.05,6,q12_product_segment_revenue,oracle_order,0.1118,0,
0.05,6,q13_order_lineitem_rows,oblivious_forced,0.0658,0,
0.05,6,q13_order_lineitem_rows,pcqv_no_order,0.0714,0,
0.05,6,q13_order_lineitem_rows,pcqv_no_stats,0.0703,0,
0.05,6,q13_order_lineitem_rows,pcqv_greedy,0.0567,0,
0.05,6,q13_order_lineitem_rows,pcqv_forced,0.0544,0,
0.05,6,q13_order_lineitem_rows,pcqv,0.0922,0,
0.05,6,q13_order_lineitem_rows,oracle_order,0.0695,0,
0.05,6,q14_support_owner_rows,oblivious_forced,0.0977,2,
0.05,6,q14_support_owner_rows,pcqv_no_order,0.381,2,
0.05,6,q14_support_owner_rows,pcqv_no_stats,0.1089,2,
0.05,6,q14_support_owner_rows,pcqv_greedy,0.1079,2,
0.05,6,q14_support_owner_rows,pcqv_forced,0.1029,2,
0.05,6,q14_support_owner_rows,pcqv,0.0986,2,
0.05,6,q14_support_owner_rows,oracle_order,0.0925,2,
0.05,6,q15_clearance_product_rows,oblivious_forced,0.0875,1,
0.05,6,q15_clearance_product_rows,pcqv_no_order,0.0917,1,
0.05,6,q15_clearance_product_rows,pcqv_no_stats,0.0678,1,
0.05,6,q15_clearance_product_rows,pcqv_greedy,0.0564,1,
0.05,6,q15_clearance_product_rows,pcqv_forced,0.0557,1,
0.05,6,q15_clearance_product_rows,pcqv,0.0736,1,
0.05,6,q15_clearance_product_rows,oracle_order,0.0621,1,
0.05,6,q16_region_product_mix,oblivious_forced,0.0937,0,
0.05,6,q16_region_product_mix,pcqv_no_order,0.0986,0,
0.05,6,q16_region_product_mix,pcqv_no_stats,0.1244,0,
0.05,6,q16_region_product_mix,pcqv_greedy,0.1345,0,
0.05,6,q16_region_product_mix,pcqv_forced,0.164,0,
0.05,6,q16_region_product_mix,pcqv,0.1164,0,
0.05,6,q16_region_product_mix,oracle_order,0.1325,0,
0.25,3,q1_customer_orders,oblivious_forced,1.2474,85,
0.25,3,q1_customer_orders,pcqv_no_order,0.5578,85,
0.25,3,q1_customer_orders,pcqv_no_stats,0.5475,85,
0.25,3,q1_customer_orders,pcqv_greedy,0.5733,85,
0.25,3,q1_customer_orders,pcqv_forced,0.5742,85,
0.25,3,q1_customer_orders,pcqv,0.555,85,
0.25,3,q1_customer_orders,oracle_order,0.5952,85,
0.25,3,q2_revenue_by_product,oblivious_forced,1.8977,7,
0.25,3,q2_revenue_by_product,pcqv_no_order,0.6821,7,
0.25,3,q2_revenue_by_product,pcqv_no_stats,0.7165,7,
0.25,3,q2_revenue_by_product,pcqv_greedy,0.6979,7,
0.25,3,q2_revenue_by_product,pcqv_forced,0.8576,7,
0.25,3,q2_revenue_by_product,pcqv,0.8445,7,
0.25,3,q2_revenue_by_product,oracle_order,0.7183,7,
0.25,3,q3_support_tickets,oblivious_forced,0.3823,63,
0.25,3,q3_support_tickets,pcqv_no_order,0.3029,63,
0.25,3,q3_support_tickets,pcqv_no_stats,0.3,63,
0.25,3,q3_support_tickets,pcqv_greedy,0.4647,63,
0.25,3,q3_support_tickets,pcqv_forced,0.4566,63,
0.25,3,q3_support_tickets,pcqv,0.2998,63,
0.25,3,q3_support_tickets,oracle_order,0.3007,63,
0.25,3,q4_revenue_by_region,oblivious_forced,1.9591,4,
0.25,3,q4_revenue_by_region,pcqv_no_order,2.4855,4,
0.25,3,q4_revenue_by_region,pcqv_no_stats,1.6139,4,
0.25,3,q4_revenue_by_region,pcqv_greedy,1.578,4,
0.25,3,q4_revenue_by_region,pcqv_forced,1.5817,4,
0.25,3,q4_revenue_by_region,pcqv,1.5572,4,
0.25,3,q4_revenue_by_region,oracle_order,1.6836,4,
0.25,3,q5_high_value_segments,oblivious_forced,1.8895,5,
0.25,3,q5_high_value_segments,pcqv_no_order,1.8416,5,
0.25,3,q5_high_value_segments,pcqv_no_stats,0.888,5,
0.25,3,q5_high_value_segments,pcqv_greedy,0.535,5,
0.25,3,q5_high_value_segments,pcqv_forced,0.5026,5,
0.25,3,q5_high_value_segments,pcqv,1.9999,5,
0.25,3,q5_high_value_segments,oracle_order,0.5391,5,
0.25,3,q6_lineitem_product_count,oblivious_forced,2.6383,8,
0.25,3,q6_lineitem_product_count,pcqv_no_order,1.4302,8,
0.25,3,q6_lineitem_product_count,pcqv_no_stats,1.4295,8,
0.25,3,q6_lineitem_product_count,pcqv_greedy,1.7832,8,
0.25,3,q6_lineitem_product_count,pcqv_forced,1.4123,8,
0.25,3,q6_lineitem_product_count,pcqv,1.4331,8,
0.25,3,q6_lineitem_product_count,oracle_order,1.4878,8,
0.25,3,q7_customer_summary,oblivious_forced,0.4766,19,
0.25,3,q7_customer_summary,pcqv_no_order,0.2257,19,
0.25,3,q7_customer_summary,pcqv_no_stats,0.2252,19,
0.25,3,q7_customer_summary,pcqv_greedy,0.2224,19,
0.25,3,q7_customer_summary,pcqv_forced,0.3214,19,
0.25,3,q7_customer_summary,pcqv,0.2396,19,
0.25,3,q7_customer_summary,oracle_order,0.321,19,
0.25,3,q8_sensitive_product_scan,oblivious_forced,2.6114,18,
0.25,3,q8_sensitive_product_scan,pcqv_no_order,1.0248,18,
0.25,3,q8_sensitive_product_scan,pcqv_no_stats,1.0541,18,
0.25,3,q8_sensitive_product_scan,pcqv_greedy,1.129,18,
0.25,3,q8_sensitive_product_scan,pcqv_forced,1.1564,18,
0.25,3,q8_sensitive_product_scan,pcqv,1.3599,18,
0.25,3,q8_sensitive_product_scan,oracle_order,1.0092,18,
0.25,3,q9_ticket_topic_segments,oblivious_forced,0.7048,25,
0.25,3,q9_ticket_topic_segments,pcqv_no_order,0.6365,25,
0.25,3,q9_ticket_topic_segments,pcqv_no_stats,0.5986,25,
0.25,3,q9_ticket_topic_segments,pcqv_greedy,0.501,25,
0.25,3,q9_ticket_topic_segments,pcqv_forced,0.6793,25,
0.25,3,q9_ticket_topic_segments,pcqv,0.5149,25,
0.25,3,q9_ticket_topic_segments,oracle_order,0.5745,25,
0.25,3,q10_acl_customer_rows,oblivious_forced,0.185,70,
0.25,3,q10_acl_customer_rows,pcqv_no_order,0.1706,70,
0.25,3,q10_acl_customer_rows,pcqv_no_stats,0.2384,70,
0.25,3,q10_acl_customer_rows,pcqv_greedy,0.1907,70,
0.25,3,q10_acl_customer_rows,pcqv_forced,0.287,70,
0.25,3,q10_acl_customer_rows,pcqv,0.1761,70,
0.25,3,q10_acl_customer_rows,oracle_order,0.1972,70,
0.25,3,q11_order_ticket_bridge,oblivious_forced,1.3789,18,
0.25,3,q11_order_ticket_bridge,pcqv_no_order,1.0636,18,
0.25,3,q11_order_ticket_bridge,pcqv_no_stats,1.2024,18,
0.25,3,q11_order_ticket_bridge,pcqv_greedy,1.3713,18,
0.25,3,q11_order_ticket_bridge,pcqv_forced,1.3584,18,
0.25,3,q11_order_ticket_bridge,pcqv,0.7353,18,
0.25,3,q11_order_ticket_bridge,oracle_order,1.1327,18,
0.25,3,q12_product_segment_revenue,oblivious_forced,1.3962,26,
0.25,3,q12_product_segment_revenue,pcqv_no_order,2.5557,26,
0.25,3,q12_product_segment_revenue,pcqv_no_stats,1.6401,26,
0.25,3,q12_product_segment_revenue,pcqv_greedy,2.6864,26,
0.25,3,q12_product_segment_revenue,pcqv_forced,1.5834,26,
0.25,3,q12_product_segment_revenue,pcqv,2.4809,26,
0.25,3,q12_product_segment_revenue,oracle_order,1.4683,26,
0.25,3,q13_order_lineitem_rows,oblivious_forced,2.054,300,
0.25,3,q13_order_lineitem_rows,pcqv_no_order,1.7984,300,
0.25,3,q13_order_lineitem_rows,pcqv_no_stats,1.6744,300,
0.25,3,q13_order_lineitem_rows,pcqv_greedy,2.1367,300,
0.25,3,q13_order_lineitem_rows,pcqv_forced,1.7394,300,
0.25,3,q13_order_lineitem_rows,pcqv,1.8718,300,
0.25,3,q13_order_lineitem_rows,oracle_order,1.878,300,
0.25,3,q14_support_owner_rows,oblivious_forced,0.7185,163,
0.25,3,q14_support_owner_rows,pcqv_no_order,0.6321,163,
0.25,3,q14_support_owner_rows,pcqv_no_stats,0.653,163,
0.25,3,q14_support_owner_rows,pcqv_greedy,0.6357,163,
0.25,3,q14_support_owner_rows,pcqv_forced,0.5879,163,
0.25,3,q14_support_owner_rows,pcqv,0.5929,163,
0.25,3,q14_support_owner_rows,oracle_order,0.7462,163,
0.25,3,q15_clearance_product_rows,oblivious_forced,0.4383,17,
0.25,3,q15_clearance_product_rows,pcqv_no_order,0.5322,17,
0.25,3,q15_clearance_product_rows,pcqv_no_stats,0.7706,17,
0.25,3,q15_clearance_product_rows,pcqv_greedy,0.426,17,
0.25,3,q15_clearance_product_rows,pcqv_forced,0.4284,17,
0.25,3,q15_clearance_product_rows,pcqv,0.4395,17,
0.25,3,q15_clearance_product_rows,oracle_order,0.4555,17,
0.25,3,q16_region_product_mix,oblivious_forced,1.7359,35,
0.25,3,q16_region_product_mix,pcqv_no_order,1.5636,35,
0.25,3,q16_region_product_mix,pcqv_no_stats,2.6659,35,
0.25,3,q16_region_product_mix,pcqv_greedy,3.5731,35,
0.25,3,q16_region_product_mix,pcqv_forced,2.6139,35,
0.25,3,q16_region_product_mix,pcqv,2.4248,35,
0.25,3,q16_region_product_mix,oracle_order,2.377,35,
0.25,5,q1_customer_orders,oblivious_forced,2.6255,85,
0.25,5,q1_customer_orders,pcqv_no_order,0.831,85,
0.25,5,q1_customer_orders,pcqv_no_stats,0.9131,85,
0.25,5,q1_customer_orders,pcqv_greedy,1.0343,85,
0.25,5,q1_customer_orders,pcqv_forced,1.0021,85,
0.25,5,q1_customer_orders,pcqv,1.0231,85,
0.25,5,q1_customer_orders,oracle_order,0.935,85,
0.25,5,q2_revenue_by_product,oblivious_forced,3.0122,6,
0.25,5,q2_revenue_by_product,pcqv_no_order,1.0243,6,
0.25,5,q2_revenue_by_product,pcqv_no_stats,1.0502,6,
0.25,5,q2_revenue_by_product,pcqv_greedy,1.0214,6,
0.25,5,q2_revenue_by_product,pcqv_forced,1.0296,6,
0.25,5,q2_revenue_by_product,pcqv,1.1456,6,
0.25,5,q2_revenue_by_product,oracle_order,1.3754,6,
0.25,5,q3_support_tickets,oblivious_forced,0.3515,63,
0.25,5,q3_support_tickets,pcqv_no_order,0.3557,63,
0.25,5,q3_support_tickets,pcqv_no_stats,0.4053,63,
0.25,5,q3_support_tickets,pcqv_greedy,0.5023,63,
0.25,5,q3_support_tickets,pcqv_forced,0.4605,63,
0.25,5,q3_support_tickets,pcqv,0.3512,63,
0.25,5,q3_support_tickets,oracle_order,0.4039,63,
0.25,5,q4_revenue_by_region,oblivious_forced,3.7319,4,
0.25,5,q4_revenue_by_region,pcqv_no_order,2.178,4,
0.25,5,q4_revenue_by_region,pcqv_no_stats,2.0769,4,
0.25,5,q4_revenue_by_region,pcqv_greedy,1.9647,4,
0.25,5,q4_revenue_by_region,pcqv_forced,2.0445,4,
0.25,5,q4_revenue_by_region,pcqv,2.3008,4,
0.25,5,q4_revenue_by_region,oracle_order,2.0748,4,
0.25,5,q5_high_value_segments,oblivious_forced,1.9164,5,
0.25,5,q5_high_value_segments,pcqv_no_order,1.9172,5,
0.25,5,q5_high_value_segments,pcqv_no_stats,0.6636,5,
0.25,5,q5_high_value_segments,pcqv_greedy,1.8168,5,
0.25,5,q5_high_value_segments,pcqv_forced,1.8865,5,
0.25,5,q5_high_value_segments,pcqv,1.8966,5,
0.25,5,q5_high_value_segments,oracle_order,1.8731,5,
0.25,5,q6_lineitem_product_count,oblivious_forced,4.0216,8,
0.25,5,q6_lineitem_product_count,pcqv_no_order,2.8575,8,
0.25,5,q6_lineitem_product_count,pcqv_no_stats,1.8421,8,
0.25,5,q6_lineitem_product_count,pcqv_greedy,3.0412,8,
0.25,5,q6_lineitem_product_count,pcqv_forced,1.8306,8,
0.25,5,q6_lineitem_product_count,pcqv,1.8082,8,
0.25,5,q6_lineitem_product_count,oracle_order,2.0427,8,
0.25,5,q7_customer_summary,oblivious_forced,0.5744,19,
0.25,5,q7_customer_summary,pcqv_no_order,0.3712,19,
0.25,5,q7_customer_summary,pcqv_no_stats,0.3284,19,
0.25,5,q7_customer_summary,pcqv_greedy,0.291,19,
0.25,5,q7_customer_summary,pcqv_forced,0.2899,19,
0.25,5,q7_customer_summary,pcqv,0.3174,19,
0.25,5,q7_customer_summary,oracle_order,0.3864,19,
0.25,5,q8_sensitive_product_scan,oblivious_forced,4.0115,18,
0.25,5,q8_sensitive_product_scan,pcqv_no_order,2.102,18,
0.25,5,q8_sensitive_product_scan,pcqv_no_stats,2.2193,18,
0.25,5,q8_sensitive_product_scan,pcqv_greedy,1.8979,18,
0.25,5,q8_sensitive_product_scan,pcqv_forced,1.8944,18,
0.25,5,q8_sensitive_product_scan,pcqv,1.8818,18,
0.25,5,q8_sensitive_product_scan,oracle_order,1.9737,18,
0.25,5,q9_ticket_topic_segments,oblivious_forced,0.8638,25,
0.25,5,q9_ticket_topic_segments,pcqv_no_order,0.6562,25,
0.25,5,q9_ticket_topic_segments,pcqv_no_stats,0.6098,25,
0.25,5,q9_ticket_topic_segments,pcqv_greedy,0.598,25,
0.25,5,q9_ticket_topic_segments,pcqv_forced,0.6603,25,
0.25,5,q9_ticket_topic_segments,pcqv,0.6533,25,
0.25,5,q9_ticket_topic_segments,oracle_order,0.6225,25,
0.25,5,q10_acl_customer_rows,oblivious_forced,0.2478,70,
0.25,5,q10_acl_customer_rows,pcqv_no_order,0.2131,70,
0.25,5,q10_acl_customer_rows,pcqv_no_stats,0.259,70,
0.25,5,q10_acl_customer_rows,pcqv_greedy,0.2194,70,
0.25,5,q10_acl_customer_rows,pcqv_forced,0.2556,70,
0.25,5,q10_acl_customer_rows,pcqv,0.2062,70,
0.25,5,q10_acl_customer_rows,oracle_order,0.2151,70,
0.25,5,q11_order_ticket_bridge,oblivious_forced,1.5531,18,
0.25,5,q11_order_ticket_bridge,pcqv_no_order,0.7852,18,
0.25,5,q11_order_ticket_bridge,pcqv_no_stats,0.8435,18,
0.25,5,q11_order_ticket_bridge,pcqv_greedy,1.5778,18,
0.25,5,q11_order_ticket_bridge,pcqv_forced,1.7615,18,
0.25,5,q11_order_ticket_bridge,pcqv,0.8474,18,
0.25,5,q11_order_ticket_bridge,oracle_order,1.5901,18,
0.25,5,q12_product_segment_revenue,oblivious_forced,1.5883,26,
0.25,5,q12_product_segment_revenue,pcqv_no_order,3.7231,26,
0.25,5,q12_product_segment_revenue,pcqv_no_stats,1.7887,26,
0.25,5,q12_product_segment_revenue,pcqv_greedy,3.4321,26,
0.25,5,q12_product_segment_revenue,pcqv_forced,2.0331,26,
0.25,5,q12_product_segment_revenue,pcqv,3.4866,26,
0.25,5,q12_product_segment_revenue,oracle_order,1.612,26,
0.25,5,q13_order_lineitem_rows,oblivious_forced,1.1719,203,
0.25,5,q13_order_lineitem_rows,pcqv_no_order,1.2112,203,
0.25,5,q13_order_lineitem_rows,pcqv_no_stats,1.2378,203,
0.25,5,q13_order_lineitem_rows,pcqv_greedy,1.1955,203,
0.25,5,q13_order_lineitem_rows,pcqv_forced,1.4468,203,
0.25,5,q13_order_lineitem_rows,pcqv,1.2439,203,
0.25,5,q13_order_lineitem_rows,oracle_order,1.2041,203,
0.25,5,q14_support_owner_rows,oblivious_forced,0.7599,169,
0.25,5,q14_support_owner_rows,pcqv_no_order,0.7969,169,
0.25,5,q14_support_owner_rows,pcqv_no_stats,0.7172,169,
0.25,5,q14_support_owner_rows,pcqv_greedy,0.7126,169,
0.25,5,q14_support_owner_rows,pcqv_forced,0.7073,169,
0.25,5,q14_support_owner_rows,pcqv,0.7226,169,
0.25,5,q14_support_owner_rows,oracle_order,0.9899,169,
0.25,5,q15_clearance_product_rows,oblivious_forced,0.7495,17,
0.25,5,q15_clearance_product_rows,pcqv_no_order,0.6388,17,
0.25,5,q15_clearance_product_rows,pcqv_no_stats,0.6882,17,
0.25,5,q15_clearance_product_rows,pcqv_greedy,0.7125,17,
0.25,5,q15_clearance_product_rows,pcqv_forced,0.7608,17,
0.25,5,q15_clearance_product_rows,pcqv,1.0049,17,
0.25,5,q15_clearance_product_rows,oracle_order,0.6281,17,
0.25,5,q16_region_product_mix,oblivious_forced,1.8036,35,
0.25,5,q16_region_product_mix,pcqv_no_order,1.9368,35,
0.25,5,q16_region_product_mix,pcqv_no_stats,1.9217,35,
0.25,5,q16_region_product_mix,pcqv_greedy,3.3112,35,
0.25,5,q16_region_product_mix,pcqv_forced,2.0106,35,
0.25,5,q16_region_product_mix,pcqv,1.8965,35,
0.25,5,q16_region_product_mix,oracle_order,1.7375,35,
0.25,6,q1_customer_orders,oblivious_forced,2.6302,85,
0.25,6,q1_customer_orders,pcqv_no_order,0.7518,85,
0.25,6,q1_customer_orders,pcqv_no_stats,0.7173,85,
0.25,6,q1_customer_orders,pcqv_greedy,0.9479,85,
0.25,6,q1_customer_orders,pcqv_forced,0.9977,85,
0.25,6,q1_customer_orders,pcqv,1.1153,85,
0.25,6,q1_customer_orders,oracle_order,0.9898,85,
0.25,6,q2_revenue_by_product,oblivious_forced,3.3199,1,
0.25,6,q2_revenue_by_product,pcqv_no_order,1.0803,1,
0.25,6,q2_revenue_by_product,pcqv_no_stats,1.1073,1,
0.25,6,q2_revenue_by_product,pcqv_greedy,1.0416,1,
0.25,6,q2_revenue_by_product,pcqv_forced,1.0919,1,
0.25,6,q2_revenue_by_product,pcqv,1.1203,1,
0.25,6,q2_revenue_by_product,oracle_order,1.2139,1,
0.25,6,q3_support_tickets,oblivious_forced,0.3022,63,
0.25,6,q3_support_tickets,pcqv_no_order,0.3765,63,
0.25,6,q3_support_tickets,pcqv_no_stats,0.35,63,
0.25,6,q3_support_tickets,pcqv_greedy,0.5483,63,
0.25,6,q3_support_tickets,pcqv_forced,0.5256,63,
0.25,6,q3_support_tickets,pcqv,0.3641,63,
0.25,6,q3_support_tickets,oracle_order,0.3088,63,
0.25,6,q4_revenue_by_region,oblivious_forced,4.2404,4,
0.25,6,q4_revenue_by_region,pcqv_no_order,2.3401,4,
0.25,6,q4_revenue_by_region,pcqv_no_stats,2.2882,4,
0.25,6,q4_revenue_by_region,pcqv_greedy,2.3236,4,
0.25,6,q4_revenue_by_region,pcqv_forced,1.9301,4,
0.25,6,q4_revenue_by_region,pcqv,1.8684,4,
0.25,6,q4_revenue_by_region,oracle_order,2.2003,4,
0.25,6,q5_high_value_segments,oblivious_forced,1.9025,5,
0.25,6,q5_high_value_segments,pcqv_no_order,1.9805,5,
0.25,6,q5_high_value_segments,pcqv_no_stats,0.8548,5,
0.25,6,q5_high_value_segments,pcqv_greedy,1.8676,5,
0.25,6,q5_high_value_segments,pcqv_forced,1.8268,5,
0.25,6,q5_high_value_segments,pcqv,1.8383,5,
0.25,6,q5_high_value_segments,oracle_order,2.204,5,
0.25,6,q6_lineitem_product_count,oblivious_forced,3.7066,8,
0.25,6,q6_lineitem_product_count,pcqv_no_order,2.7273,8,
0.25,6,q6_lineitem_product_count,pcqv_no_stats,2.3863,8,
0.25,6,q6_lineitem_product_count,pcqv_greedy,2.6785,8,
0.25,6,q6_lineitem_product_count,pcqv_forced,2.0101,8,
0.25,6,q6_lineitem_product_count,pcqv,1.9048,8,
0.25,6,q6_lineitem_product_count,oracle_order,2.0769,8,
0.25,6,q7_customer_summary,oblivious_forced,0.5799,0,
0.25,6,q7_customer_summary,pcqv_no_order,0.3356,0,
0.25,6,q7_customer_summary,pcqv_no_stats,0.325,0,
0.25,6,q7_customer_summary,pcqv_greedy,0.5318,0,
0.25,6,q7_customer_summary,pcqv_forced,0.3796,0,
0.25,6,q7_customer_summary,pcqv,0.3622,0,
0.25,6,q7_customer_summary,oracle_order,0.2909,0,
0.25,6,q8_sensitive_product_scan,oblivious_forced,4.1212,18,
0.25,6,q8_sensitive_product_scan,pcqv_no_order,2.0179,18,
0.25,6,q8_sensitive_product_scan,pcqv_no_stats,2.2029,18,
0.25,6,q8_sensitive_product_scan,pcqv_greedy,2.128,18,
0.25,6,q8_sensitive_product_scan,pcqv_forced,2.2313,18,
0.25,6,q8_sensitive_product_scan,pcqv,1.8552,18,
0.25,6,q8_sensitive_product_scan,oracle_order,2.0321,18,
0.25,6,q9_ticket_topic_segments,oblivious_forced,0.8173,11,
0.25,6,q9_ticket_topic_segments,pcqv_no_order,0.6671,11,
0.25,6,q9_ticket_topic_segments,pcqv_no_stats,0.619,11,
0.25,6,q9_ticket_topic_segments,pcqv_greedy,0.6082,11,
0.25,6,q9_ticket_topic_segments,pcqv_forced,0.6781,11,
0.25,6,q9_ticket_topic_segments,pcqv,0.627,11,
0.25,6,q9_ticket_topic_segments,oracle_order,0.763,11,
0.25,6,q10_acl_customer_rows,oblivious_forced,0.2549,70,
0.25,6,q10_acl_customer_rows,pcqv_no_order,0.3165,70,
0.25,6,q10_acl_customer_rows,pcqv_no_stats,0.23,70,
0.25,6,q10_acl_customer_rows,pcqv_greedy,0.3049,70,
0.25,6,q10_acl_customer_rows,pcqv_forced,0.2619,70,
0.25,6,q10_acl_customer_rows,pcqv,0.2711,70,
0.25,6,q10_acl_customer_rows,oracle_order,0.2178,70,
0.25,6,q11_order_ticket_bridge,oblivious_forced,1.7404,2,
0.25,6,q11_order_ticket_bridge,pcqv_no_order,0.946,2,
0.25,6,q11_order_ticket_bridge,pcqv_no_stats,0.9234,2,
0.25,6,q11_order_ticket_bridge,pcqv_greedy,1.6344,2,
0.25,6,q11_order_ticket_bridge,pcqv_forced,1.5921,2,
0.25,6,q11_order_ticket_bridge,pcqv,0.8724,2,
0.25,6,q11_order_ticket_bridge,oracle_order,1.6343,2,
0.25,6,q12_product_segment_revenue,oblivious_forced,1.7306,6,
0.25,6,q12_product_segment_revenue,pcqv_no_order,3.4846,6,
0.25,6,q12_product_segment_revenue,pcqv_no_stats,1.5937,6,
0.25,6,q12_product_segment_revenue,pcqv_greedy,3.37,6,
0.25,6,q12_product_segment_revenue,pcqv_forced,1.6489,6,
0.25,6,q12_product_segment_revenue,pcqv,3.733,6,
0.25,6,q12_product_segment_revenue,oracle_order,1.6514,6,
0.25,6,q13_order_lineitem_rows,oblivious_forced,1.1743,203,
0.25,6,q13_order_lineitem_rows,pcqv_no_order,1.204,203,
0.25,6,q13_order_lineitem_rows,pcqv_no_stats,1.1872,203,
0.25,6,q13_order_lineitem_rows,pcqv_greedy,1.1569,203,
0.25,6,q13_order_lineitem_rows,pcqv_forced,1.1854,203,
0.25,6,q13_order_lineitem_rows,pcqv,1.1636,203,
0.25,6,q13_order_lineitem_rows,oracle_order,1.1652,203,
0.25,6,q14_support_owner_rows,oblivious_forced,0.7563,169,
0.25,6,q14_support_owner_rows,pcqv_no_order,0.7371,169,
0.25,6,q14_support_owner_rows,pcqv_no_stats,0.8753,169,
0.25,6,q14_support_owner_rows,pcqv_greedy,0.7064,169,
0.25,6,q14_support_owner_rows,pcqv_forced,0.7147,169,
0.25,6,q14_support_owner_rows,pcqv,0.7455,169,
0.25,6,q14_support_owner_rows,oracle_order,1.2431,169,
0.25,6,q15_clearance_product_rows,oblivious_forced,0.76,17,
0.25,6,q15_clearance_product_rows,pcqv_no_order,1.0436,17,
0.25,6,q15_clearance_product_rows,pcqv_no_stats,0.7631,17,
0.25,6,q15_clearance_product_rows,pcqv_greedy,0.7863,17,
0.25,6,q15_clearance_product_rows,pcqv_forced,0.6714,17,
0.25,6,q15_clearance_product_rows,pcqv,0.7935,17,
0.25,6,q15_clearance_product_rows,oracle_order,0.7678,17,
0.25,6,q16_region_product_mix,oblivious_forced,2.3176,6,
0.25,6,q16_region_product_mix,pcqv_no_order,1.9138,6,
0.25,6,q16_region_product_mix,pcqv_no_stats,1.8256,6,
0.25,6,q16_region_product_mix,pcqv_greedy,3.3473,6,
0.25,6,q16_region_product_mix,pcqv_forced,1.7472,6,
0.25,6,q16_region_product_mix,pcqv,1.9526,6,
0.25,6,q16_region_product_mix,oracle_order,1.7715,6,
0.5,3,q1_customer_orders,oblivious_forced,2.2799,179,
0.5,3,q1_customer_orders,pcqv_no_order,1.8406,179,
0.5,3,q1_customer_orders,pcqv_no_stats,1.9718,179,
0.5,3,q1_customer_orders,pcqv_greedy,1.8961,179,
0.5,3,q1_customer_orders,pcqv_forced,1.7719,179,
0.5,3,q1_customer_orders,pcqv,1.606,179,
0.5,3,q1_customer_orders,oracle_order,1.6078,179,
0.5,3,q2_revenue_by_product,oblivious_forced,4.1634,13,
0.5,3,q2_revenue_by_product,pcqv_no_order,1.8322,13,
0.5,3,q2_revenue_by_product,pcqv_no_stats,1.8288,13,
0.5,3,q2_revenue_by_product,pcqv_greedy,1.9085,13,
0.5,3,q2_revenue_by_product,pcqv_forced,1.8717,13,
0.5,3,q2_revenue_by_product,pcqv,2.2329,13,
0.5,3,q2_revenue_by_product,oracle_order,4.4396,13,
0.5,3,q3_support_tickets,oblivious_forced,0.7966,177,
0.5,3,q3_support_tickets,pcqv_no_order,0.6034,177,
0.5,3,q3_support_tickets,pcqv_no_stats,0.6776,177,
0.5,3,q3_support_tickets,pcqv_greedy,0.6141,177,
0.5,3,q3_support_tickets,pcqv_forced,0.8747,177,
0.5,3,q3_support_tickets,pcqv,0.7907,177,
0.5,3,q3_support_tickets,oracle_order,0.5956,177,
0.5,3,q4_revenue_by_region,oblivious_forced,4.5599,6,
0.5,3,q4_revenue_by_region,pcqv_no_order,7.7348,6,
0.5,3,q4_revenue_by_region,pcqv_no_stats,6.2934,6,
0.5,3,q4_revenue_by_region,pcqv_greedy,6.9867,6,
0.5,3,q4_revenue_by_region,pcqv_forced,6.1091,6,
0.5,3,q4_revenue_by_region,pcqv,6.0372,6,
0.5,3,q4_revenue_by_region,oracle_order,5.7313,6,
0.5,3,q5_high_value_segments,oblivious_forced,2.7757,5,
0.5,3,q5_high_value_segments,pcqv_no_order,3.0069,5,
0.5,3,q5_high_value_segments,pcqv_no_stats,1.4456,5,
0.5,3,q5_high_value_segments,pcqv_greedy,1.3564,5,
0.5,3,q5_high_value_segments,pcqv_forced,1.4076,5,
0.5,3,q5_high_value_segments,pcqv,2.1629,5,
0.5,3,q5_high_value_segments,oracle_order,2.3239,5,
0.5,3,q6_lineitem_product_count,oblivious_forced,6.1509,8,
0.5,3,q6_lineitem_product_count,pcqv_no_order,4.7079,8,
0.5,3,q6_lineitem_product_count,pcqv_no_stats,6.0419,8,
0.5,3,q6_lineitem_product_count,pcqv_greedy,5.4981,8,
0.5,3,q6_lineitem_product_count,pcqv_forced,5.7173,8,
0.5,3,q6_lineitem_product_count,pcqv,6.2689,8,
0.5,3,q6_lineitem_product_count,oracle_order,6.2224,8,
0.5,3,q7_customer_summary,oblivious_forced,1.1366,46,
0.5,3,q7_customer_summary,pcqv_no_order,0.909,46,
0.5,3,q7_customer_summary,pcqv_no_stats,0.6429,46,
0.5,3,q7_customer_summary,pcqv_greedy,0.5867,46,
0.5,3,q7_customer_summary,pcqv_forced,0.6016,46,
0.5,3,q7_customer_summary,pcqv,0.6429,46,
0.5,3,q7_customer_summary,oracle_order,0.557,46,
0.5,3,q8_sensitive_product_scan,oblivious_forced,7.6154,34,
0.5,3,q8_sensitive_product_scan,pcqv_no_order,3.496,34,
0.5,3,q8_sensitive_product_scan,pcqv_no_stats,4.8265,34,
0.5,3,q8_sensitive_product_scan,pcqv_greedy,2.6689,34,
0.5,3,q8_sensitive_product_scan,pcqv_forced,2.5663,34,
0.5,3,q8_sensitive_product_scan,pcqv,2.825,34,
0.5,3,q8_sensitive_product_scan,oracle_order,3.2212,34,
0.5,3,q9_ticket_topic_segments,oblivious_forced,1.4426,25,
0.5,3,q9_ticket_topic_segments,pcqv_no_order,1.3146,25,
0.5,3,q9_ticket_topic_segments,pcqv_no_stats,1.3234,25,
0.5,3,q9_ticket_topic_segments,pcqv_greedy,1.7114,25,
0.5,3,q9_ticket_topic_segments,pcqv_forced,1.3598,25,
0.5,3,q9_ticket_topic_segments,pcqv,1.2634,25,
0.5,3,q9_ticket_topic_segments,oracle_order,1.2637,25,
0.5,3,q10_acl_customer_rows,oblivious_forced,0.4513,179,
0.5,3,q10_acl_customer_rows,pcqv_no_order,0.4151,179,
0.5,3,q10_acl_customer_rows,pcqv_no_stats,0.4277,179,
0.5,3,q10_acl_customer_rows,pcqv_greedy,0.4052,179,
0.5,3,q10_acl_customer_rows,pcqv_forced,0.4432,179,
0.5,3,q10_acl_customer_rows,pcqv,0.4245,179,
0.5,3,q10_acl_customer_rows,oracle_order,0.4386,179,
0.5,3,q11_order_ticket_bridge,oblivious_forced,2.0379,30,
0.5,3,q11_order_ticket_bridge,pcqv_no_order,2.4555,30,
0.5,3,q11_order_ticket_bridge,pcqv_no_stats,2.0912,30,
0.5,3,q11_order_ticket_bridge,pcqv_greedy,2.0142,30,
0.5,3,q11_order_ticket_bridge,pcqv_forced,2.0155,30,
0.5,3,q11_order_ticket_bridge,pcqv,2.4116,30,
0.5,3,q11_order_ticket_bridge,oracle_order,2.0977,30,
0.5,3,q12_product_segment_revenue,oblivious_forced,4.7102,27,
0.5,3,q12_product_segment_revenue,pcqv_no_order,7.0703,27,
0.5,3,q12_product_segment_revenue,pcqv_no_stats,4.1026,27,
0.5,3,q12_product_segment_revenue,pcqv_greedy,6.6675,27,
0.5,3,q12_product_segment_revenue,pcqv_forced,4.0737,27,
0.5,3,q12_product_segment_revenue,pcqv,7.5381,27,
0.5,3,q12_product_segment_revenue,oracle_order,3.9066,27,
0.5,3,q13_order_lineitem_rows,oblivious_forced,4.1255,300,
0.5,3,q13_order_lineitem_rows,pcqv_no_order,4.7182,300,
0.5,3,q13_order_lineitem_rows,pcqv_no_stats,4.4356,300,
0.5,3,q13_order_lineitem_rows,pcqv_greedy,4.4364,300,
0.5,3,q13_order_lineitem_rows,pcqv_forced,4.5933,300,
0.5,3,q13_order_lineitem_rows,pcqv,4.3477,300,
0.5,3,q13_order_lineitem_rows,oracle_order,4.7994,300,
0.5,3,q14_support_owner_rows,oblivious_forced,1.4472,300,
0.5,3,q14_support_owner_rows,pcqv_no_order,1.8847,300,
0.5,3,q14_support_owner_rows,pcqv_no_stats,1.8342,300,
0.5,3,q14_support_owner_rows,pcqv_greedy,1.6192,300,
0.5,3,q14_support_owner_rows,pcqv_forced,1.7153,300,
0.5,3,q14_support_owner_rows,pcqv,1.6781,300,
0.5,3,q14_support_owner_rows,oracle_order,1.5782,300,
0.5,3,q15_clearance_product_rows,oblivious_forced,1.1755,41,
0.5,3,q15_clearance_product_rows,pcqv_no_order,1.2034,41,
0.5,3,q15_clearance_product_rows,pcqv_no_stats,1.2239,41,
0.5,3,q15_clearance_product_rows,pcqv_greedy,1.183,41,
0.5,3,q15_clearance_product_rows,pcqv_forced,1.2631,41,
0.5,3,q15_clearance_product_rows,pcqv,2.1988,41,
0.5,3,q15_clearance_product_rows,oracle_order,1.5421,41,
0.5,3,q16_region_product_mix,oblivious_forced,5.9404,54,
0.5,3,q16_region_product_mix,pcqv_no_order,5.219,54,
0.5,3,q16_region_product_mix,pcqv_no_stats,5.7838,54,
0.5,3,q16_region_product_mix,pcqv_greedy,6.6485,54,
0.5,3,q16_region_product_mix,pcqv_forced,5.511,54,
0.5,3,q16_region_product_mix,pcqv,4.5513,54,
0.5,3,q16_region_product_mix,oracle_order,5.845,54,
0.5,5,q1_customer_orders,oblivious_forced,5.0576,179,
0.5,5,q1_customer_orders,pcqv_no_order,1.7536,179,
0.5,5,q1_customer_orders,pcqv_no_stats,1.8517,179,
0.5,5,q1_customer_orders,pcqv_greedy,1.7159,179,
0.5,5,q1_customer_orders,pcqv_forced,1.7746,179,
0.5,5,q1_customer_orders,pcqv,1.7933,179,
0.5,5,q1_customer_orders,oracle_order,2.0466,179,
0.5,5,q2_revenue_by_product,oblivious_forced,6.8876,13,
0.5,5,q2_revenue_by_product,pcqv_no_order,3.2042,13,
0.5,5,q2_revenue_by_product,pcqv_no_stats,2.9353,13,
0.5,5,q2_revenue_by_product,pcqv_greedy,2.8405,13,
0.5,5,q2_revenue_by_product,pcqv_forced,4.2246,13,
0.5,5,q2_revenue_by_product,pcqv,4.4973,13,
0.5,5,q2_revenue_by_product,oracle_order,4.28,13,
0.5,5,q3_support_tickets,oblivious_forced,0.8896,180,
0.5,5,q3_support_tickets,pcqv_no_order,0.7028,180,
0.5,5,q3_support_tickets,pcqv_no_stats,0.7185,180,
0.5,5,q3_support_tickets,pcqv_greedy,0.7506,180,
0.5,5,q3_support_tickets,pcqv_forced,0.7078,180,
0.5,5,q3_support_tickets,pcqv,0.6953,180,
0.5,5,q3_support_tickets,oracle_order,0.659,180,
0.5,5,q4_revenue_by_region,oblivious_forced,8.3053,6,
0.5,5,q4_revenue_by_region,pcqv_no_order,7.3988,6,
0.5,5,q4_revenue_by_region,pcqv_no_stats,6.9486,6,
0.5,5,q4_revenue_by_region,pcqv_greedy,6.4834,6,
0.5,5,q4_revenue_by_region,pcqv_forced,6.4597,6,
0.5,5,q4_revenue_by_region,pcqv,7.2205,6,
0.5,5,q4_revenue_by_region,oracle_order,7.6017,6,
0.5,5,q5_high_value_segments,oblivious_forced,2.3792,5,
0.5,5,q5_high_value_segments,pcqv_no_order,2.4254,5,
0.5,5,q5_high_value_segments,pcqv_no_stats,1.9703,5,
0.5,5,q5_high_value_segments,pcqv_greedy,2.5042,5,
0.5,5,q5_high_value_segments,pcqv_forced,2.5151,5,
0.5,5,q5_high_value_segments,pcqv,2.3652,5,
0.5,5,q5_high_value_segments,oracle_order,2.5534,5,
0.5,5,q6_lineitem_product_count,oblivious_forced,8.7466,8,
0.5,5,q6_lineitem_product_count,pcqv_no_order,7.9524,8,
0.5,5,q6_lineitem_product_count,pcqv_no_stats,6.4375,8,
0.5,5,q6_lineitem_product_count,pcqv_greedy,7.5702,8,
0.5,5,q6_lineitem_product_count,pcqv_forced,6.7036,8,
0.5,5,q6_lineitem_product_count,pcqv,7.3794,8,
0.5,5,q6_lineitem_product_count,oracle_order,7.7386,8,
0.5,5,q7_customer_summary,oblivious_forced,2.5857,46,
0.5,5,q7_customer_summary,pcqv_no_order,0.6917,46,
0.5,5,q7_customer_summary,pcqv_no_stats,0.6566,46,
0.5,5,q7_customer_summary,pcqv_greedy,0.702,46,
0.5,5,q7_customer_summary,pcqv_forced,1.0704,46,
0.5,5,q7_customer_summary,pcqv,1.073,46,
0.5,5,q7_customer_summary,oracle_order,0.7816,46,
0.5,5,q8_sensitive_product_scan,oblivious_forced,9.5895,34,
0.5,5,q8_sensitive_product_scan,pcqv_no_order,5.8265,34,
0.5,5,q8_sensitive_product_scan,pcqv_no_stats,8.2959,34,
0.5,5,q8_sensitive_product_scan,pcqv_greedy,7.9608,34,
0.5,5,q8_sensitive_product_scan,pcqv_forced,5.2434,34,
0.5,5,q8_sensitive_product_scan,pcqv,5.9132,34,
0.5,5,q8_sensitive_product_scan,oracle_order,5.4817,34,
0.5,5,q9_ticket_topic_segments,oblivious_forced,1.433,25,
0.5,5,q9_ticket_topic_segments,pcqv_no_order,1.4545,25,
0.5,5,q9_ticket_topic_segments,pcqv_no_stats,1.9403,25,
0.5,5,q9_ticket_topic_segments,pcqv_greedy,1.6979,25,
0.5,5,q9_ticket_topic_segments,pcqv_forced,1.4673,25,
0.5,5,q9_ticket_topic_segments,pcqv,1.458,25,
0.5,5,q9_ticket_topic_segments,oracle_order,1.4191,25,
0.5,5,q10_acl_customer_rows,oblivious_forced,0.5083,182,
0.5,5,q10_acl_customer_rows,pcqv_no_order,0.5074,182,
0.5,5,q10_acl_customer_rows,pcqv_no_stats,0.502,182,
0.5,5,q10_acl_customer_rows,pcqv_greedy,0.4841,182,
0.5,5,q10_acl_customer_rows,pcqv_forced,0.4745,182,
0.5,5,q10_acl_customer_rows,pcqv,0.4884,182,
0.5,5,q10_acl_customer_rows,oracle_order,0.5004,182,
0.5,5,q11_order_ticket_bridge,oblivious_forced,2.1867,30,
0.5,5,q11_order_ticket_bridge,pcqv_no_order,2.1068,30,
0.5,5,q11_order_ticket_bridge,pcqv_no_stats,1.9567,30,
0.5,5,q11_order_ticket_bridge,pcqv_greedy,2.1761,30,
0.5,5,q11_order_ticket_bridge,pcqv_forced,2.2619,30,
0.5,5,q11_order_ticket_bridge,pcqv,2.1575,30,
0.5,5,q11_order_ticket_bridge,oracle_order,2.1756,30,
0.5,5,q12_product_segment_revenue,oblivious_forced,4.1887,27,
0.5,5,q12_product_segment_revenue,pcqv_no_order,9.6384,27,
0.5,5,q12_product_segment_revenue,pcqv_no_stats,4.3286,27,
0.5,5,q12_product_segment_revenue,pcqv_greedy,9.3121,27,
0.5,5,q12_product_segment_revenue,pcqv_forced,4.5077,27,
0.5,5,q12_product_segment_revenue,pcqv,9.6431,27,
0.5,5,q12_product_segment_revenue,oracle_order,4.6478,27,
0.5,5,q13_order_lineitem_rows,oblivious_forced,4.6171,300,
0.5,5,q13_order_lineitem_rows,pcqv_no_order,4.0752,300,
0.5,5,q13_order_lineitem_rows,pcqv_no_stats,4.0459,300,
0.5,5,q13_order_lineitem_rows,pcqv_greedy,4.7664,300,
0.5,5,q13_order_lineitem_rows,pcqv_forced,4.5917,300,
0.5,5,q13_order_lineitem_rows,pcqv,4.9243,300,
0.5,5,q13_order_lineitem_rows,oracle_order,4.4499,300,
0.5,5,q14_support_owner_rows,oblivious_forced,1.5173,300,
0.5,5,q14_support_owner_rows,pcqv_no_order,1.5846,300,
0.5,5,q14_support_owner_rows,pcqv_no_stats,1.5886,300,
0.5,5,q14_support_owner_rows,pcqv_greedy,1.5688,300,
0.5,5,q14_support_owner_rows,pcqv_forced,1.6135,300,
0.5,5,q14_support_owner_rows,pcqv,1.5905,300,
0.5,5,q14_support_owner_rows,oracle_order,1.6223,300,
0.5,5,q15_clearance_product_rows,oblivious_forced,2.4783,41,
0.5,5,q15_clearance_product_rows,pcqv_no_order,1.9323,41,
0.5,5,q15_clearance_product_rows,pcqv_no_stats,1.9544,41,
0.5,5,q15_clearance_product_rows,pcqv_greedy,1.9379,41,
0.5,5,q15_clearance_product_rows,pcqv_forced,1.979,41,
0.5,5,q15_clearance_product_rows,pcqv,1.9702,41,
0.5,5,q15_clearance_product_rows,oracle_order,1.7959,41,
0.5,5,q16_region_product_mix,oblivious_forced,6.0692,54,
0.5,5,q16_region_product_mix,pcqv_no_order,5.5702,54,
0.5,5,q16_region_product_mix,pcqv_no_stats,6.7527,54,
0.5,5,q16_region_product_mix,pcqv_greedy,10.1918,54,
0.5,5,q16_region_product_mix,pcqv_forced,6.2705,54,
0.5,5,q16_region_product_mix,pcqv,5.322,54,
0.5,5,q16_region_product_mix,oracle_order,5.9767,54,
0.5,6,q1_customer_orders,oblivious_forced,4.6863,179,
0.5,6,q1_customer_orders,pcqv_no_order,2.0703,179,
0.5,6,q1_customer_orders,pcqv_no_stats,2.1553,179,
0.5,6,q1_customer_orders,pcqv_greedy,2.2363,179,
0.5,6,q1_customer_orders,pcqv_forced,1.8735,179,
0.5,6,q1_customer_orders,pcqv,1.7886,179,
0.5,6,q1_customer_orders,oracle_order,1.7884,179,
0.5,6,q2_revenue_by_product,oblivious_forced,7.0916,11,
0.5,6,q2_revenue_by_product,pcqv_no_order,2.8448,11,
0.5,6,q2_revenue_by_product,pcqv_no_stats,2.7241,11,
0.5,6,q2_revenue_by_product,pcqv_greedy,2.7958,11,
0.5,6,q2_revenue_by_product,pcqv_forced,4.0077,11,
0.5,6,q2_revenue_by_product,pcqv,4.2962,11,
0.5,6,q2_revenue_by_product,oracle_order,4.1763,11,
0.5,6,q3_support_tickets,oblivious_forced,0.6563,180,
0.5,6,q3_support_tickets,pcqv_no_order,0.6334,180,
0.5,6,q3_support_tickets,pcqv_no_stats,0.6156,180,
0.5,6,q3_support_tickets,pcqv_greedy,0.6953,180,
0.5,6,q3_support_tickets,pcqv_forced,0.5851,180,
0.5,6,q3_support_tickets,pcqv,0.6094,180,
0.5,6,q3_support_tickets,oracle_order,0.5949,180,
0.5,6,q4_revenue_by_region,oblivious_forced,8.253,6,
0.5,6,q4_revenue_by_region,pcqv_no_order,6.7261,6,
0.5,6,q4_revenue_by_region,pcqv_no_stats,6.7392,6,
0.5,6,q4_revenue_by_region,pcqv_greedy,8.1607,6,
0.5,6,q4_revenue_by_region,pcqv_forced,7.2623,6,
0.5,6,q4_revenue_by_region,pcqv,7.0455,6,
0.5,6,q4_revenue_by_region,oracle_order,7.1431,6,
0.5,6,q5_high_value_segments,oblivious_forced,2.3676,5,
0.5,6,q5_high_value_segments,pcqv_no_order,2.3439,5,
0.5,6,q5_high_value_segments,pcqv_no_stats,1.7103,5,
0.5,6,q5_high_value_segments,pcqv_greedy,2.3471,5,
0.5,6,q5_high_value_segments,pcqv_forced,2.3026,5,
0.5,6,q5_high_value_segments,pcqv,2.6834,5,
0.5,6,q5_high_value_segments,oracle_order,2.4835,5,
0.5,6,q6_lineitem_product_count,oblivious_forced,8.9032,8,
0.5,6,q6_lineitem_product_count,pcqv_no_order,7.0976,8,
0.5,6,q6_lineitem_product_count,pcqv_no_stats,6.9366,8,
0.5,6,q6_lineitem_product_count,pcqv_greedy,7.6604,8,
0.5,6,q6_lineitem_product_count,pcqv_forced,6.6356,8,
0.5,6,q6_lineitem_product_count,pcqv,6.7235,8,
0.5,6,q6_lineitem_product_count,oracle_order,6.1993,8,
0.5,6,q7_customer_summary,oblivious_forced,1.7304,0,
0.5,6,q7_customer_summary,pcqv_no_order,0.8307,0,
0.5,6,q7_customer_summary,pcqv_no_stats,0.6964,0,
0.5,6,q7_customer_summary,pcqv_greedy,0.6439,0,
0.5,6,q7_customer_summary,pcqv_forced,0.7605,0,
0.5,6,q7_customer_summary,pcqv,0.7337,0,
0.5,6,q7_customer_summary,oracle_order,0.6677,0,
0.5,6,q8_sensitive_product_scan,oblivious_forced,9.959,34,
0.5,6,q8_sensitive_product_scan,pcqv_no_order,5.1835,34,
0.5,6,q8_sensitive_product_scan,pcqv_no_stats,5.2407,34,
0.5,6,q8_sensitive_product_scan,pcqv_greedy,5.2875,34,
0.5,6,q8_sensitive_product_scan,pcqv_forced,5.2596,34,
0.5,6,q8_sensitive_product_scan,pcqv,5.3517,34,
0.5,6,q8_sensitive_product_scan,oracle_order,5.3009,34,
0.5,6,q9_ticket_topic_segments,oblivious_forced,1.4117,25,
0.5,6,q9_ticket_topic_segments,pcqv_no_order,1.4334,25,
0.5,6,q9_ticket_topic_segments,pcqv_no_stats,1.5314,25,
0.5,6,q9_ticket_topic_segments,pcqv_greedy,1.5227,25,
0.5,6,q9_ticket_topic_segments,pcqv_forced,1.3943,25,
0.5,6,q9_ticket_topic_segments,pcqv,1.4656,25,
0.5,6,q9_ticket_topic_segments,oracle_order,1.534,25,
0.5,6,q10_acl_customer_rows,oblivious_forced,0.5009,182,
0.5,6,q10_acl_customer_rows,pcqv_no_order,0.4826,182,
0.5,6,q10_acl_customer_rows,pcqv_no_stats,0.8085,182,
0.5,6,q10_acl_customer_rows,pcqv_greedy,0.4825,182,
0.5,6,q10_acl_customer_rows,pcqv_forced,0.462,182,
0.5,6,q10_acl_customer_rows,pcqv,0.53,182,
0.5,6,q10_acl_customer_rows,oracle_order,0.4895,182,
0.5,6,q11_order_ticket_bridge,oblivious_forced,2.1586,9,
0.5,6,q11_order_ticket_bridge,pcqv_no_order,2.6933,9,
0.5,6,q11_order_ticket_bridge,pcqv_no_stats,1.9449,9,
0.5,6,q11_order_ticket_bridge,pcqv_greedy,2.1884,9,
0.5,6,q11_order_ticket_bridge,pcqv_forced,2.1133,9,
0.5,6,q11_order_ticket_bridge,pcqv,2.3084,9,
0.5,6,q11_order_ticket_bridge,oracle_order,2.389,9,
0.5,6,q12_product_segment_revenue,oblivious_forced,4.4141,25,
0.5,6,q12_product_segment_revenue,pcqv_no_order,9.7807,25,
0.5,6,q12_product_segment_revenue,pcqv_no_stats,4.9709,25,
0.5,6,q12_product_segment_revenue,pcqv_greedy,10.5847,25,
0.5,6,q12_product_segment_revenue,pcqv_forced,5.5896,25,
0.5,6,q12_product_segment_revenue,pcqv,10.2553,25,
0.5,6,q12_product_segment_revenue,oracle_order,4.1319,25,
0.5,6,q13_order_lineitem_rows,oblivious_forced,4.0871,300,
0.5,6,q13_order_lineitem_rows,pcqv_no_order,4.0029,300,
0.5,6,q13_order_lineitem_rows,pcqv_no_stats,4.492,300,
0.5,6,q13_order_lineitem_rows,pcqv_greedy,4.3993,300,
0.5,6,q13_order_lineitem_rows,pcqv_forced,4.41,300,
0.5,6,q13_order_lineitem_rows,pcqv,4.1708,300,
0.5,6,q13_order_lineitem_rows,oracle_order,4.17,300,
0.5,6,q14_support_owner_rows,oblivious_forced,1.4961,300,
0.5,6,q14_support_owner_rows,pcqv_no_order,2.1302,300,
0.5,6,q14_support_owner_rows,pcqv_no_stats,1.6329,300,
0.5,6,q14_support_owner_rows,pcqv_greedy,1.8118,300,
0.5,6,q14_support_owner_rows,pcqv_forced,1.6082,300,
0.5,6,q14_support_owner_rows,pcqv,1.5993,300,
0.5,6,q14_support_owner_rows,oracle_order,1.8903,300,
0.5,6,q15_clearance_product_rows,oblivious_forced,2.1189,41,
0.5,6,q15_clearance_product_rows,pcqv_no_order,2.0895,41,
0.5,6,q15_clearance_product_rows,pcqv_no_stats,1.9133,41,
0.5,6,q15_clearance_product_rows,pcqv_greedy,2.4878,41,
0.5,6,q15_clearance_product_rows,pcqv_forced,2.8602,41,
0.5,6,q15_clearance_product_rows,pcqv,2.7324,41,
0.5,6,q15_clearance_product_rows,oracle_order,2.0518,41,
0.5,6,q16_region_product_mix,oblivious_forced,6.6708,38,
0.5,6,q16_region_product_mix,pcqv_no_order,6.1417,38,
0.5,6,q16_region_product_mix,pcqv_no_stats,6.1326,38,
0.5,6,q16_region_product_mix,pcqv_greedy,12.035,38,
0.5,6,q16_region_product_mix,pcqv_forced,7.6681,38,
0.5,6,q16_region_product_mix,pcqv,6.2324,38,
0.5,6,q16_region_product_mix,oracle_order,5.534,38,
