selectivity,complexity,query,alias,table,estimated_policy_cardinality,actual_policy_cardinality,policy_q_error,estimated_without_policy,actual_without_policy,plain_q_error
0.025,1,q1_customer_orders,l,lineitem,300.0,297,1.0101,12000.0,12000,1.0
0.025,1,q1_customer_orders,o,orders,28.75,49,1.7043,1150.0,1809,1.573
0.025,1,q1_customer_orders,c,customers,12.0,18,1.5,480.0,504,1.05
0.025,1,q2_revenue_by_product,l,lineitem,300.0,297,1.0101,12000.0,12000,1.0
0.025,1,q2_revenue_by_product,p,products,2.25,2,1.125,90.0,97,1.0778
0.025,1,q2_revenue_by_product,o,orders,82.5,76,1.0855,3300.0,3322,1.0067
0.025,1,q3_support_tickets,t,tickets,20.0,16,1.25,800.0,787,1.0165
0.025,1,q3_support_tickets,c,customers,30.0,40,1.3333,1200.0,1200,1.0
0.025,1,q4_revenue_by_region,l,lineitem,300.0,297,1.0101,12000.0,12000,1.0
0.025,1,q4_revenue_by_region,o,orders,125.0,117,1.0684,5000.0,5000,1.0
0.025,1,q4_revenue_by_region,c,customers,30.0,40,1.3333,1200.0,1200,1.0
0.025,1,q5_high_value_segments,o,orders,87.5,78,1.1218,3500.0,3498,1.0006
0.025,1,q5_high_value_segments,c,customers,30.0,40,1.3333,1200.0,1200,1.0
0.025,1,q6_lineitem_product_count,l,lineitem,240.0,236,1.0169,9600.0,9586,1.0015
0.025,1,q6_lineitem_product_count,p,products,6.675,9,1.3483,267.0,267,1.0
0.025,1,q6_lineitem_product_count,o,orders,125.0,117,1.0684,5000.0,5000,1.0
0.025,1,q6_lineitem_product_count,c,customers,30.0,40,1.3333,1200.0,1200,1.0
0.025,1,q7_customer_summary,o,orders,125.0,117,1.0684,5000.0,5000,1.0
0.025,1,q7_customer_summary,c,customers,4.8,6,1.25,192.0,207,1.0781
0.025,1,q8_sensitive_product_scan,l,lineitem,300.0,297,1.0101,12000.0,12000,1.0
0.025,1,q8_sensitive_product_scan,p,products,6.15,11,1.7886,246.0,283,1.1504
0.025,1,q9_ticket_topic_segments,t,tickets,56.875,51,1.1152,2275.0,2288,1.0057
0.025,1,q9_ticket_topic_segments,c,customers,25.8,38,1.4729,1032.0,1168,1.1318
0.025,1,q10_acl_customer_rows,c,customers,22.2,16,1.3875,888.0,548,1.6204
0.025,1,q11_order_ticket_bridge,o,orders,38.75,64,1.6516,1550.0,2515,1.6226
0.025,1,q11_order_ticket_bridge,c,customers,30.0,40,1.3333,1200.0,1200,1.0
0.025,1,q11_order_ticket_bridge,t,tickets,37.5,30,1.25,1500.0,1468,1.0218
0.025,1,q12_product_segment_revenue,o,orders,125.0,117,1.0684,5000.0,5000,1.0
0.025,1,q12_product_segment_revenue,c,customers,18.0,25,1.3889,720.0,729,1.0125
0.025,1,q12_product_segment_revenue,l,lineitem,300.0,297,1.0101,12000.0,12000,1.0
0.025,1,q12_product_segment_revenue,p,products,6.9,9,1.3043,276.0,281,1.0181
0.025,1,q13_order_lineitem_rows,o,orders,70.0,66,1.0606,2800.0,2781,1.0068
0.025,1,q13_order_lineitem_rows,l,lineitem,213.0,236,1.108,8520.0,9745,1.1438
0.025,1,q14_support_owner_rows,t,tickets,50.0,46,1.087,2000.0,1993,1.0035
0.025,1,q14_support_owner_rows,c,customers,30.0,40,1.3333,1200.0,1200,1.0
0.025,1,q15_clearance_product_rows,p,products,2.55,4,1.5686,102.0,102,1.0
0.025,1,q15_clearance_product_rows,l,lineitem,240.0,224,1.0714,9600.0,9562,1.004
0.025,1,q16_region_product_mix,c,customers,30.0,40,1.3333,1200.0,1200,1.0
0.025,1,q16_region_product_mix,o,orders,93.75,92,1.019,3750.0,3824,1.0197
0.025,1,q16_region_product_mix,l,lineitem,300.0,297,1.0101,12000.0,12000,1.0
0.025,1,q16_region_product_mix,p,products,6.3,11,1.746,252.0,289,1.1468
0.025,2,q1_customer_orders,l,lineitem,300.0,297,1.0101,12000.0,12000,1.0
0.025,2,q1_customer_orders,o,orders,25.3,45,1.7787,1150.0,1809,1.573
0.025,2,q1_customer_orders,c,customers,1.02,0,1.02,480.0,504,1.05
0.025,2,q2_revenue_by_product,l,lineitem,300.0,297,1.0101,12000.0,12000,1.0
0.025,2,q2_revenue_by_product,p,products,2.07,0,2.07,90.0,97,1.0778
0.025,2,q2_revenue_by_product,o,orders,72.6,68,1.0676,3300.0,3322,1.0067
0.025,2,q3_support_tickets,t,tickets,16.0,13,1.2308,800.0,787,1.0165
0.025,2,q3_support_tickets,c,customers,2.55,0,2.55,1200.0,1200,1.0
0.025,2,q4_revenue_by_region,l,lineitem,300.0,297,1.0101,12000.0,12000,1.0
0.025,2,q4_revenue_by_region,o,orders,110.0,106,1.0377,5000.0,5000,1.0
0.025,2,q4_revenue_by_region,c,customers,2.55,0,2.55,1200.0,1200,1.0
0.025,2,q5_high_value_segments,o,orders,77.0,74,1.0405,3500.0,3498,1.0006
0.025,2,q5_high_value_segments,c,customers,2.55,0,2.55,1200.0,1200,1.0
0.025,2,q6_lineitem_product_count,l,lineitem,240.0,236,1.0169,9600.0,9586,1.0015
0.025,2,q6_lineitem_product_count,p,products,6.141,7,1.1399,267.0,267,1.0
0.025,2,q6_lineitem_product_count,o,orders,110.0,106,1.0377,5000.0,5000,1.0
0.025,2,q6_lineitem_product_count,c,customers,2.55,0,2.55,1200.0,1200,1.0
0.025,2,q7_customer_summary,o,orders,110.0,106,1.0377,5000.0,5000,1.0
0.025,2,q7_customer_summary,c,customers,1.0,0,1.0,192.0,207,1.0781
0.025,2,q8_sensitive_product_scan,l,lineitem,300.0,297,1.0101,12000.0,12000,1.0
0.025,2,q8_sensitive_product_scan,p,products,5.658,9,1.5907,246.0,283,1.1504
0.025,2,q9_ticket_topic_segments,t,tickets,45.5,40,1.1375,2275.0,2288,1.0057
0.025,2,q9_ticket_topic_segments,c,customers,2.193,0,2.193,1032.0,1168,1.1318
0.025,2,q10_acl_customer_rows,c,customers,1.887,0,1.887,888.0,548,1.6204
0.025,2,q11_order_ticket_bridge,o,orders,34.1,60,1.7595,1550.0,2515,1.6226
0.025,2,q11_order_ticket_bridge,c,customers,2.55,0,2.55,1200.0,1200,1.0
0.025,2,q11_order_ticket_bridge,t,tickets,30.0,18,1.6667,1500.0,1468,1.0218
0.025,2,q12_product_segment_revenue,o,orders,110.0,106,1.0377,5000.0,5000,1.0
0.025,2,q12_product_segment_revenue,c,customers,1.53,0,1.53,720.0,729,1.0125
0.025,2,q12_product_segment_revenue,l,lineitem,300.0,297,1.0101,12000.0,12000,1.0
0.025,2,q12_product_segment_revenue,p,products,6.348,9,1.4178,276.0,281,1.0181
0.025,2,q13_order_lineitem_rows,o,orders,61.6,66,1.0714,2800.0,2781,1.0068
0.025,2,q13_order_lineitem_rows,l,lineitem,213.0,236,1.108,8520.0,9745,1.1438
0.025,2,q14_support_owner_rows,t,tickets,40.0,35,1.1429,2000.0,1993,1.0035
0.025,2,q14_support_owner_rows,c,customers,2.55,0,2.55,1200.0,1200,1.0
0.025,2,q15_clearance_product_rows,p,products,2.346,4,1.705,102.0,102,1.0
0.025,2,q15_clearance_product_rows,l,lineitem,240.0,224,1.0714,9600.0,9562,1.004
0.025,2,q16_region_product_mix,c,customers,2.55,0,2.55,1200.0,1200,1.0
0.025,2,q16_region_product_mix,o,orders,82.5,82,1.0061,3750.0,3824,1.0197
0.025,2,q16_region_product_mix,l,lineitem,300.0,297,1.0101,12000.0,12000,1.0
0.025,2,q16_region_product_mix,p,products,5.796,9,1.5528,252.0,289,1.1468
0.025,3,q1_customer_orders,l,lineitem,300.0,297,1.0101,12000.0,12000,1.0
0.025,3,q1_customer_orders,o,orders,6.831,8,1.1711,1150.0,1809,1.573
0.025,3,q1_customer_orders,c,customers,1.02,0,1.02,480.0,504,1.05
0.025,3,q2_revenue_by_product,l,lineitem,300.0,297,1.0101,12000.0,12000,1.0
0.025,3,q2_revenue_by_product,p,products,1.0,0,1.0,90.0,97,1.0778
0.025,3,q2_revenue_by_product,o,orders,19.602,14,1.4001,3300.0,3322,1.0067
0.025,3,q3_support_tickets,t,tickets,11.84,9,1.3156,800.0,787,1.0165
0.025,3,q3_support_tickets,c,customers,2.55,0,2.55,1200.0,1200,1.0
0.025,3,q4_revenue_by_region,l,lineitem,300.0,297,1.0101,12000.0,12000,1.0
0.025,3,q4_revenue_by_region,o,orders,29.7,21,1.4143,5000.0,5000,1.0
0.025,3,q4_revenue_by_region,c,customers,2.55,0,2.55,1200.0,1200,1.0
0.025,3,q5_high_value_segments,o,orders,20.79,17,1.2229,3500.0,3498,1.0006
0.025,3,q5_high_value_segments,c,customers,2.55,0,2.55,1200.0,1200,1.0
0.025,3,q6_lineitem_product_count,l,lineitem,240.0,236,1.0169,9600.0,9586,1.0015
0.025,3,q6_lineitem_product_count,p,products,2.047,1,2.047,267.0,267,1.0
0.025,3,q6_lineitem_product_count,o,orders,29.7,21,1.4143,5000.0,5000,1.0
0.025,3,q6_lineitem_product_count,c,customers,2.55,0,2.55,1200.0,1200,1.0
0.025,3,q7_customer_summary,o,orders,29.7,21,1.4143,5000.0,5000,1.0
0.025,3,q7_customer_summary,c,customers,1.0,0,1.0,192.0,207,1.0781
0.025,3,q8_sensitive_product_scan,l,lineitem,300.0,297,1.0101,12000.0,12000,1.0
0.025,3,q8_sensitive_product_scan,p,products,1.886,1,1.886,246.0,283,1.1504
0.025,3,q9_ticket_topic_segments,t,tickets,33.67,31,1.0861,2275.0,2288,1.0057
0.025,3,q9_ticket_topic_segments,c,customers,2.193,0,2.193,1032.0,1168,1.1318
0.025,3,q10_acl_customer_rows,c,customers,1.887,0,1.887,888.0,548,1.6204
0.025,3,q11_order_ticket_bridge,o,orders,9.207,16,1.7378,1550.0,2515,1.6226
0.025,3,q11_order_ticket_bridge,c,customers,2.55,0,2.55,1200.0,1200,1.0
0.025,3,q11_order_ticket_bridge,t,tickets,22.2,15,1.48,1500.0,1468,1.0218
0.025,3,q12_product_segment_revenue,o,orders,29.7,21,1.4143,5000.0,5000,1.0
0.025,3,q12_product_segment_revenue,c,customers,1.53,0,1.53,720.0,729,1.0125
0.025,3,q12_product_segment_revenue,l,lineitem,300.0,297,1.0101,12000.0,12000,1.0
0.025,3,q12_product_segment_revenue,p,products,2.116,1,2.116,276.0,281,1.0181
0.025,3,q13_order_lineitem_rows,o,orders,16.632,10,1.6632,2800.0,2781,1.0068
0.025,3,q13_order_lineitem_rows,l,lineitem,213.0,236,1.108,8520.0,9745,1.1438
0.025,3,q14_support_owner_rows,t,tickets,29.6,27,1.0963,2000.0,1993,1.0035
0.025,3,q14_support_owner_rows,c,customers,2.55,0,2.55,1200.0,1200,1.0
0.025,3,q15_clearance_product_rows,p,products,1.0,1,1.0,102.0,102,1.0
0.025,3,q15_clearance_product_rows,l,lineitem,240.0,224,1.0714,9600.0,9562,1.004
0.025,3,q16_region_product_mix,c,customers,2.55,0,2.55,1200.0,1200,1.0
0.025,3,q16_region_product_mix,o,orders,22.275,14,1.5911,3750.0,3824,1.0197
0.025,3,q16_region_product_mix,l,lineitem,300.0,297,1.0101,12000.0,12000,1.0
0.025,3,q16_region_product_mix,p,products,1.932,1,1.932,252.0,289,1.1468
0.025,4,q1_customer_orders,l,lineitem,264.0,263,1.0038,12000.0,12000,1.0
0.025,4,q1_customer_orders,o,orders,1.15,0,1.15,1150.0,1809,1.573
0.025,4,q1_customer_orders,c,customers,1.02,0,1.02,480.0,504,1.05
0.025,4,q2_revenue_by_product,l,lineitem,264.0,263,1.0038,12000.0,12000,1.0
0.025,4,q2_revenue_by_product,p,products,1.0,0,1.0,90.0,97,1.0778
0.025,4,q2_revenue_by_product,o,orders,3.3,0,3.3,3300.0,3322,1.0067
0.025,4,q3_support_tickets,t,tickets,11.84,9,1.3156,800.0,787,1.0165
0.025,4,q3_support_tickets,c,customers,2.55,0,2.55,1200.0,1200,1.0
0.025,4,q4_revenue_by_region,l,lineitem,264.0,263,1.0038,12000.0,12000,1.0
0.025,4,q4_revenue_by_region,o,orders,5.0,0,5.0,5000.0,5000,1.0
0.025,4,q4_revenue_by_region,c,customers,2.55,0,2.55,1200.0,1200,1.0
0.025,4,q5_high_value_segments,o,orders,3.5,0,3.5,3500.0,3498,1.0006
0.025,4,q5_high_value_segments,c,customers,2.55,0,2.55,1200.0,1200,1.0
0.025,4,q6_lineitem_product_count,l,lineitem,211.2,209,1.0105,9600.0,9586,1.0015
0.025,4,q6_lineitem_product_count,p,products,2.047,1,2.047,267.0,267,1.0
0.025,4,q6_lineitem_product_count,o,orders,5.0,0,5.0,5000.0,5000,1.0
0.025,4,q6_lineitem_product_count,c,customers,2.55,0,2.55,1200.0,1200,1.0
0.025,4,q7_customer_summary,o,orders,5.0,0,5.0,5000.0,5000,1.0
0.025,4,q7_customer_summary,c,customers,1.0,0,1.0,192.0,207,1.0781
0.025,4,q8_sensitive_product_scan,l,lineitem,264.0,263,1.0038,12000.0,12000,1.0
0.025,4,q8_sensitive_product_scan,p,products,1.886,1,1.886,246.0,283,1.1504
0.025,4,q9_ticket_topic_segments,t,tickets,33.67,31,1.0861,2275.0,2288,1.0057
0.025,4,q9_ticket_topic_segments,c,customers,2.193,0,2.193,1032.0,1168,1.1318
0.025,4,q10_acl_customer_rows,c,customers,1.887,0,1.887,888.0,548,1.6204
0.025,4,q11_order_ticket_bridge,o,orders,1.55,0,1.55,1550.0,2515,1.6226
0.025,4,q11_order_ticket_bridge,c,customers,2.55,0,2.55,1200.0,1200,1.0
0.025,4,q11_order_ticket_bridge,t,tickets,22.2,15,1.48,1500.0,1468,1.0218
0.025,4,q12_product_segment_revenue,o,orders,5.0,0,5.0,5000.0,5000,1.0
0.025,4,q12_product_segment_revenue,c,customers,1.53,0,1.53,720.0,729,1.0125
0.025,4,q12_product_segment_revenue,l,lineitem,264.0,263,1.0038,12000.0,12000,1.0
0.025,4,q12_product_segment_revenue,p,products,2.116,1,2.116,276.0,281,1.0181
0.025,4,q13_order_lineitem_rows,o,orders,2.8,0,2.8,2800.0,2781,1.0068
0.025,4,q13_order_lineitem_rows,l,lineitem,187.44,208,1.1097,8520.0,9745,1.1438
0.025,4,q14_support_owner_rows,t,tickets,29.6,27,1.0963,2000.0,1993,1.0035
0.025,4,q14_support_owner_rows,c,customers,2.55,0,2.55,1200.0,1200,1.0
0.025,4,q15_clearance_product_rows,p,products,1.0,1,1.0,102.0,102,1.0
0.025,4,q15_clearance_product_rows,l,lineitem,211.2,201,1.0507,9600.0,9562,1.004
0.025,4,q16_region_product_mix,c,customers,2.55,0,2.55,1200.0,1200,1.0
0.025,4,q16_region_product_mix,o,orders,3.75,0,3.75,3750.0,3824,1.0197
0.025,4,q16_region_product_mix,l,lineitem,264.0,263,1.0038,12000.0,12000,1.0
0.025,4,q16_region_product_mix,p,products,1.932,1,1.932,252.0,289,1.1468
0.025,5,q1_customer_orders,l,lineitem,264.0,263,1.0038,12000.0,12000,1.0
0.025,5,q1_customer_orders,o,orders,1.15,0,1.15,1150.0,1809,1.573
0.025,5,q1_customer_orders,c,customers,1.428,0,1.428,480.0,504,1.05
0.025,5,q2_revenue_by_product,l,lineitem,264.0,263,1.0038,12000.0,12000,1.0
0.025,5,q2_revenue_by_product,p,products,1.0,0,1.0,90.0,97,1.0778
0.025,5,q2_revenue_by_product,o,orders,3.3,0,3.3,3300.0,3322,1.0067
0.025,5,q3_support_tickets,t,tickets,11.84,9,1.3156,800.0,787,1.0165
0.025,5,q3_support_tickets,c,customers,3.57,0,3.57,1200.0,1200,1.0
0.025,5,q4_revenue_by_region,l,lineitem,264.0,263,1.0038,12000.0,12000,1.0
0.025,5,q4_revenue_by_region,o,orders,5.0,0,5.0,5000.0,5000,1.0
0.025,5,q4_revenue_by_region,c,customers,3.57,0,3.57,1200.0,1200,1.0
0.025,5,q5_high_value_segments,o,orders,3.5,0,3.5,3500.0,3498,1.0006
0.025,5,q5_high_value_segments,c,customers,3.57,0,3.57,1200.0,1200,1.0
0.025,5,q6_lineitem_product_count,l,lineitem,211.2,209,1.0105,9600.0,9586,1.0015
0.025,5,q6_lineitem_product_count,p,products,2.047,1,2.047,267.0,267,1.0
0.025,5,q6_lineitem_product_count,o,orders,5.0,0,5.0,5000.0,5000,1.0
0.025,5,q6_lineitem_product_count,c,customers,3.57,0,3.57,1200.0,1200,1.0
0.025,5,q7_customer_summary,o,orders,5.0,0,5.0,5000.0,5000,1.0
0.025,5,q7_customer_summary,c,customers,1.0,0,1.0,192.0,207,1.0781
0.025,5,q8_sensitive_product_scan,l,lineitem,264.0,263,1.0038,12000.0,12000,1.0
0.025,5,q8_sensitive_product_scan,p,products,1.886,1,1.886,246.0,283,1.1504
0.025,5,q9_ticket_topic_segments,t,tickets,33.67,31,1.0861,2275.0,2288,1.0057
0.025,5,q9_ticket_topic_segments,c,customers,3.0702,0,3.0702,1032.0,1168,1.1318
0.025,5,q10_acl_customer_rows,c,customers,2.6418,0,2.6418,888.0,548,1.6204
0.025,5,q11_order_ticket_bridge,o,orders,1.55,0,1.55,1550.0,2515,1.6226
0.025,5,q11_order_ticket_bridge,c,customers,3.57,0,3.57,1200.0,1200,1.0
0.025,5,q11_order_ticket_bridge,t,tickets,22.2,15,1.48,1500.0,1468,1.0218
0.025,5,q12_product_segment_revenue,o,orders,5.0,0,5.0,5000.0,5000,1.0
0.025,5,q12_product_segment_revenue,c,customers,2.142,0,2.142,720.0,729,1.0125
0.025,5,q12_product_segment_revenue,l,lineitem,264.0,263,1.0038,12000.0,12000,1.0
0.025,5,q12_product_segment_revenue,p,products,2.116,1,2.116,276.0,281,1.0181
0.025,5,q13_order_lineitem_rows,o,orders,2.8,0,2.8,2800.0,2781,1.0068
0.025,5,q13_order_lineitem_rows,l,lineitem,187.44,208,1.1097,8520.0,9745,1.1438
0.025,5,q14_support_owner_rows,t,tickets,29.6,27,1.0963,2000.0,1993,1.0035
0.025,5,q14_support_owner_rows,c,customers,3.57,0,3.57,1200.0,1200,1.0
0.025,5,q15_clearance_product_rows,p,products,1.0,1,1.0,102.0,102,1.0
0.025,5,q15_clearance_product_rows,l,lineitem,211.2,201,1.0507,9600.0,9562,1.004
0.025,5,q16_region_product_mix,c,customers,3.57,0,3.57,1200.0,1200,1.0
0.025,5,q16_region_product_mix,o,orders,3.75,0,3.75,3750.0,3824,1.0197
0.025,5,q16_region_product_mix,l,lineitem,264.0,263,1.0038,12000.0,12000,1.0
0.025,5,q16_region_product_mix,p,products,1.932,1,1.932,252.0,289,1.1468
0.025,6,q1_customer_orders,l,lineitem,264.0,263,1.0038,12000.0,12000,1.0
0.025,6,q1_customer_orders,o,orders,1.15,0,1.15,1150.0,1809,1.573
0.025,6,q1_customer_orders,c,customers,1.428,0,1.428,480.0,504,1.05
0.025,6,q2_revenue_by_product,l,lineitem,264.0,263,1.0038,12000.0,12000,1.0
0.025,6,q2_revenue_by_product,p,products,1.0,0,1.0,90.0,97,1.0778
0.025,6,q2_revenue_by_product,o,orders,3.3,0,3.3,3300.0,3322,1.0067
0.025,6,q3_support_tickets,t,tickets,11.84,9,1.3156,800.0,787,1.0165
0.025,6,q3_support_tickets,c,customers,3.57,0,3.57,1200.0,1200,1.0
0.025,6,q4_revenue_by_region,l,lineitem,264.0,263,1.0038,12000.0,12000,1.0
0.025,6,q4_revenue_by_region,o,orders,5.0,0,5.0,5000.0,5000,1.0
0.025,6,q4_revenue_by_region,c,customers,3.57,0,3.57,1200.0,1200,1.0
0.025,6,q5_high_value_segments,o,orders,3.5,0,3.5,3500.0,3498,1.0006
0.025,6,q5_high_value_segments,c,customers,3.57,0,3.57,1200.0,1200,1.0
0.025,6,q6_lineitem_product_count,l,lineitem,211.2,209,1.0105,9600.0,9586,1.0015
0.025,6,q6_lineitem_product_count,p,products,2.047,1,2.047,267.0,267,1.0
0.025,6,q6_lineitem_product_count,o,orders,5.0,0,5.0,5000.0,5000,1.0
0.025,6,q6_lineitem_product_count,c,customers,3.57,0,3.57,1200.0,1200,1.0
0.025,6,q7_customer_summary,o,orders,5.0,0,5.0,5000.0,5000,1.0
0.025,6,q7_customer_summary,c,customers,1.0,0,1.0,192.0,207,1.0781
0.025,6,q8_sensitive_product_scan,l,lineitem,264.0,263,1.0038,12000.0,12000,1.0
0.025,6,q8_sensitive_product_scan,p,products,1.886,1,1.886,246.0,283,1.1504
0.025,6,q9_ticket_topic_segments,t,tickets,33.67,31,1.0861,2275.0,2288,1.0057
0.025,6,q9_ticket_topic_segments,c,customers,3.0702,0,3.0702,1032.0,1168,1.1318
0.025,6,q10_acl_customer_rows,c,customers,2.6418,0,2.6418,888.0,548,1.6204
0.025,6,q11_order_ticket_bridge,o,orders,1.55,0,1.55,1550.0,2515,1.6226
0.025,6,q11_order_ticket_bridge,c,customers,3.57,0,3.57,1200.0,1200,1.0
0.025,6,q11_order_ticket_bridge,t,tickets,22.2,15,1.48,1500.0,1468,1.0218
0.025,6,q12_product_segment_revenue,o,orders,5.0,0,5.0,5000.0,5000,1.0
0.025,6,q12_product_segment_revenue,c,customers,2.142,0,2.142,720.0,729,1.0125
0.025,6,q12_product_segment_revenue,l,lineitem,264.0,263,1.0038,12000.0,12000,1.0
0.025,6,q12_product_segment_revenue,p,products,2.116,1,2.116,276.0,281,1.0181
0.025,6,q13_order_lineitem_rows,o,orders,2.8,0,2.8,2800.0,2781,1.0068
0.025,6,q13_order_lineitem_rows,l,lineitem,187.44,208,1.1097,8520.0,9745,1.1438
0.025,6,q14_support_owner_rows,t,tickets,29.6,27,1.0963,2000.0,1993,1.0035
0.025,6,q14_support_owner_rows,c,customers,3.57,0,3.57,1200.0,1200,1.0
0.025,6,q15_clearance_product_rows,p,products,1.0,1,1.0,102.0,102,1.0
0.025,6,q15_clearance_product_rows,l,lineitem,211.2,201,1.0507,9600.0,9562,1.004
0.025,6,q16_region_product_mix,c,customers,3.57,0,3.57,1200.0,1200,1.0
0.025,6,q16_region_product_mix,o,orders,3.75,0,3.75,3750.0,3824,1.0197
0.025,6,q16_region_product_mix,l,lineitem,264.0,263,1.0038,12000.0,12000,1.0
0.025,6,q16_region_product_mix,p,products,1.932,1,1.932,252.0,289,1.1468
0.05,1,q1_customer_orders,l,lineitem,600.0,566,1.0601,12000.0,12000,1.0
0.05,1,q1_customer_orders,o,orders,57.5,100,1.7391,1150.0,1809,1.573
0.05,1,q1_customer_orders,c,customers,24.0,28,1.1667,480.0,504,1.05
0.05,1,q2_revenue_by_product,l,lineitem,600.0,566,1.0601,12000.0,12000,1.0
0.05,1,q2_revenue_by_product,p,products,4.5,5,1.1111,90.0,97,1.0778
0.05,1,q2_revenue_by_product,o,orders,165.0,164,1.0061,3300.0,3322,1.0067
0.05,1,q3_support_tickets,t,tickets,40.0,38,1.0526,800.0,787,1.0165
0.05,1,q3_support_tickets,c,customers,60.0,72,1.2,1200.0,1200,1.0
0.05,1,q4_revenue_by_region,l,lineitem,600.0,566,1.0601,12000.0,12000,1.0
0.05,1,q4_revenue_by_region,o,orders,250.0,243,1.0288,5000.0,5000,1.0
0.05,1,q4_revenue_by_region,c,customers,60.0,72,1.2,1200.0,1200,1.0
0.05,1,q5_high_value_segments,o,orders,175.0,171,1.0234,3500.0,3498,1.0006
0.05,1,q5_high_value_segments,c,customers,60.0,72,1.2,1200.0,1200,1.0
0.05,1,q6_lineitem_product_count,l,lineitem,480.0,459,1.0458,9600.0,9586,1.0015
0.05,1,q6_lineitem_product_count,p,products,13.35,22,1.6479,267.0,267,1.0
0.05,1,q6_lineitem_product_count,o,orders,250.0,243,1.0288,5000.0,5000,1.0
0.05,1,q6_lineitem_product_count,c,customers,60.0,72,1.2,1200.0,1200,1.0
0.05,1,q7_customer_summary,o,orders,250.0,243,1.0288,5000.0,5000,1.0
0.05,1,q7_customer_summary,c,customers,9.6,10,1.0417,192.0,207,1.0781
0.05,1,q8_sensitive_product_scan,l,lineitem,600.0,566,1.0601,12000.0,12000,1.0
0.05,1,q8_sensitive_product_scan,p,products,12.3,24,1.9512,246.0,283,1.1504
0.05,1,q9_ticket_topic_segments,t,tickets,113.75,100,1.1375,2275.0,2288,1.0057
0.05,1,q9_ticket_topic_segments,c,customers,51.6,70,1.3566,1032.0,1168,1.1318
0.05,1,q10_acl_customer_rows,c,customers,44.4,29,1.531,888.0,548,1.6204
0.05,1,q11_order_ticket_bridge,o,orders,77.5,132,1.7032,1550.0,2515,1.6226
0.05,1,q11_order_ticket_bridge,c,customers,60.0,72,1.2,1200.0,1200,1.0
0.05,1,q11_order_ticket_bridge,t,tickets,75.0,69,1.087,1500.0,1468,1.0218
0.05,1,q12_product_segment_revenue,o,orders,250.0,243,1.0288,5000.0,5000,1.0
0.05,1,q12_product_segment_revenue,c,customers,36.0,39,1.0833,720.0,729,1.0125
0.05,1,q12_product_segment_revenue,l,lineitem,600.0,566,1.0601,12000.0,12000,1.0
0.05,1,q12_product_segment_revenue,p,products,13.8,22,1.5942,276.0,281,1.0181
0.05,1,q13_order_lineitem_rows,o,orders,140.0,140,1.0,2800.0,2781,1.0068
0.05,1,q13_order_lineitem_rows,l,lineitem,426.0,449,1.054,8520.0,9745,1.1438
0.05,1,q14_support_owner_rows,t,tickets,100.0,85,1.1765,2000.0,1993,1.0035
0.05,1,q14_support_owner_rows,c,customers,60.0,72,1.2,1200.0,1200,1.0
0.05,1,q15_clearance_product_rows,p,products,5.1,6,1.1765,102.0,102,1.0
0.05,1,q15_clearance_product_rows,l,lineitem,480.0,428,1.1215,9600.0,9562,1.004
0.05,1,q16_region_product_mix,c,customers,60.0,72,1.2,1200.0,1200,1.0
0.05,1,q16_region_product_mix,o,orders,187.5,189,1.008,3750.0,3824,1.0197
0.05,1,q16_region_product_mix,l,lineitem,600.0,566,1.0601,12000.0,12000,1.0
0.05,1,q16_region_product_mix,p,products,12.6,24,1.9048,252.0,289,1.1468
0.05,2,q1_customer_orders,l,lineitem,600.0,566,1.0601,12000.0,12000,1.0
0.05,2,q1_customer_orders,o,orders,50.6,92,1.8182,1150.0,1809,1.573
0.05,2,q1_customer_orders,c,customers,4.08,4,1.02,480.0,504,1.05
0.05,2,q2_revenue_by_product,l,lineitem,600.0,566,1.0601,12000.0,12000,1.0
0.05,2,q2_revenue_by_product,p,products,4.14,3,1.38,90.0,97,1.0778
0.05,2,q2_revenue_by_product,o,orders,145.2,146,1.0055,3300.0,3322,1.0067
0.05,2,q3_support_tickets,t,tickets,32.0,28,1.1429,800.0,787,1.0165
0.05,2,q3_support_tickets,c,customers,10.2,6,1.7,1200.0,1200,1.0
0.05,2,q4_revenue_by_region,l,lineitem,600.0,566,1.0601,12000.0,12000,1.0
0.05,2,q4_revenue_by_region,o,orders,220.0,220,1.0,5000.0,5000,1.0
0.05,2,q4_revenue_by_region,c,customers,10.2,6,1.7,1200.0,1200,1.0
0.05,2,q5_high_value_segments,o,orders,154.0,158,1.026,3500.0,3498,1.0006
0.05,2,q5_high_value_segments,c,customers,10.2,6,1.7,1200.0,1200,1.0
0.05,2,q6_lineitem_product_count,l,lineitem,480.0,459,1.0458,9600.0,9586,1.0015
0.05,2,q6_lineitem_product_count,p,products,12.282,20,1.6284,267.0,267,1.0
0.05,2,q6_lineitem_product_count,o,orders,220.0,220,1.0,5000.0,5000,1.0
0.05,2,q6_lineitem_product_count,c,customers,10.2,6,1.7,1200.0,1200,1.0
0.05,2,q7_customer_summary,o,orders,220.0,220,1.0,5000.0,5000,1.0
0.05,2,q7_customer_summary,c,customers,1.632,1,1.632,192.0,207,1.0781
0.05,2,q8_sensitive_product_scan,l,lineitem,600.0,566,1.0601,12000.0,12000,1.0
0.05,2,q8_sensitive_product_scan,p,products,11.316,22,1.9441,246.0,283,1.1504
0.05,2,q9_ticket_topic_segments,t,tickets,91.0,77,1.1818,2275.0,2288,1.0057
0.05,2,q9_ticket_topic_segments,c,customers,8.772,6,1.462,1032.0,1168,1.1318
0.05,2,q10_acl_customer_rows,c,customers,7.548,1,7.548,888.0,548,1.6204
0.05,2,q11_order_ticket_bridge,o,orders,68.2,123,1.8035,1550.0,2515,1.6226
0.05,2,q11_order_ticket_bridge,c,customers,10.2,6,1.7,1200.0,1200,1.0
0.05,2,q11_order_ticket_bridge,t,tickets,60.0,44,1.3636,1500.0,1468,1.0218
0.05,2,q12_product_segment_revenue,o,orders,220.0,220,1.0,5000.0,5000,1.0
0.05,2,q12_product_segment_revenue,c,customers,6.12,4,1.53,720.0,729,1.0125
0.05,2,q12_product_segment_revenue,l,lineitem,600.0,566,1.0601,12000.0,12000,1.0
0.05,2,q12_product_segment_revenue,p,products,12.696,22,1.7328,276.0,281,1.0181
0.05,2,q13_order_lineitem_rows,o,orders,123.2,140,1.1364,2800.0,2781,1.0068
0.05,2,q13_order_lineitem_rows,l,lineitem,426.0,449,1.054,8520.0,9745,1.1438
0.05,2,q14_support_owner_rows,t,tickets,80.0,65,1.2308,2000.0,1993,1.0035
0.05,2,q14_support_owner_rows,c,customers,10.2,6,1.7,1200.0,1200,1.0
0.05,2,q15_clearance_product_rows,p,products,4.692,6,1.2788,102.0,102,1.0
0.05,2,q15_clearance_product_rows,l,lineitem,480.0,428,1.1215,9600.0,9562,1.004
0.05,2,q16_region_product_mix,c,customers,10.2,6,1.7,1200.0,1200,1.0
0.05,2,q16_region_product_mix,o,orders,165.0,171,1.0364,3750.0,3824,1.0197
0.05,2,q16_region_product_mix,l,lineitem,600.0,566,1.0601,12000.0,12000,1.0
0.05,2,q16_region_product_mix,p,products,11.592,22,1.8979,252.0,289,1.1468
0.05,3,q1_customer_orders,l,lineitem,600.0,566,1.0601,12000.0,12000,1.0
0.05,3,q1_customer_orders,o,orders,13.662,22,1.6103,1150.0,1809,1.573
0.05,3,q1_customer_orders,c,customers,4.08,4,1.02,480.0,504,1.05
0.05,3,q2_revenue_by_product,l,lineitem,600.0,566,1.0601,12000.0,12000,1.0
0.05,3,q2_revenue_by_product,p,products,1.38,2,1.4493,90.0,97,1.0778
0.05,3,q2_revenue_by_product,o,orders,39.204,32,1.2251,3300.0,3322,1.0067
0.05,3,q3_support_tickets,t,tickets,23.68,20,1.184,800.0,787,1.0165
0.05,3,q3_support_tickets,c,customers,10.2,6,1.7,1200.0,1200,1.0
0.05,3,q4_revenue_by_region,l,lineitem,600.0,566,1.0601,12000.0,12000,1.0
0.05,3,q4_revenue_by_region,o,orders,59.4,47,1.2638,5000.0,5000,1.0
0.05,3,q4_revenue_by_region,c,customers,10.2,6,1.7,1200.0,1200,1.0
0.05,3,q5_high_value_segments,o,orders,41.58,38,1.0942,3500.0,3498,1.0006
0.05,3,q5_high_value_segments,c,customers,10.2,6,1.7,1200.0,1200,1.0
0.05,3,q6_lineitem_product_count,l,lineitem,480.0,459,1.0458,9600.0,9586,1.0015
0.05,3,q6_lineitem_product_count,p,products,4.094,4,1.0235,267.0,267,1.0
0.05,3,q6_lineitem_product_count,o,orders,59.4,47,1.2638,5000.0,5000,1.0
0.05,3,q6_lineitem_product_count,c,customers,10.2,6,1.7,1200.0,1200,1.0
0.05,3,q7_customer_summary,o,orders,59.4,47,1.2638,5000.0,5000,1.0
0.05,3,q7_customer_summary,c,customers,1.632,1,1.632,192.0,207,1.0781
0.05,3,q8_sensitive_product_scan,l,lineitem,600.0,566,1.0601,12000.0,12000,1.0
0.05,3,q8_sensitive_product_scan,p,products,3.772,4,1.0604,246.0,283,1.1504
0.05,3,q9_ticket_topic_segments,t,tickets,67.34,55,1.2244,2275.0,2288,1.0057
0.05,3,q9_ticket_topic_segments,c,customers,8.772,6,1.462,1032.0,1168,1.1318
0.05,3,q10_acl_customer_rows,c,customers,7.548,1,7.548,888.0,548,1.6204
0.05,3,q11_order_ticket_bridge,o,orders,18.414,33,1.7921,1550.0,2515,1.6226
0.05,3,q11_order_ticket_bridge,c,customers,10.2,6,1.7,1200.0,1200,1.0
0.05,3,q11_order_ticket_bridge,t,tickets,44.4,33,1.3455,1500.0,1468,1.0218
0.05,3,q12_product_segment_revenue,o,orders,59.4,47,1.2638,5000.0,5000,1.0
0.05,3,q12_product_segment_revenue,c,customers,6.12,4,1.53,720.0,729,1.0125
0.05,3,q12_product_segment_revenue,l,lineitem,600.0,566,1.0601,12000.0,12000,1.0
0.05,3,q12_product_segment_revenue,p,products,4.232,4,1.058,276.0,281,1.0181
0.05,3,q13_order_lineitem_rows,o,orders,33.264,26,1.2794,2800.0,2781,1.0068
0.05,3,q13_order_lineitem_rows,l,lineitem,426.0,449,1.054,8520.0,9745,1.1438
0.05,3,q14_support_owner_rows,t,tickets,59.2,47,1.2596,2000.0,1993,1.0035
0.05,3,q14_support_owner_rows,c,customers,10.2,6,1.7,1200.0,1200,1.0
0.05,3,q15_clearance_product_rows,p,products,1.564,1,1.564,102.0,102,1.0
0.05,3,q15_clearance_product_rows,l,lineitem,480.0,428,1.1215,9600.0,9562,1.004
0.05,3,q16_region_product_mix,c,customers,10.2,6,1.7,1200.0,1200,1.0
0.05,3,q16_region_product_mix,o,orders,44.55,34,1.3103,3750.0,3824,1.0197
0.05,3,q16_region_product_mix,l,lineitem,600.0,566,1.0601,12000.0,12000,1.0
0.05,3,q16_region_product_mix,p,products,3.864,4,1.0352,252.0,289,1.1468
0.05,4,q1_customer_orders,l,lineitem,528.0,503,1.0497,12000.0,12000,1.0
0.05,4,q1_customer_orders,o,orders,3.4155,0,3.4155,1150.0,1809,1.573
0.05,4,q1_customer_orders,c,customers,4.08,4,1.02,480.0,504,1.05
0.05,4,q2_revenue_by_product,l,lineitem,528.0,503,1.0497,12000.0,12000,1.0
0.05,4,q2_revenue_by_product,p,products,1.38,2,1.4493,90.0,97,1.0778
0.05,4,q2_revenue_by_product,o,orders,9.801,1,9.801,3300.0,3322,1.0067
0.05,4,q3_support_tickets,t,tickets,23.68,20,1.184,800.0,787,1.0165
0.05,4,q3_support_tickets,c,customers,10.2,6,1.7,1200.0,1200,1.0
0.05,4,q4_revenue_by_region,l,lineitem,528.0,503,1.0497,12000.0,12000,1.0
0.05,4,q4_revenue_by_region,o,orders,14.85,1,14.85,5000.0,5000,1.0
0.05,4,q4_revenue_by_region,c,customers,10.2,6,1.7,1200.0,1200,1.0
0.05,4,q5_high_value_segments,o,orders,10.395,0,10.395,3500.0,3498,1.0006
0.05,4,q5_high_value_segments,c,customers,10.2,6,1.7,1200.0,1200,1.0
0.05,4,q6_lineitem_product_count,l,lineitem,422.4,403,1.0481,9600.0,9586,1.0015
0.05,4,q6_lineitem_product_count,p,products,4.094,4,1.0235,267.0,267,1.0
0.05,4,q6_lineitem_product_count,o,orders,14.85,1,14.85,5000.0,5000,1.0
0.05,4,q6_lineitem_product_count,c,customers,10.2,6,1.7,1200.0,1200,1.0
0.05,4,q7_customer_summary,o,orders,14.85,1,14.85,5000.0,5000,1.0
0.05,4,q7_customer_summary,c,customers,1.632,1,1.632,192.0,207,1.0781
0.05,4,q8_sensitive_product_scan,l,lineitem,528.0,503,1.0497,12000.0,12000,1.0
0.05,4,q8_sensitive_product_scan,p,products,3.772,4,1.0604,246.0,283,1.1504
0.05,4,q9_ticket_topic_segments,t,tickets,67.34,55,1.2244,2275.0,2288,1.0057
0.05,4,q9_ticket_topic_segments,c,customers,8.772,6,1.462,1032.0,1168,1.1318
0.05,4,q10_acl_customer_rows,c,customers,7.548,1,7.548,888.0,548,1.6204
0.05,4,q11_order_ticket_bridge,o,orders,4.6035,0,4.6035,1550.0,2515,1.6226
0.05,4,q11_order_ticket_bridge,c,customers,10.2,6,1.7,1200.0,1200,1.0
0.05,4,q11_order_ticket_bridge,t,tickets,44.4,33,1.3455,1500.0,1468,1.0218
0.05,4,q12_product_segment_revenue,o,orders,14.85,1,14.85,5000.0,5000,1.0
0.05,4,q12_product_segment_revenue,c,customers,6.12,4,1.53,720.0,729,1.0125
0.05,4,q12_product_segment_revenue,l,lineitem,528.0,503,1.0497,12000.0,12000,1.0
0.05,4,q12_product_segment_revenue,p,products,4.232,4,1.058,276.0,281,1.0181
0.05,4,q13_order_lineitem_rows,o,orders,8.316,0,8.316,2800.0,2781,1.0068
0.05,4,q13_order_lineitem_rows,l,lineitem,374.88,398,1.0617,8520.0,9745,1.1438
0.05,4,q14_support_owner_rows,t,tickets,59.2,47,1.2596,2000.0,1993,1.0035
0.05,4,q14_support_owner_rows,c,customers,10.2,6,1.7,1200.0,1200,1.0
0.05,4,q15_clearance_product_rows,p,products,1.564,1,1.564,102.0,102,1.0
0.05,4,q15_clearance_product_rows,l,lineitem,422.4,385,1.0971,9600.0,9562,1.004
0.05,4,q16_region_product_mix,c,customers,10.2,6,1.7,1200.0,1200,1.0
0.05,4,q16_region_product_mix,o,orders,11.1375,1,11.1375,3750.0,3824,1.0197
0.05,4,q16_region_product_mix,l,lineitem,528.0,503,1.0497,12000.0,12000,1.0
0.05,4,q16_region_product_mix,p,products,3.864,4,1.0352,252.0,289,1.1468
0.05,5,q1_customer_orders,l,lineitem,528.0,503,1.0497,12000.0,12000,1.0
0.05,5,q1_customer_orders,o,orders,3.4155,0,3.4155,1150.0,1809,1.573
0.05,5,q1_customer_orders,c,customers,4.896,4,1.224,480.0,504,1.05
0.05,5,q2_revenue_by_product,l,lineitem,528.0,503,1.0497,12000.0,12000,1.0
0.05,5,q2_revenue_by_product,p,products,1.38,2,1.4493,90.0,97,1.0778
0.05,5,q2_revenue_by_product,o,orders,9.801,1,9.801,3300.0,3322,1.0067
0.05,5,q3_support_tickets,t,tickets,23.68,20,1.184,800.0,787,1.0165
0.05,5,q3_support_tickets,c,customers,12.24,7,1.7486,1200.0,1200,1.0
0.05,5,q4_revenue_by_region,l,lineitem,528.0,503,1.0497,12000.0,12000,1.0
0.05,5,q4_revenue_by_region,o,orders,14.85,1,14.85,5000.0,5000,1.0
0.05,5,q4_revenue_by_region,c,customers,12.24,7,1.7486,1200.0,1200,1.0
0.05,5,q5_high_value_segments,o,orders,10.395,0,10.395,3500.0,3498,1.0006
0.05,5,q5_high_value_segments,c,customers,12.24,7,1.7486,1200.0,1200,1.0
0.05,5,q6_lineitem_product_count,l,lineitem,422.4,403,1.0481,9600.0,9586,1.0015
0.05,5,q6_lineitem_product_count,p,products,4.094,4,1.0235,267.0,267,1.0
0.05,5,q6_lineitem_product_count,o,orders,14.85,1,14.85,5000.0,5000,1.0
0.05,5,q6_lineitem_product_count,c,customers,12.24,7,1.7486,1200.0,1200,1.0
0.05,5,q7_customer_summary,o,orders,14.85,1,14.85,5000.0,5000,1.0
0.05,5,q7_customer_summary,c,customers,1.9584,1,1.9584,192.0,207,1.0781
0.05,5,q8_sensitive_product_scan,l,lineitem,528.0,503,1.0497,12000.0,12000,1.0
0.05,5,q8_sensitive_product_scan,p,products,3.772,4,1.0604,246.0,283,1.1504
0.05,5,q9_ticket_topic_segments,t,tickets,67.34,55,1.2244,2275.0,2288,1.0057
0.05,5,q9_ticket_topic_segments,c,customers,10.5264,7,1.5038,1032.0,1168,1.1318
0.05,5,q10_acl_customer_rows,c,customers,9.0576,2,4.5288,888.0,548,1.6204
0.05,5,q11_order_ticket_bridge,o,orders,4.6035,0,4.6035,1550.0,2515,1.6226
0.05,5,q11_order_ticket_bridge,c,customers,12.24,7,1.7486,1200.0,1200,1.0
0.05,5,q11_order_ticket_bridge,t,tickets,44.4,33,1.3455,1500.0,1468,1.0218
0.05,5,q12_product_segment_revenue,o,orders,14.85,1,14.85,5000.0,5000,1.0
0.05,5,q12_product_segment_revenue,c,customers,7.344,5,1.4688,720.0,729,1.0125
0.05,5,q12_product_segment_revenue,l,lineitem,528.0,503,1.0497,12000.0,12000,1.0
0.05,5,q12_product_segment_revenue,p,products,4.232,4,1.058,276.0,281,1.0181
0.05,5,q13_order_lineitem_rows,o,orders,8.316,0,8.316,2800.0,2781,1.0068
0.05,5,q13_order_lineitem_rows,l,lineitem,374.88,398,1.0617,8520.0,9745,1.1438
0.05,5,q14_support_owner_rows,t,tickets,59.2,47,1.2596,2000.0,1993,1.0035
0.05,5,q14_support_owner_rows,c,customers,12.24,7,1.7486,1200.0,1200,1.0
0.05,5,q15_clearance_product_rows,p,products,1.564,1,1.564,102.0,102,1.0
0.05,5,q15_clearance_product_rows,l,lineitem,422.4,385,1.0971,9600.0,9562,1.004
0.05,5,q16_region_product_mix,c,customers,12.24,7,1.7486,1200.0,1200,1.0
0.05,5,q16_region_product_mix,o,orders,11.1375,1,11.1375,3750.0,3824,1.0197
0.05,5,q16_region_product_mix,l,lineitem,528.0,503,1.0497,12000.0,12000,1.0
0.05,5,q16_region_product_mix,p,products,3.864,4,1.0352,252.0,289,1.1468
0.05,6,q1_customer_orders,l,lineitem,528.0,503,1.0497,12000.0,12000,1.0
0.05,6,q1_customer_orders,o,orders,3.4155,0,3.4155,1150.0,1809,1.573
0.05,6,q1_customer_orders,c,customers,4.896,4,1.224,480.0,504,1.05
0.05,6,q2_revenue_by_product,l,lineitem,528.0,503,1.0497,12000.0,12000,1.0
0.05,6,q2_revenue_by_product,p,products,1.38,2,1.4493,90.0,97,1.0778
0.05,6,q2_revenue_by_product,o,orders,9.801,1,9.801,3300.0,3322,1.0067
0.05,6,q3_support_tickets,t,tickets,23.68,20,1.184,800.0,787,1.0165
0.05,6,q3_support_tickets,c,customers,12.24,7,1.7486,1200.0,1200,1.0
0.05,6,q4_revenue_by_region,l,lineitem,528.0,503,1.0497,12000.0,12000,1.0
0.05,6,q4_revenue_by_region,o,orders,14.85,1,14.85,5000.0,5000,1.0
0.05,6,q4_revenue_by_region,c,customers,12.24,7,1.7486,1200.0,1200,1.0
0.05,6,q5_high_value_segments,o,orders,10.395,0,10.395,3500.0,3498,1.0006
0.05,6,q5_high_value_segments,c,customers,12.24,7,1.7486,1200.0,1200,1.0
0.05,6,q6_lineitem_product_count,l,lineitem,422.4,403,1.0481,9600.0,9586,1.0015
0.05,6,q6_lineitem_product_count,p,products,4.094,4,1.0235,267.0,267,1.0
0.05,6,q6_lineitem_product_count,o,orders,14.85,1,14.85,5000.0,5000,1.0
0.05,6,q6_lineitem_product_count,c,customers,12.24,7,1.7486,1200.0,1200,1.0
0.05,6,q7_customer_summary,o,orders,14.85,1,14.85,5000.0,5000,1.0
0.05,6,q7_customer_summary,c,customers,1.9584,1,1.9584,192.0,207,1.0781
0.05,6,q8_sensitive_product_scan,l,lineitem,528.0,503,1.0497,12000.0,12000,1.0
0.05,6,q8_sensitive_product_scan,p,products,3.772,4,1.0604,246.0,283,1.1504
0.05,6,q9_ticket_topic_segments,t,tickets,67.34,55,1.2244,2275.0,2288,1.0057
0.05,6,q9_ticket_topic_segments,c,customers,10.5264,7,1.5038,1032.0,1168,1.1318
0.05,6,q10_acl_customer_rows,c,customers,9.0576,2,4.5288,888.0,548,1.6204
0.05,6,q11_order_ticket_bridge,o,orders,4.6035,0,4.6035,1550.0,2515,1.6226
0.05,6,q11_order_ticket_bridge,c,customers,12.24,7,1.7486,1200.0,1200,1.0
0.05,6,q11_order_ticket_bridge,t,tickets,44.4,33,1.3455,1500.0,1468,1.0218
0.05,6,q12_product_segment_revenue,o,orders,14.85,1,14.85,5000.0,5000,1.0
0.05,6,q12_product_segment_revenue,c,customers,7.344,5,1.4688,720.0,729,1.0125
0.05,6,q12_product_segment_revenue,l,lineitem,528.0,503,1.0497,12000.0,12000,1.0
0.05,6,q12_product_segment_revenue,p,products,4.232,4,1.058,276.0,281,1.0181
0.05,6,q13_order_lineitem_rows,o,orders,8.316,0,8.316,2800.0,2781,1.0068
0.05,6,q13_order_lineitem_rows,l,lineitem,374.88,398,1.0617,8520.0,9745,1.1438
0.05,6,q14_support_owner_rows,t,tickets,59.2,47,1.2596,2000.0,1993,1.0035
0.05,6,q14_support_owner_rows,c,customers,12.24,7,1.7486,1200.0,1200,1.0
0.05,6,q15_clearance_product_rows,p,products,1.564,1,1.564,102.0,102,1.0
0.05,6,q15_clearance_product_rows,l,lineitem,422.4,385,1.0971,9600.0,9562,1.004
0.05,6,q16_region_product_mix,c,customers,12.24,7,1.7486,1200.0,1200,1.0
0.05,6,q16_region_product_mix,o,orders,11.1375,1,11.1375,3750.0,3824,1.0197
0.05,6,q16_region_product_mix,l,lineitem,528.0,503,1.0497,12000.0,12000,1.0
0.05,6,q16_region_product_mix,p,products,3.864,4,1.0352,252.0,289,1.1468
0.1,1,q1_customer_orders,l,lineitem,1200.0,1175,1.0213,12000.0,12000,1.0
0.1,1,q1_customer_orders,o,orders,115.0,194,1.687,1150.0,1809,1.573
0.1,1,q1_customer_orders,c,customers,48.0,44,1.0909,480.0,504,1.05
0.1,1,q2_revenue_by_product,l,lineitem,1200.0,1175,1.0213,12000.0,12000,1.0
0.1,1,q2_revenue_by_product,p,products,9.0,12,1.3333,90.0,97,1.0778
0.1,1,q2_revenue_by_product,o,orders,330.0,329,1.003,3300.0,3322,1.0067
0.1,1,q3_support_tickets,t,tickets,80.0,92,1.15,800.0,787,1.0165
0.1,1,q3_support_tickets,c,customers,120.0,120,1.0,1200.0,1200,1.0
0.1,1,q4_revenue_by_region,l,lineitem,1200.0,1175,1.0213,12000.0,12000,1.0
0.1,1,q4_revenue_by_region,o,orders,500.0,493,1.0142,5000.0,5000,1.0
0.1,1,q4_revenue_by_region,c,customers,120.0,120,1.0,1200.0,1200,1.0
0.1,1,q5_high_value_segments,o,orders,350.0,348,1.0057,3500.0,3498,1.0006
0.1,1,q5_high_value_segments,c,customers,120.0,120,1.0,1200.0,1200,1.0
0.1,1,q6_lineitem_product_count,l,lineitem,960.0,963,1.0031,9600.0,9586,1.0015
0.1,1,q6_lineitem_product_count,p,products,26.7,36,1.3483,267.0,267,1.0
0.1,1,q6_lineitem_product_count,o,orders,500.0,493,1.0142,5000.0,5000,1.0
0.1,1,q6_lineitem_product_count,c,customers,120.0,120,1.0,1200.0,1200,1.0
0.1,1,q7_customer_summary,o,orders,500.0,493,1.0142,5000.0,5000,1.0
0.1,1,q7_customer_summary,c,customers,19.2,20,1.0417,192.0,207,1.0781
0.1,1,q8_sensitive_product_scan,l,lineitem,1200.0,1175,1.0213,12000.0,12000,1.0
0.1,1,q8_sensitive_product_scan,p,products,24.6,40,1.626,246.0,283,1.1504
0.1,1,q9_ticket_topic_segments,t,tickets,227.5,246,1.0813,2275.0,2288,1.0057
0.1,1,q9_ticket_topic_segments,c,customers,103.2,117,1.1337,1032.0,1168,1.1318
0.1,1,q10_acl_customer_rows,c,customers,88.8,47,1.8894,888.0,548,1.6204
0.1,1,q11_order_ticket_bridge,o,orders,155.0,267,1.7226,1550.0,2515,1.6226
0.1,1,q11_order_ticket_bridge,c,customers,120.0,120,1.0,1200.0,1200,1.0
0.1,1,q11_order_ticket_bridge,t,tickets,150.0,166,1.1067,1500.0,1468,1.0218
0.1,1,q12_product_segment_revenue,o,orders,500.0,493,1.0142,5000.0,5000,1.0
0.1,1,q12_product_segment_revenue,c,customers,72.0,75,1.0417,720.0,729,1.0125
0.1,1,q12_product_segment_revenue,l,lineitem,1200.0,1175,1.0213,12000.0,12000,1.0
0.1,1,q12_product_segment_revenue,p,products,27.6,38,1.3768,276.0,281,1.0181
0.1,1,q13_order_lineitem_rows,o,orders,280.0,279,1.0036,2800.0,2781,1.0068
0.1,1,q13_order_lineitem_rows,l,lineitem,852.0,940,1.1033,8520.0,9745,1.1438
0.1,1,q14_support_owner_rows,t,tickets,200.0,210,1.05,2000.0,1993,1.0035
0.1,1,q14_support_owner_rows,c,customers,120.0,120,1.0,1200.0,1200,1.0
0.1,1,q15_clearance_product_rows,p,products,10.2,11,1.0784,102.0,102,1.0
0.1,1,q15_clearance_product_rows,l,lineitem,960.0,905,1.0608,9600.0,9562,1.004
0.1,1,q16_region_product_mix,c,customers,120.0,120,1.0,1200.0,1200,1.0
0.1,1,q16_region_product_mix,o,orders,375.0,376,1.0027,3750.0,3824,1.0197
0.1,1,q16_region_product_mix,l,lineitem,1200.0,1175,1.0213,12000.0,12000,1.0
0.1,1,q16_region_product_mix,p,products,25.2,37,1.4683,252.0,289,1.1468
0.1,2,q1_customer_orders,l,lineitem,1200.0,1175,1.0213,12000.0,12000,1.0
0.1,2,q1_customer_orders,o,orders,101.2,174,1.7194,1150.0,1809,1.573
0.1,2,q1_customer_orders,c,customers,12.24,12,1.02,480.0,504,1.05
0.1,2,q2_revenue_by_product,l,lineitem,1200.0,1175,1.0213,12000.0,12000,1.0
0.1,2,q2_revenue_by_product,p,products,8.28,10,1.2077,90.0,97,1.0778
0.1,2,q2_revenue_by_product,o,orders,290.4,292,1.0055,3300.0,3322,1.0067
0.1,2,q3_support_tickets,t,tickets,64.0,64,1.0,800.0,787,1.0165
0.1,2,q3_support_tickets,c,customers,30.6,33,1.0784,1200.0,1200,1.0
0.1,2,q4_revenue_by_region,l,lineitem,1200.0,1175,1.0213,12000.0,12000,1.0
0.1,2,q4_revenue_by_region,o,orders,440.0,442,1.0045,5000.0,5000,1.0
0.1,2,q4_revenue_by_region,c,customers,30.6,33,1.0784,1200.0,1200,1.0
0.1,2,q5_high_value_segments,o,orders,308.0,314,1.0195,3500.0,3498,1.0006
0.1,2,q5_high_value_segments,c,customers,30.6,33,1.0784,1200.0,1200,1.0
0.1,2,q6_lineitem_product_count,l,lineitem,960.0,963,1.0031,9600.0,9586,1.0015
0.1,2,q6_lineitem_product_count,p,products,24.564,34,1.3841,267.0,267,1.0
0.1,2,q6_lineitem_product_count,o,orders,440.0,442,1.0045,5000.0,5000,1.0
0.1,2,q6_lineitem_product_count,c,customers,30.6,33,1.0784,1200.0,1200,1.0
0.1,2,q7_customer_summary,o,orders,440.0,442,1.0045,5000.0,5000,1.0
0.1,2,q7_customer_summary,c,customers,4.896,4,1.224,192.0,207,1.0781
0.1,2,q8_sensitive_product_scan,l,lineitem,1200.0,1175,1.0213,12000.0,12000,1.0
0.1,2,q8_sensitive_product_scan,p,products,22.632,38,1.679,246.0,283,1.1504
0.1,2,q9_ticket_topic_segments,t,tickets,182.0,189,1.0385,2275.0,2288,1.0057
0.1,2,q9_ticket_topic_segments,c,customers,26.316,33,1.254,1032.0,1168,1.1318
0.1,2,q10_acl_customer_rows,c,customers,22.644,12,1.887,888.0,548,1.6204
0.1,2,q11_order_ticket_bridge,o,orders,136.4,242,1.7742,1550.0,2515,1.6226
0.1,2,q11_order_ticket_bridge,c,customers,30.6,33,1.0784,1200.0,1200,1.0
0.1,2,q11_order_ticket_bridge,t,tickets,120.0,106,1.1321,1500.0,1468,1.0218
0.1,2,q12_product_segment_revenue,o,orders,440.0,442,1.0045,5000.0,5000,1.0
0.1,2,q12_product_segment_revenue,c,customers,18.36,23,1.2527,720.0,729,1.0125
0.1,2,q12_product_segment_revenue,l,lineitem,1200.0,1175,1.0213,12000.0,12000,1.0
0.1,2,q12_product_segment_revenue,p,products,25.392,38,1.4965,276.0,281,1.0181
0.1,2,q13_order_lineitem_rows,o,orders,246.4,279,1.1323,2800.0,2781,1.0068
0.1,2,q13_order_lineitem_rows,l,lineitem,852.0,940,1.1033,8520.0,9745,1.1438
0.1,2,q14_support_owner_rows,t,tickets,160.0,162,1.0125,2000.0,1993,1.0035
0.1,2,q14_support_owner_rows,c,customers,30.6,33,1.0784,1200.0,1200,1.0
0.1,2,q15_clearance_product_rows,p,products,9.384,11,1.1722,102.0,102,1.0
0.1,2,q15_clearance_product_rows,l,lineitem,960.0,905,1.0608,9600.0,9562,1.004
0.1,2,q16_region_product_mix,c,customers,30.6,33,1.0784,1200.0,1200,1.0
0.1,2,q16_region_product_mix,o,orders,330.0,336,1.0182,3750.0,3824,1.0197
0.1,2,q16_region_product_mix,l,lineitem,1200.0,1175,1.0213,12000.0,12000,1.0
0.1,2,q16_region_product_mix,p,products,23.184,35,1.5097,252.0,289,1.1468
0.1,3,q1_customer_orders,l,lineitem,1200.0,1175,1.0213,12000.0,12000,1.0
0.1,3,q1_customer_orders,o,orders,27.324,46,1.6835,1150.0,1809,1.573
0.1,3,q1_customer_orders,c,customers,12.24,12,1.02,480.0,504,1.05
0.1,3,q2_revenue_by_product,l,lineitem,1200.0,1175,1.0213,12000.0,12000,1.0
0.1,3,q2_revenue_by_product,p,products,4.14,8,1.9324,90.0,97,1.0778
0.1,3,q2_revenue_by_product,o,orders,78.408,69,1.1363,3300.0,3322,1.0067
0.1,3,q3_support_tickets,t,tickets,47.36,50,1.0557,800.0,787,1.0165
0.1,3,q3_support_tickets,c,customers,30.6,33,1.0784,1200.0,1200,1.0
0.1,3,q4_revenue_by_region,l,lineitem,1200.0,1175,1.0213,12000.0,12000,1.0
0.1,3,q4_revenue_by_region,o,orders,118.8,107,1.1103,5000.0,5000,1.0
0.1,3,q4_revenue_by_region,c,customers,30.6,33,1.0784,1200.0,1200,1.0
0.1,3,q5_high_value_segments,o,orders,83.16,84,1.0101,3500.0,3498,1.0006
0.1,3,q5_high_value_segments,c,customers,30.6,33,1.0784,1200.0,1200,1.0
0.1,3,q6_lineitem_product_count,l,lineitem,960.0,963,1.0031,9600.0,9586,1.0015
0.1,3,q6_lineitem_product_count,p,products,12.282,19,1.547,267.0,267,1.0
0.1,3,q6_lineitem_product_count,o,orders,118.8,107,1.1103,5000.0,5000,1.0
0.1,3,q6_lineitem_product_count,c,customers,30.6,33,1.0784,1200.0,1200,1.0
0.1,3,q7_customer_summary,o,orders,118.8,107,1.1103,5000.0,5000,1.0
0.1,3,q7_customer_summary,c,customers,4.896,4,1.224,192.0,207,1.0781
0.1,3,q8_sensitive_product_scan,l,lineitem,1200.0,1175,1.0213,12000.0,12000,1.0
0.1,3,q8_sensitive_product_scan,p,products,11.316,21,1.8558,246.0,283,1.1504
0.1,3,q9_ticket_topic_segments,t,tickets,134.68,142,1.0544,2275.0,2288,1.0057
0.1,3,q9_ticket_topic_segments,c,customers,26.316,33,1.254,1032.0,1168,1.1318
0.1,3,q10_acl_customer_rows,c,customers,22.644,12,1.887,888.0,548,1.6204
0.1,3,q11_order_ticket_bridge,o,orders,36.828,66,1.7921,1550.0,2515,1.6226
0.1,3,q11_order_ticket_bridge,c,customers,30.6,33,1.0784,1200.0,1200,1.0
0.1,3,q11_order_ticket_bridge,t,tickets,88.8,78,1.1385,1500.0,1468,1.0218
0.1,3,q12_product_segment_revenue,o,orders,118.8,107,1.1103,5000.0,5000,1.0
0.1,3,q12_product_segment_revenue,c,customers,18.36,23,1.2527,720.0,729,1.0125
0.1,3,q12_product_segment_revenue,l,lineitem,1200.0,1175,1.0213,12000.0,12000,1.0
0.1,3,q12_product_segment_revenue,p,products,12.696,21,1.6541,276.0,281,1.0181
0.1,3,q13_order_lineitem_rows,o,orders,66.528,71,1.0672,2800.0,2781,1.0068
0.1,3,q13_order_lineitem_rows,l,lineitem,852.0,940,1.1033,8520.0,9745,1.1438
0.1,3,q14_support_owner_rows,t,tickets,118.4,121,1.022,2000.0,1993,1.0035
0.1,3,q14_support_owner_rows,c,customers,30.6,33,1.0784,1200.0,1200,1.0
0.1,3,q15_clearance_product_rows,p,products,4.692,7,1.4919,102.0,102,1.0
0.1,3,q15_clearance_product_rows,l,lineitem,960.0,905,1.0608,9600.0,9562,1.004
0.1,3,q16_region_product_mix,c,customers,30.6,33,1.0784,1200.0,1200,1.0
0.1,3,q16_region_product_mix,o,orders,89.1,73,1.2205,3750.0,3824,1.0197
0.1,3,q16_region_product_mix,l,lineitem,1200.0,1175,1.0213,12000.0,12000,1.0
0.1,3,q16_region_product_mix,p,products,11.592,21,1.8116,252.0,289,1.1468
0.1,4,q1_customer_orders,l,lineitem,1056.0,1060,1.0038,12000.0,12000,1.0
0.1,4,q1_customer_orders,o,orders,10.2465,9,1.1385,1150.0,1809,1.573
0.1,4,q1_customer_orders,c,customers,12.24,12,1.02,480.0,504,1.05
0.1,4,q2_revenue_by_product,l,lineitem,1056.0,1060,1.0038,12000.0,12000,1.0
0.1,4,q2_revenue_by_product,p,products,4.14,8,1.9324,90.0,97,1.0778
0.1,4,q2_revenue_by_product,o,orders,29.403,10,2.9403,3300.0,3322,1.0067
0.1,4,q3_support_tickets,t,tickets,47.36,50,1.0557,800.0,787,1.0165
0.1,4,q3_support_tickets,c,customers,30.6,33,1.0784,1200.0,1200,1.0
0.1,4,q4_revenue_by_region,l,lineitem,1056.0,1060,1.0038,12000.0,12000,1.0
0.1,4,q4_revenue_by_region,o,orders,44.55,21,2.1214,5000.0,5000,1.0
0.1,4,q4_revenue_by_region,c,customers,30.6,33,1.0784,1200.0,1200,1.0
0.1,4,q5_high_value_segments,o,orders,31.185,15,2.079,3500.0,3498,1.0006
0.1,4,q5_high_value_segments,c,customers,30.6,33,1.0784,1200.0,1200,1.0
0.1,4,q6_lineitem_product_count,l,lineitem,844.8,862,1.0204,9600.0,9586,1.0015
0.1,4,q6_lineitem_product_count,p,products,12.282,19,1.547,267.0,267,1.0
0.1,4,q6_lineitem_product_count,o,orders,44.55,21,2.1214,5000.0,5000,1.0
0.1,4,q6_lineitem_product_count,c,customers,30.6,33,1.0784,1200.0,1200,1.0
0.1,4,q7_customer_summary,o,orders,44.55,21,2.1214,5000.0,5000,1.0
0.1,4,q7_customer_summary,c,customers,4.896,4,1.224,192.0,207,1.0781
0.1,4,q8_sensitive_product_scan,l,lineitem,1056.0,1060,1.0038,12000.0,12000,1.0
0.1,4,q8_sensitive_product_scan,p,products,11.316,21,1.8558,246.0,283,1.1504
0.1,4,q9_ticket_topic_segments,t,tickets,134.68,142,1.0544,2275.0,2288,1.0057
0.1,4,q9_ticket_topic_segments,c,customers,26.316,33,1.254,1032.0,1168,1.1318
0.1,4,q10_acl_customer_rows,c,customers,22.644,12,1.887,888.0,548,1.6204
0.1,4,q11_order_ticket_bridge,o,orders,13.8105,12,1.1509,1550.0,2515,1.6226
0.1,4,q11_order_ticket_bridge,c,customers,30.6,33,1.0784,1200.0,1200,1.0
0.1,4,q11_order_ticket_bridge,t,tickets,88.8,78,1.1385,1500.0,1468,1.0218
0.1,4,q12_product_segment_revenue,o,orders,44.55,21,2.1214,5000.0,5000,1.0
0.1,4,q12_product_segment_revenue,c,customers,18.36,23,1.2527,720.0,729,1.0125
0.1,4,q12_product_segment_revenue,l,lineitem,1056.0,1060,1.0038,12000.0,12000,1.0
0.1,4,q12_product_segment_revenue,p,products,12.696,21,1.6541,276.0,281,1.0181
0.1,4,q13_order_lineitem_rows,o,orders,24.948,11,2.268,2800.0,2781,1.0068
0.1,4,q13_order_lineitem_rows,l,lineitem,749.76,844,1.1257,8520.0,9745,1.1438
0.1,4,q14_support_owner_rows,t,tickets,118.4,121,1.022,2000.0,1993,1.0035
0.1,4,q14_support_owner_rows,c,customers,30.6,33,1.0784,1200.0,1200,1.0
0.1,4,q15_clearance_product_rows,p,products,4.692,7,1.4919,102.0,102,1.0
0.1,4,q15_clearance_product_rows,l,lineitem,844.8,826,1.0228,9600.0,9562,1.004
0.1,4,q16_region_product_mix,c,customers,30.6,33,1.0784,1200.0,1200,1.0
0.1,4,q16_region_product_mix,o,orders,33.4125,13,2.5702,3750.0,3824,1.0197
0.1,4,q16_region_product_mix,l,lineitem,1056.0,1060,1.0038,12000.0,12000,1.0
0.1,4,q16_region_product_mix,p,products,11.592,21,1.8116,252.0,289,1.1468
0.1,5,q1_customer_orders,l,lineitem,1056.0,1060,1.0038,12000.0,12000,1.0
0.1,5,q1_customer_orders,o,orders,10.2465,9,1.1385,1150.0,1809,1.573
0.1,5,q1_customer_orders,c,customers,13.872,12,1.156,480.0,504,1.05
0.1,5,q2_revenue_by_product,l,lineitem,1056.0,1060,1.0038,12000.0,12000,1.0
0.1,5,q2_revenue_by_product,p,products,4.14,8,1.9324,90.0,97,1.0778
0.1,5,q2_revenue_by_product,o,orders,29.403,10,2.9403,3300.0,3322,1.0067
0.1,5,q3_support_tickets,t,tickets,47.36,50,1.0557,800.0,787,1.0165
0.1,5,q3_support_tickets,c,customers,34.68,34,1.02,1200.0,1200,1.0
0.1,5,q4_revenue_by_region,l,lineitem,1056.0,1060,1.0038,12000.0,12000,1.0
0.1,5,q4_revenue_by_region,o,orders,44.55,21,2.1214,5000.0,5000,1.0
0.1,5,q4_revenue_by_region,c,customers,34.68,34,1.02,1200.0,1200,1.0
0.1,5,q5_high_value_segments,o,orders,31.185,15,2.079,3500.0,3498,1.0006
0.1,5,q5_high_value_segments,c,customers,34.68,34,1.02,1200.0,1200,1.0
0.1,5,q6_lineitem_product_count,l,lineitem,844.8,862,1.0204,9600.0,9586,1.0015
0.1,5,q6_lineitem_product_count,p,products,12.282,19,1.547,267.0,267,1.0
0.1,5,q6_lineitem_product_count,o,orders,44.55,21,2.1214,5000.0,5000,1.0
0.1,5,q6_lineitem_product_count,c,customers,34.68,34,1.02,1200.0,1200,1.0
0.1,5,q7_customer_summary,o,orders,44.55,21,2.1214,5000.0,5000,1.0
0.1,5,q7_customer_summary,c,customers,5.5488,4,1.3872,192.0,207,1.0781
0.1,5,q8_sensitive_product_scan,l,lineitem,1056.0,1060,1.0038,12000.0,12000,1.0
0.1,5,q8_sensitive_product_scan,p,products,11.316,21,1.8558,246.0,283,1.1504
0.1,5,q9_ticket_topic_segments,t,tickets,134.68,142,1.0544,2275.0,2288,1.0057
0.1,5,q9_ticket_topic_segments,c,customers,29.8248,34,1.14,1032.0,1168,1.1318
0.1,5,q10_acl_customer_rows,c,customers,25.6632,12,2.1386,888.0,548,1.6204
0.1,5,q11_order_ticket_bridge,o,orders,13.8105,12,1.1509,1550.0,2515,1.6226
0.1,5,q11_order_ticket_bridge,c,customers,34.68,34,1.02,1200.0,1200,1.0
0.1,5,q11_order_ticket_bridge,t,tickets,88.8,78,1.1385,1500.0,1468,1.0218
0.1,5,q12_product_segment_revenue,o,orders,44.55,21,2.1214,5000.0,5000,1.0
0.1,5,q12_product_segment_revenue,c,customers,20.808,24,1.1534,720.0,729,1.0125
0.1,5,q12_product_segment_revenue,l,lineitem,1056.0,1060,1.0038,12000.0,12000,1.0
0.1,5,q12_product_segment_revenue,p,products,12.696,21,1.6541,276.0,281,1.0181
0.1,5,q13_order_lineitem_rows,o,orders,24.948,11,2.268,2800.0,2781,1.0068
0.1,5,q13_order_lineitem_rows,l,lineitem,749.76,844,1.1257,8520.0,9745,1.1438
0.1,5,q14_support_owner_rows,t,tickets,118.4,121,1.022,2000.0,1993,1.0035
0.1,5,q14_support_owner_rows,c,customers,34.68,34,1.02,1200.0,1200,1.0
0.1,5,q15_clearance_product_rows,p,products,4.692,7,1.4919,102.0,102,1.0
0.1,5,q15_clearance_product_rows,l,lineitem,844.8,826,1.0228,9600.0,9562,1.004
0.1,5,q16_region_product_mix,c,customers,34.68,34,1.02,1200.0,1200,1.0
0.1,5,q16_region_product_mix,o,orders,33.4125,13,2.5702,3750.0,3824,1.0197
0.1,5,q16_region_product_mix,l,lineitem,1056.0,1060,1.0038,12000.0,12000,1.0
0.1,5,q16_region_product_mix,p,products,11.592,21,1.8116,252.0,289,1.1468
0.1,6,q1_customer_orders,l,lineitem,1056.0,1060,1.0038,12000.0,12000,1.0
0.1,6,q1_customer_orders,o,orders,10.2465,9,1.1385,1150.0,1809,1.573
0.1,6,q1_customer_orders,c,customers,13.872,12,1.156,480.0,504,1.05
0.1,6,q2_revenue_by_product,l,lineitem,1056.0,1060,1.0038,12000.0,12000,1.0
0.1,6,q2_revenue_by_product,p,products,4.14,8,1.9324,90.0,97,1.0778
0.1,6,q2_revenue_by_product,o,orders,29.403,10,2.9403,3300.0,3322,1.0067
0.1,6,q3_support_tickets,t,tickets,47.36,50,1.0557,800.0,787,1.0165
0.1,6,q3_support_tickets,c,customers,34.68,34,1.02,1200.0,1200,1.0
0.1,6,q4_revenue_by_region,l,lineitem,1056.0,1060,1.0038,12000.0,12000,1.0
0.1,6,q4_revenue_by_region,o,orders,44.55,21,2.1214,5000.0,5000,1.0
0.1,6,q4_revenue_by_region,c,customers,34.68,34,1.02,1200.0,1200,1.0
0.1,6,q5_high_value_segments,o,orders,31.185,15,2.079,3500.0,3498,1.0006
0.1,6,q5_high_value_segments,c,customers,34.68,34,1.02,1200.0,1200,1.0
0.1,6,q6_lineitem_product_count,l,lineitem,844.8,862,1.0204,9600.0,9586,1.0015
0.1,6,q6_lineitem_product_count,p,products,12.282,19,1.547,267.0,267,1.0
0.1,6,q6_lineitem_product_count,o,orders,44.55,21,2.1214,5000.0,5000,1.0
0.1,6,q6_lineitem_product_count,c,customers,34.68,34,1.02,1200.0,1200,1.0
0.1,6,q7_customer_summary,o,orders,44.55,21,2.1214,5000.0,5000,1.0
0.1,6,q7_customer_summary,c,customers,5.5488,4,1.3872,192.0,207,1.0781
0.1,6,q8_sensitive_product_scan,l,lineitem,1056.0,1060,1.0038,12000.0,12000,1.0
0.1,6,q8_sensitive_product_scan,p,products,11.316,21,1.8558,246.0,283,1.1504
0.1,6,q9_ticket_topic_segments,t,tickets,134.68,142,1.0544,2275.0,2288,1.0057
0.1,6,q9_ticket_topic_segments,c,customers,29.8248,34,1.14,1032.0,1168,1.1318
0.1,6,q10_acl_customer_rows,c,customers,25.6632,12,2.1386,888.0,548,1.6204
0.1,6,q11_order_ticket_bridge,o,orders,13.8105,12,1.1509,1550.0,2515,1.6226
0.1,6,q11_order_ticket_bridge,c,customers,34.68,34,1.02,1200.0,1200,1.0
0.1,6,q11_order_ticket_bridge,t,tickets,88.8,78,1.1385,1500.0,1468,1.0218
0.1,6,q12_product_segment_revenue,o,orders,44.55,21,2.1214,5000.0,5000,1.0
0.1,6,q12_product_segment_revenue,c,customers,20.808,24,1.1534,720.0,729,1.0125
0.1,6,q12_product_segment_revenue,l,lineitem,1056.0,1060,1.0038,12000.0,12000,1.0
0.1,6,q12_product_segment_revenue,p,products,12.696,21,1.6541,276.0,281,1.0181
0.1,6,q13_order_lineitem_rows,o,orders,24.948,11,2.268,2800.0,2781,1.0068
0.1,6,q13_order_lineitem_rows,l,lineitem,749.76,844,1.1257,8520.0,9745,1.1438
0.1,6,q14_support_owner_rows,t,tickets,118.4,121,1.022,2000.0,1993,1.0035
0.1,6,q14_support_owner_rows,c,customers,34.68,34,1.02,1200.0,1200,1.0
0.1,6,q15_clearance_product_rows,p,products,4.692,7,1.4919,102.0,102,1.0
0.1,6,q15_clearance_product_rows,l,lineitem,844.8,826,1.0228,9600.0,9562,1.004
0.1,6,q16_region_product_mix,c,customers,34.68,34,1.02,1200.0,1200,1.0
0.1,6,q16_region_product_mix,o,orders,33.4125,13,2.5702,3750.0,3824,1.0197
0.1,6,q16_region_product_mix,l,lineitem,1056.0,1060,1.0038,12000.0,12000,1.0
0.1,6,q16_region_product_mix,p,products,11.592,21,1.8116,252.0,289,1.1468
0.25,1,q1_customer_orders,l,lineitem,3000.0,3024,1.008,12000.0,12000,1.0
0.25,1,q1_customer_orders,o,orders,287.5,461,1.6035,1150.0,1809,1.573
0.25,1,q1_customer_orders,c,customers,120.0,128,1.0667,480.0,504,1.05
0.25,1,q2_revenue_by_product,l,lineitem,3000.0,3024,1.008,12000.0,12000,1.0
0.25,1,q2_revenue_by_product,p,products,22.5,31,1.3778,90.0,97,1.0778
0.25,1,q2_revenue_by_product,o,orders,825.0,821,1.0049,3300.0,3322,1.0067
0.25,1,q3_support_tickets,t,tickets,200.0,235,1.175,800.0,787,1.0165
0.25,1,q3_support_tickets,c,customers,300.0,303,1.01,1200.0,1200,1.0
0.25,1,q4_revenue_by_region,l,lineitem,3000.0,3024,1.008,12000.0,12000,1.0
0.25,1,q4_revenue_by_region,o,orders,1250.0,1223,1.0221,5000.0,5000,1.0
0.25,1,q4_revenue_by_region,c,customers,300.0,303,1.01,1200.0,1200,1.0
0.25,1,q5_high_value_segments,o,orders,875.0,868,1.0081,3500.0,3498,1.0006
0.25,1,q5_high_value_segments,c,customers,300.0,303,1.01,1200.0,1200,1.0
0.25,1,q6_lineitem_product_count,l,lineitem,2400.0,2458,1.0242,9600.0,9586,1.0015
0.25,1,q6_lineitem_product_count,p,products,66.75,78,1.1685,267.0,267,1.0
0.25,1,q6_lineitem_product_count,o,orders,1250.0,1223,1.0221,5000.0,5000,1.0
0.25,1,q6_lineitem_product_count,c,customers,300.0,303,1.01,1200.0,1200,1.0
0.25,1,q7_customer_summary,o,orders,1250.0,1223,1.0221,5000.0,5000,1.0
0.25,1,q7_customer_summary,c,customers,48.0,64,1.3333,192.0,207,1.0781
0.25,1,q8_sensitive_product_scan,l,lineitem,3000.0,3024,1.008,12000.0,12000,1.0
0.25,1,q8_sensitive_product_scan,p,products,61.5,84,1.3659,246.0,283,1.1504
0.25,1,q9_ticket_topic_segments,t,tickets,568.75,631,1.1095,2275.0,2288,1.0057
0.25,1,q9_ticket_topic_segments,c,customers,258.0,292,1.1318,1032.0,1168,1.1318
0.25,1,q10_acl_customer_rows,c,customers,222.0,133,1.6692,888.0,548,1.6204
0.25,1,q11_order_ticket_bridge,o,orders,387.5,639,1.649,1550.0,2515,1.6226
0.25,1,q11_order_ticket_bridge,c,customers,300.0,303,1.01,1200.0,1200,1.0
0.25,1,q11_order_ticket_bridge,t,tickets,375.0,421,1.1227,1500.0,1468,1.0218
0.25,1,q12_product_segment_revenue,o,orders,1250.0,1223,1.0221,5000.0,5000,1.0
0.25,1,q12_product_segment_revenue,c,customers,180.0,182,1.0111,720.0,729,1.0125
0.25,1,q12_product_segment_revenue,l,lineitem,3000.0,3024,1.008,12000.0,12000,1.0
0.25,1,q12_product_segment_revenue,p,products,69.0,81,1.1739,276.0,281,1.0181
0.25,1,q13_order_lineitem_rows,o,orders,700.0,703,1.0043,2800.0,2781,1.0068
0.25,1,q13_order_lineitem_rows,l,lineitem,2130.0,2410,1.1315,8520.0,9745,1.1438
0.25,1,q14_support_owner_rows,t,tickets,500.0,544,1.088,2000.0,1993,1.0035
0.25,1,q14_support_owner_rows,c,customers,300.0,303,1.01,1200.0,1200,1.0
0.25,1,q15_clearance_product_rows,p,products,25.5,29,1.1373,102.0,102,1.0
0.25,1,q15_clearance_product_rows,l,lineitem,2400.0,2364,1.0152,9600.0,9562,1.004
0.25,1,q16_region_product_mix,c,customers,300.0,303,1.01,1200.0,1200,1.0
0.25,1,q16_region_product_mix,o,orders,937.5,935,1.0027,3750.0,3824,1.0197
0.25,1,q16_region_product_mix,l,lineitem,3000.0,3024,1.008,12000.0,12000,1.0
0.25,1,q16_region_product_mix,p,products,63.0,82,1.3016,252.0,289,1.1468
0.25,2,q1_customer_orders,l,lineitem,3000.0,3024,1.008,12000.0,12000,1.0
0.25,2,q1_customer_orders,o,orders,253.0,421,1.664,1150.0,1809,1.573
0.25,2,q1_customer_orders,c,customers,40.8,69,1.6912,480.0,504,1.05
0.25,2,q2_revenue_by_product,l,lineitem,3000.0,3024,1.008,12000.0,12000,1.0
0.25,2,q2_revenue_by_product,p,products,20.7,26,1.256,90.0,97,1.0778
0.25,2,q2_revenue_by_product,o,orders,726.0,744,1.0248,3300.0,3322,1.0067
0.25,2,q3_support_tickets,t,tickets,160.0,172,1.075,800.0,787,1.0165
0.25,2,q3_support_tickets,c,customers,102.0,155,1.5196,1200.0,1200,1.0
0.25,2,q4_revenue_by_region,l,lineitem,3000.0,3024,1.008,12000.0,12000,1.0
0.25,2,q4_revenue_by_region,o,orders,1100.0,1111,1.01,5000.0,5000,1.0
0.25,2,q4_revenue_by_region,c,customers,102.0,155,1.5196,1200.0,1200,1.0
0.25,2,q5_high_value_segments,o,orders,770.0,793,1.0299,3500.0,3498,1.0006
0.25,2,q5_high_value_segments,c,customers,102.0,155,1.5196,1200.0,1200,1.0
0.25,2,q6_lineitem_product_count,l,lineitem,2400.0,2458,1.0242,9600.0,9586,1.0015
0.25,2,q6_lineitem_product_count,p,products,61.41,73,1.1887,267.0,267,1.0
0.25,2,q6_lineitem_product_count,o,orders,1100.0,1111,1.01,5000.0,5000,1.0
0.25,2,q6_lineitem_product_count,c,customers,102.0,155,1.5196,1200.0,1200,1.0
0.25,2,q7_customer_summary,o,orders,1100.0,1111,1.01,5000.0,5000,1.0
0.25,2,q7_customer_summary,c,customers,16.32,34,2.0833,192.0,207,1.0781
0.25,2,q8_sensitive_product_scan,l,lineitem,3000.0,3024,1.008,12000.0,12000,1.0
0.25,2,q8_sensitive_product_scan,p,products,56.58,78,1.3786,246.0,283,1.1504
0.25,2,q9_ticket_topic_segments,t,tickets,455.0,507,1.1143,2275.0,2288,1.0057
0.25,2,q9_ticket_topic_segments,c,customers,87.72,155,1.767,1032.0,1168,1.1318
0.25,2,q10_acl_customer_rows,c,customers,75.48,70,1.0783,888.0,548,1.6204
0.25,2,q11_order_ticket_bridge,o,orders,341.0,587,1.7214,1550.0,2515,1.6226
0.25,2,q11_order_ticket_bridge,c,customers,102.0,155,1.5196,1200.0,1200,1.0
0.25,2,q11_order_ticket_bridge,t,tickets,300.0,282,1.0638,1500.0,1468,1.0218
0.25,2,q12_product_segment_revenue,o,orders,1100.0,1111,1.01,5000.0,5000,1.0
0.25,2,q12_product_segment_revenue,c,customers,61.2,99,1.6176,720.0,729,1.0125
0.25,2,q12_product_segment_revenue,l,lineitem,3000.0,3024,1.008,12000.0,12000,1.0
0.25,2,q12_product_segment_revenue,p,products,63.48,81,1.276,276.0,281,1.0181
0.25,2,q13_order_lineitem_rows,o,orders,616.0,703,1.1412,2800.0,2781,1.0068
0.25,2,q13_order_lineitem_rows,l,lineitem,2130.0,2410,1.1315,8520.0,9745,1.1438
0.25,2,q14_support_owner_rows,t,tickets,400.0,430,1.075,2000.0,1993,1.0035
0.25,2,q14_support_owner_rows,c,customers,102.0,155,1.5196,1200.0,1200,1.0
0.25,2,q15_clearance_product_rows,p,products,23.46,27,1.1509,102.0,102,1.0
0.25,2,q15_clearance_product_rows,l,lineitem,2400.0,2364,1.0152,9600.0,9562,1.004
0.25,2,q16_region_product_mix,c,customers,102.0,155,1.5196,1200.0,1200,1.0
0.25,2,q16_region_product_mix,o,orders,825.0,856,1.0376,3750.0,3824,1.0197
0.25,2,q16_region_product_mix,l,lineitem,3000.0,3024,1.008,12000.0,12000,1.0
0.25,2,q16_region_product_mix,p,products,57.96,76,1.3112,252.0,289,1.1468
0.25,3,q1_customer_orders,l,lineitem,3000.0,3024,1.008,12000.0,12000,1.0
0.25,3,q1_customer_orders,o,orders,68.31,118,1.7274,1150.0,1809,1.573
0.25,3,q1_customer_orders,c,customers,40.8,69,1.6912,480.0,504,1.05
0.25,3,q2_revenue_by_product,l,lineitem,3000.0,3024,1.008,12000.0,12000,1.0
0.25,3,q2_revenue_by_product,p,products,10.35,20,1.9324,90.0,97,1.0778
0.25,3,q2_revenue_by_product,o,orders,196.02,178,1.1012,3300.0,3322,1.0067
0.25,3,q3_support_tickets,t,tickets,118.4,136,1.1486,800.0,787,1.0165
0.25,3,q3_support_tickets,c,customers,102.0,155,1.5196,1200.0,1200,1.0
0.25,3,q4_revenue_by_region,l,lineitem,3000.0,3024,1.008,12000.0,12000,1.0
0.25,3,q4_revenue_by_region,o,orders,297.0,275,1.08,5000.0,5000,1.0
0.25,3,q4_revenue_by_region,c,customers,102.0,155,1.5196,1200.0,1200,1.0
0.25,3,q5_high_value_segments,o,orders,207.9,209,1.0053,3500.0,3498,1.0006
0.25,3,q5_high_value_segments,c,customers,102.0,155,1.5196,1200.0,1200,1.0
0.25,3,q6_lineitem_product_count,l,lineitem,2400.0,2458,1.0242,9600.0,9586,1.0015
0.25,3,q6_lineitem_product_count,p,products,30.705,48,1.5633,267.0,267,1.0
0.25,3,q6_lineitem_product_count,o,orders,297.0,275,1.08,5000.0,5000,1.0
0.25,3,q6_lineitem_product_count,c,customers,102.0,155,1.5196,1200.0,1200,1.0
0.25,3,q7_customer_summary,o,orders,297.0,275,1.08,5000.0,5000,1.0
0.25,3,q7_customer_summary,c,customers,16.32,34,2.0833,192.0,207,1.0781
0.25,3,q8_sensitive_product_scan,l,lineitem,3000.0,3024,1.008,12000.0,12000,1.0
0.25,3,q8_sensitive_product_scan,p,products,28.29,51,1.8028,246.0,283,1.1504
0.25,3,q9_ticket_topic_segments,t,tickets,336.7,384,1.1405,2275.0,2288,1.0057
0.25,3,q9_ticket_topic_segments,c,customers,87.72,155,1.767,1032.0,1168,1.1318
0.25,3,q10_acl_customer_rows,c,customers,75.48,70,1.0783,888.0,548,1.6204
0.25,3,q11_order_ticket_bridge,o,orders,92.07,162,1.7595,1550.0,2515,1.6226
0.25,3,q11_order_ticket_bridge,c,customers,102.0,155,1.5196,1200.0,1200,1.0
0.25,3,q11_order_ticket_bridge,t,tickets,222.0,219,1.0137,1500.0,1468,1.0218
0.25,3,q12_product_segment_revenue,o,orders,297.0,275,1.08,5000.0,5000,1.0
0.25,3,q12_product_segment_revenue,c,customers,61.2,99,1.6176,720.0,729,1.0125
0.25,3,q12_product_segment_revenue,l,lineitem,3000.0,3024,1.008,12000.0,12000,1.0
0.25,3,q12_product_segment_revenue,p,products,31.74,54,1.7013,276.0,281,1.0181
0.25,3,q13_order_lineitem_rows,o,orders,166.32,175,1.0522,2800.0,2781,1.0068
0.25,3,q13_order_lineitem_rows,l,lineitem,2130.0,2410,1.1315,8520.0,9745,1.1438
0.25,3,q14_support_owner_rows,t,tickets,296.0,327,1.1047,2000.0,1993,1.0035
0.25,3,q14_support_owner_rows,c,customers,102.0,155,1.5196,1200.0,1200,1.0
0.25,3,q15_clearance_product_rows,p,products,11.73,17,1.4493,102.0,102,1.0
0.25,3,q15_clearance_product_rows,l,lineitem,2400.0,2364,1.0152,9600.0,9562,1.004
0.25,3,q16_region_product_mix,c,customers,102.0,155,1.5196,1200.0,1200,1.0
0.25,3,q16_region_product_mix,o,orders,222.75,205,1.0866,3750.0,3824,1.0197
0.25,3,q16_region_product_mix,l,lineitem,3000.0,3024,1.008,12000.0,12000,1.0
0.25,3,q16_region_product_mix,p,products,28.98,54,1.8634,252.0,289,1.1468
0.25,4,q1_customer_orders,l,lineitem,2640.0,2770,1.0492,12000.0,12000,1.0
0.25,4,q1_customer_orders,o,orders,34.155,63,1.8445,1150.0,1809,1.573
0.25,4,q1_customer_orders,c,customers,40.8,69,1.6912,480.0,504,1.05
0.25,4,q2_revenue_by_product,l,lineitem,2640.0,2770,1.0492,12000.0,12000,1.0
0.25,4,q2_revenue_by_product,p,products,10.35,20,1.9324,90.0,97,1.0778
0.25,4,q2_revenue_by_product,o,orders,98.01,93,1.0539,3300.0,3322,1.0067
0.25,4,q3_support_tickets,t,tickets,118.4,136,1.1486,800.0,787,1.0165
0.25,4,q3_support_tickets,c,customers,102.0,155,1.5196,1200.0,1200,1.0
0.25,4,q4_revenue_by_region,l,lineitem,2640.0,2770,1.0492,12000.0,12000,1.0
0.25,4,q4_revenue_by_region,o,orders,148.5,152,1.0236,5000.0,5000,1.0
0.25,4,q4_revenue_by_region,c,customers,102.0,155,1.5196,1200.0,1200,1.0
0.25,4,q5_high_value_segments,o,orders,103.95,108,1.039,3500.0,3498,1.0006
0.25,4,q5_high_value_segments,c,customers,102.0,155,1.5196,1200.0,1200,1.0
0.25,4,q6_lineitem_product_count,l,lineitem,2112.0,2243,1.062,9600.0,9586,1.0015
0.25,4,q6_lineitem_product_count,p,products,30.705,48,1.5633,267.0,267,1.0
0.25,4,q6_lineitem_product_count,o,orders,148.5,152,1.0236,5000.0,5000,1.0
0.25,4,q6_lineitem_product_count,c,customers,102.0,155,1.5196,1200.0,1200,1.0
0.25,4,q7_customer_summary,o,orders,148.5,152,1.0236,5000.0,5000,1.0
0.25,4,q7_customer_summary,c,customers,16.32,34,2.0833,192.0,207,1.0781
0.25,4,q8_sensitive_product_scan,l,lineitem,2640.0,2770,1.0492,12000.0,12000,1.0
0.25,4,q8_sensitive_product_scan,p,products,28.29,51,1.8028,246.0,283,1.1504
0.25,4,q9_ticket_topic_segments,t,tickets,336.7,384,1.1405,2275.0,2288,1.0057
0.25,4,q9_ticket_topic_segments,c,customers,87.72,155,1.767,1032.0,1168,1.1318
0.25,4,q10_acl_customer_rows,c,customers,75.48,70,1.0783,888.0,548,1.6204
0.25,4,q11_order_ticket_bridge,o,orders,46.035,90,1.955,1550.0,2515,1.6226
0.25,4,q11_order_ticket_bridge,c,customers,102.0,155,1.5196,1200.0,1200,1.0
0.25,4,q11_order_ticket_bridge,t,tickets,222.0,219,1.0137,1500.0,1468,1.0218
0.25,4,q12_product_segment_revenue,o,orders,148.5,152,1.0236,5000.0,5000,1.0
0.25,4,q12_product_segment_revenue,c,customers,61.2,99,1.6176,720.0,729,1.0125
0.25,4,q12_product_segment_revenue,l,lineitem,2640.0,2770,1.0492,12000.0,12000,1.0
0.25,4,q12_product_segment_revenue,p,products,31.74,54,1.7013,276.0,281,1.0181
0.25,4,q13_order_lineitem_rows,o,orders,83.16,93,1.1183,2800.0,2781,1.0068
0.25,4,q13_order_lineitem_rows,l,lineitem,1874.4,2198,1.1726,8520.0,9745,1.1438
0.25,4,q14_support_owner_rows,t,tickets,296.0,327,1.1047,2000.0,1993,1.0035
0.25,4,q14_support_owner_rows,c,customers,102.0,155,1.5196,1200.0,1200,1.0
0.25,4,q15_clearance_product_rows,p,products,11.73,17,1.4493,102.0,102,1.0
0.25,4,q15_clearance_product_rows,l,lineitem,2112.0,2181,1.0327,9600.0,9562,1.004
0.25,4,q16_region_product_mix,c,customers,102.0,155,1.5196,1200.0,1200,1.0
0.25,4,q16_region_product_mix,o,orders,111.375,115,1.0325,3750.0,3824,1.0197
0.25,4,q16_region_product_mix,l,lineitem,2640.0,2770,1.0492,12000.0,12000,1.0
0.25,4,q16_region_product_mix,p,products,28.98,54,1.8634,252.0,289,1.1468
0.25,5,q1_customer_orders,l,lineitem,2640.0,2770,1.0492,12000.0,12000,1.0
0.25,5,q1_customer_orders,o,orders,34.155,63,1.8445,1150.0,1809,1.573
0.25,5,q1_customer_orders,c,customers,44.88,71,1.582,480.0,504,1.05
0.25,5,q2_revenue_by_product,l,lineitem,2640.0,2770,1.0492,12000.0,12000,1.0
0.25,5,q2_revenue_by_product,p,products,10.35,20,1.9324,90.0,97,1.0778
0.25,5,q2_revenue_by_product,o,orders,98.01,93,1.0539,3300.0,3322,1.0067
0.25,5,q3_support_tickets,t,tickets,118.4,136,1.1486,800.0,787,1.0165
0.25,5,q3_support_tickets,c,customers,112.2,159,1.4171,1200.0,1200,1.0
0.25,5,q4_revenue_by_region,l,lineitem,2640.0,2770,1.0492,12000.0,12000,1.0
0.25,5,q4_revenue_by_region,o,orders,148.5,152,1.0236,5000.0,5000,1.0
0.25,5,q4_revenue_by_region,c,customers,112.2,159,1.4171,1200.0,1200,1.0
0.25,5,q5_high_value_segments,o,orders,103.95,108,1.039,3500.0,3498,1.0006
0.25,5,q5_high_value_segments,c,customers,112.2,159,1.4171,1200.0,1200,1.0
0.25,5,q6_lineitem_product_count,l,lineitem,2112.0,2243,1.062,9600.0,9586,1.0015
0.25,5,q6_lineitem_product_count,p,products,30.705,48,1.5633,267.0,267,1.0
0.25,5,q6_lineitem_product_count,o,orders,148.5,152,1.0236,5000.0,5000,1.0
0.25,5,q6_lineitem_product_count,c,customers,112.2,159,1.4171,1200.0,1200,1.0
0.25,5,q7_customer_summary,o,orders,148.5,152,1.0236,5000.0,5000,1.0
0.25,5,q7_customer_summary,c,customers,17.952,36,2.0053,192.0,207,1.0781
0.25,5,q8_sensitive_product_scan,l,lineitem,2640.0,2770,1.0492,12000.0,12000,1.0
0.25,5,q8_sensitive_product_scan,p,products,28.29,51,1.8028,246.0,283,1.1504
0.25,5,q9_ticket_topic_segments,t,tickets,336.7,384,1.1405,2275.0,2288,1.0057
0.25,5,q9_ticket_topic_segments,c,customers,96.492,159,1.6478,1032.0,1168,1.1318
0.25,5,q10_acl_customer_rows,c,customers,83.028,70,1.1861,888.0,548,1.6204
0.25,5,q11_order_ticket_bridge,o,orders,46.035,90,1.955,1550.0,2515,1.6226
0.25,5,q11_order_ticket_bridge,c,customers,112.2,159,1.4171,1200.0,1200,1.0
0.25,5,q11_order_ticket_bridge,t,tickets,222.0,219,1.0137,1500.0,1468,1.0218
0.25,5,q12_product_segment_revenue,o,orders,148.5,152,1.0236,5000.0,5000,1.0
0.25,5,q12_product_segment_revenue,c,customers,67.32,101,1.5003,720.0,729,1.0125
0.25,5,q12_product_segment_revenue,l,lineitem,2640.0,2770,1.0492,12000.0,12000,1.0
0.25,5,q12_product_segment_revenue,p,products,31.74,54,1.7013,276.0,281,1.0181
0.25,5,q13_order_lineitem_rows,o,orders,83.16,93,1.1183,2800.0,2781,1.0068
0.25,5,q13_order_lineitem_rows,l,lineitem,1874.4,2198,1.1726,8520.0,9745,1.1438
0.25,5,q14_support_owner_rows,t,tickets,296.0,327,1.1047,2000.0,1993,1.0035
0.25,5,q14_support_owner_rows,c,customers,112.2,159,1.4171,1200.0,1200,1.0
0.25,5,q15_clearance_product_rows,p,products,11.73,17,1.4493,102.0,102,1.0
0.25,5,q15_clearance_product_rows,l,lineitem,2112.0,2181,1.0327,9600.0,9562,1.004
0.25,5,q16_region_product_mix,c,customers,112.2,159,1.4171,1200.0,1200,1.0
0.25,5,q16_region_product_mix,o,orders,111.375,115,1.0325,3750.0,3824,1.0197
0.25,5,q16_region_product_mix,l,lineitem,2640.0,2770,1.0492,12000.0,12000,1.0
0.25,5,q16_region_product_mix,p,products,28.98,54,1.8634,252.0,289,1.1468
0.25,6,q1_customer_orders,l,lineitem,2640.0,2770,1.0492,12000.0,12000,1.0
0.25,6,q1_customer_orders,o,orders,34.155,63,1.8445,1150.0,1809,1.573
0.25,6,q1_customer_orders,c,customers,44.88,71,1.582,480.0,504,1.05
0.25,6,q2_revenue_by_product,l,lineitem,2640.0,2770,1.0492,12000.0,12000,1.0
0.25,6,q2_revenue_by_product,p,products,10.35,20,1.9324,90.0,97,1.0778
0.25,6,q2_revenue_by_product,o,orders,98.01,93,1.0539,3300.0,3322,1.0067
0.25,6,q3_support_tickets,t,tickets,118.4,136,1.1486,800.0,787,1.0165
0.25,6,q3_support_tickets,c,customers,112.2,159,1.4171,1200.0,1200,1.0
0.25,6,q4_revenue_by_region,l,lineitem,2640.0,2770,1.0492,12000.0,12000,1.0
0.25,6,q4_revenue_by_region,o,orders,148.5,152,1.0236,5000.0,5000,1.0
0.25,6,q4_revenue_by_region,c,customers,112.2,159,1.4171,1200.0,1200,1.0
0.25,6,q5_high_value_segments,o,orders,103.95,108,1.039,3500.0,3498,1.0006
0.25,6,q5_high_value_segments,c,customers,112.2,159,1.4171,1200.0,1200,1.0
0.25,6,q6_lineitem_product_count,l,lineitem,2112.0,2243,1.062,9600.0,9586,1.0015
0.25,6,q6_lineitem_product_count,p,products,30.705,48,1.5633,267.0,267,1.0
0.25,6,q6_lineitem_product_count,o,orders,148.5,152,1.0236,5000.0,5000,1.0
0.25,6,q6_lineitem_product_count,c,customers,112.2,159,1.4171,1200.0,1200,1.0
0.25,6,q7_customer_summary,o,orders,148.5,152,1.0236,5000.0,5000,1.0
0.25,6,q7_customer_summary,c,customers,17.952,36,2.0053,192.0,207,1.0781
0.25,6,q8_sensitive_product_scan,l,lineitem,2640.0,2770,1.0492,12000.0,12000,1.0
0.25,6,q8_sensitive_product_scan,p,products,28.29,51,1.8028,246.0,283,1.1504
0.25,6,q9_ticket_topic_segments,t,tickets,336.7,384,1.1405,2275.0,2288,1.0057
0.25,6,q9_ticket_topic_segments,c,customers,96.492,159,1.6478,1032.0,1168,1.1318
0.25,6,q10_acl_customer_rows,c,customers,83.028,70,1.1861,888.0,548,1.6204
0.25,6,q11_order_ticket_bridge,o,orders,46.035,90,1.955,1550.0,2515,1.6226
0.25,6,q11_order_ticket_bridge,c,customers,112.2,159,1.4171,1200.0,1200,1.0
0.25,6,q11_order_ticket_bridge,t,tickets,222.0,219,1.0137,1500.0,1468,1.0218
0.25,6,q12_product_segment_revenue,o,orders,148.5,152,1.0236,5000.0,5000,1.0
0.25,6,q12_product_segment_revenue,c,customers,67.32,101,1.5003,720.0,729,1.0125
0.25,6,q12_product_segment_revenue,l,lineitem,2640.0,2770,1.0492,12000.0,12000,1.0
0.25,6,q12_product_segment_revenue,p,products,31.74,54,1.7013,276.0,281,1.0181
0.25,6,q13_order_lineitem_rows,o,orders,83.16,93,1.1183,2800.0,2781,1.0068
0.25,6,q13_order_lineitem_rows,l,lineitem,1874.4,2198,1.1726,8520.0,9745,1.1438
0.25,6,q14_support_owner_rows,t,tickets,296.0,327,1.1047,2000.0,1993,1.0035
0.25,6,q14_support_owner_rows,c,customers,112.2,159,1.4171,1200.0,1200,1.0
0.25,6,q15_clearance_product_rows,p,products,11.73,17,1.4493,102.0,102,1.0
0.25,6,q15_clearance_product_rows,l,lineitem,2112.0,2181,1.0327,9600.0,9562,1.004
0.25,6,q16_region_product_mix,c,customers,112.2,159,1.4171,1200.0,1200,1.0
0.25,6,q16_region_product_mix,o,orders,111.375,115,1.0325,3750.0,3824,1.0197
0.25,6,q16_region_product_mix,l,lineitem,2640.0,2770,1.0492,12000.0,12000,1.0
0.25,6,q16_region_product_mix,p,products,28.98,54,1.8634,252.0,289,1.1468
0.5,1,q1_customer_orders,l,lineitem,6000.0,6031,1.0052,12000.0,12000,1.0
0.5,1,q1_customer_orders,o,orders,575.0,932,1.6209,1150.0,1809,1.573
0.5,1,q1_customer_orders,c,customers,240.0,251,1.0458,480.0,504,1.05
0.5,1,q2_revenue_by_product,l,lineitem,6000.0,6031,1.0052,12000.0,12000,1.0
0.5,1,q2_revenue_by_product,p,products,45.0,52,1.1556,90.0,97,1.0778
0.5,1,q2_revenue_by_product,o,orders,1650.0,1668,1.0109,3300.0,3322,1.0067
0.5,1,q3_support_tickets,t,tickets,400.0,434,1.085,800.0,787,1.0165
0.5,1,q3_support_tickets,c,customers,600.0,589,1.0187,1200.0,1200,1.0
0.5,1,q4_revenue_by_region,l,lineitem,6000.0,6031,1.0052,12000.0,12000,1.0
0.5,1,q4_revenue_by_region,o,orders,2500.0,2482,1.0073,5000.0,5000,1.0
0.5,1,q4_revenue_by_region,c,customers,600.0,589,1.0187,1200.0,1200,1.0
0.5,1,q5_high_value_segments,o,orders,1750.0,1752,1.0011,3500.0,3498,1.0006
0.5,1,q5_high_value_segments,c,customers,600.0,589,1.0187,1200.0,1200,1.0
0.5,1,q6_lineitem_product_count,l,lineitem,4800.0,4823,1.0048,9600.0,9586,1.0015
0.5,1,q6_lineitem_product_count,p,products,133.5,133,1.0038,267.0,267,1.0
0.5,1,q6_lineitem_product_count,o,orders,2500.0,2482,1.0073,5000.0,5000,1.0
0.5,1,q6_lineitem_product_count,c,customers,600.0,589,1.0187,1200.0,1200,1.0
0.5,1,q7_customer_summary,o,orders,2500.0,2482,1.0073,5000.0,5000,1.0
0.5,1,q7_customer_summary,c,customers,96.0,114,1.1875,192.0,207,1.0781
0.5,1,q8_sensitive_product_scan,l,lineitem,6000.0,6031,1.0052,12000.0,12000,1.0
0.5,1,q8_sensitive_product_scan,p,products,123.0,144,1.1707,246.0,283,1.1504
0.5,1,q9_ticket_topic_segments,t,tickets,1137.5,1196,1.0514,2275.0,2288,1.0057
0.5,1,q9_ticket_topic_segments,c,customers,516.0,571,1.1066,1032.0,1168,1.1318
0.5,1,q10_acl_customer_rows,c,customers,444.0,265,1.6755,888.0,548,1.6204
0.5,1,q11_order_ticket_bridge,o,orders,775.0,1284,1.6568,1550.0,2515,1.6226
0.5,1,q11_order_ticket_bridge,c,customers,600.0,589,1.0187,1200.0,1200,1.0
0.5,1,q11_order_ticket_bridge,t,tickets,750.0,767,1.0227,1500.0,1468,1.0218
0.5,1,q12_product_segment_revenue,o,orders,2500.0,2482,1.0073,5000.0,5000,1.0
0.5,1,q12_product_segment_revenue,c,customers,360.0,351,1.0256,720.0,729,1.0125
0.5,1,q12_product_segment_revenue,l,lineitem,6000.0,6031,1.0052,12000.0,12000,1.0
0.5,1,q12_product_segment_revenue,p,products,138.0,136,1.0147,276.0,281,1.0181
0.5,1,q13_order_lineitem_rows,o,orders,1400.0,1416,1.0114,2800.0,2781,1.0068
0.5,1,q13_order_lineitem_rows,l,lineitem,4260.0,4880,1.1455,8520.0,9745,1.1438
0.5,1,q14_support_owner_rows,t,tickets,1000.0,1032,1.032,2000.0,1993,1.0035
0.5,1,q14_support_owner_rows,c,customers,600.0,589,1.0187,1200.0,1200,1.0
0.5,1,q15_clearance_product_rows,p,products,51.0,48,1.0625,102.0,102,1.0
0.5,1,q15_clearance_product_rows,l,lineitem,4800.0,4753,1.0099,9600.0,9562,1.004
0.5,1,q16_region_product_mix,c,customers,600.0,589,1.0187,1200.0,1200,1.0
0.5,1,q16_region_product_mix,o,orders,1875.0,1910,1.0187,3750.0,3824,1.0197
0.5,1,q16_region_product_mix,l,lineitem,6000.0,6031,1.0052,12000.0,12000,1.0
0.5,1,q16_region_product_mix,p,products,126.0,144,1.1429,252.0,289,1.1468
0.5,2,q1_customer_orders,l,lineitem,6000.0,6031,1.0052,12000.0,12000,1.0
0.5,2,q1_customer_orders,o,orders,506.0,844,1.668,1150.0,1809,1.573
0.5,2,q1_customer_orders,c,customers,122.4,184,1.5033,480.0,504,1.05
0.5,2,q2_revenue_by_product,l,lineitem,6000.0,6031,1.0052,12000.0,12000,1.0
0.5,2,q2_revenue_by_product,p,products,41.4,46,1.1111,90.0,97,1.0778
0.5,2,q2_revenue_by_product,o,orders,1452.0,1501,1.0337,3300.0,3322,1.0067
0.5,2,q3_support_tickets,t,tickets,320.0,321,1.0031,800.0,787,1.0165
0.5,2,q3_support_tickets,c,customers,306.0,410,1.3399,1200.0,1200,1.0
0.5,2,q4_revenue_by_region,l,lineitem,6000.0,6031,1.0052,12000.0,12000,1.0
0.5,2,q4_revenue_by_region,o,orders,2200.0,2242,1.0191,5000.0,5000,1.0
0.5,2,q4_revenue_by_region,c,customers,306.0,410,1.3399,1200.0,1200,1.0
0.5,2,q5_high_value_segments,o,orders,1540.0,1589,1.0318,3500.0,3498,1.0006
0.5,2,q5_high_value_segments,c,customers,306.0,410,1.3399,1200.0,1200,1.0
0.5,2,q6_lineitem_product_count,l,lineitem,4800.0,4823,1.0048,9600.0,9586,1.0015
0.5,2,q6_lineitem_product_count,p,products,122.82,120,1.0235,267.0,267,1.0
0.5,2,q6_lineitem_product_count,o,orders,2200.0,2242,1.0191,5000.0,5000,1.0
0.5,2,q6_lineitem_product_count,c,customers,306.0,410,1.3399,1200.0,1200,1.0
0.5,2,q7_customer_summary,o,orders,2200.0,2242,1.0191,5000.0,5000,1.0
0.5,2,q7_customer_summary,c,customers,48.96,81,1.6544,192.0,207,1.0781
0.5,2,q8_sensitive_product_scan,l,lineitem,6000.0,6031,1.0052,12000.0,12000,1.0
0.5,2,q8_sensitive_product_scan,p,products,113.16,130,1.1488,246.0,283,1.1504
0.5,2,q9_ticket_topic_segments,t,tickets,910.0,967,1.0626,2275.0,2288,1.0057
0.5,2,q9_ticket_topic_segments,c,customers,263.16,410,1.558,1032.0,1168,1.1318
0.5,2,q10_acl_customer_rows,c,customers,226.44,179,1.265,888.0,548,1.6204
0.5,2,q11_order_ticket_bridge,o,orders,682.0,1166,1.7097,1550.0,2515,1.6226
0.5,2,q11_order_ticket_bridge,c,customers,306.0,410,1.3399,1200.0,1200,1.0
0.5,2,q11_order_ticket_bridge,t,tickets,600.0,510,1.1765,1500.0,1468,1.0218
0.5,2,q12_product_segment_revenue,o,orders,2200.0,2242,1.0191,5000.0,5000,1.0
0.5,2,q12_product_segment_revenue,c,customers,183.6,229,1.2473,720.0,729,1.0125
0.5,2,q12_product_segment_revenue,l,lineitem,6000.0,6031,1.0052,12000.0,12000,1.0
0.5,2,q12_product_segment_revenue,p,products,126.96,136,1.0712,276.0,281,1.0181
0.5,2,q13_order_lineitem_rows,o,orders,1232.0,1416,1.1494,2800.0,2781,1.0068
0.5,2,q13_order_lineitem_rows,l,lineitem,4260.0,4880,1.1455,8520.0,9745,1.1438
0.5,2,q14_support_owner_rows,t,tickets,800.0,828,1.035,2000.0,1993,1.0035
0.5,2,q14_support_owner_rows,c,customers,306.0,410,1.3399,1200.0,1200,1.0
0.5,2,q15_clearance_product_rows,p,products,46.92,42,1.1171,102.0,102,1.0
0.5,2,q15_clearance_product_rows,l,lineitem,4800.0,4753,1.0099,9600.0,9562,1.004
0.5,2,q16_region_product_mix,c,customers,306.0,410,1.3399,1200.0,1200,1.0
0.5,2,q16_region_product_mix,o,orders,1650.0,1724,1.0448,3750.0,3824,1.0197
0.5,2,q16_region_product_mix,l,lineitem,6000.0,6031,1.0052,12000.0,12000,1.0
0.5,2,q16_region_product_mix,p,products,115.92,131,1.1301,252.0,289,1.1468
0.5,3,q1_customer_orders,l,lineitem,6000.0,6031,1.0052,12000.0,12000,1.0
0.5,3,q1_customer_orders,o,orders,136.62,212,1.5517,1150.0,1809,1.573
0.5,3,q1_customer_orders,c,customers,122.4,184,1.5033,480.0,504,1.05
0.5,3,q2_revenue_by_product,l,lineitem,6000.0,6031,1.0052,12000.0,12000,1.0
0.5,3,q2_revenue_by_product,p,products,34.5,43,1.2464,90.0,97,1.0778
0.5,3,q2_revenue_by_product,o,orders,392.04,359,1.092,3300.0,3322,1.0067
0.5,3,q3_support_tickets,t,tickets,236.8,255,1.0769,800.0,787,1.0165
0.5,3,q3_support_tickets,c,customers,306.0,410,1.3399,1200.0,1200,1.0
0.5,3,q4_revenue_by_region,l,lineitem,6000.0,6031,1.0052,12000.0,12000,1.0
0.5,3,q4_revenue_by_region,o,orders,594.0,543,1.0939,5000.0,5000,1.0
0.5,3,q4_revenue_by_region,c,customers,306.0,410,1.3399,1200.0,1200,1.0
0.5,3,q5_high_value_segments,o,orders,415.8,402,1.0343,3500.0,3498,1.0006
0.5,3,q5_high_value_segments,c,customers,306.0,410,1.3399,1200.0,1200,1.0
0.5,3,q6_lineitem_product_count,l,lineitem,4800.0,4823,1.0048,9600.0,9586,1.0015
0.5,3,q6_lineitem_product_count,p,products,102.35,115,1.1236,267.0,267,1.0
0.5,3,q6_lineitem_product_count,o,orders,594.0,543,1.0939,5000.0,5000,1.0
0.5,3,q6_lineitem_product_count,c,customers,306.0,410,1.3399,1200.0,1200,1.0
0.5,3,q7_customer_summary,o,orders,594.0,543,1.0939,5000.0,5000,1.0
0.5,3,q7_customer_summary,c,customers,48.96,81,1.6544,192.0,207,1.0781
0.5,3,q8_sensitive_product_scan,l,lineitem,6000.0,6031,1.0052,12000.0,12000,1.0
0.5,3,q8_sensitive_product_scan,p,products,94.3,125,1.3256,246.0,283,1.1504
0.5,3,q9_ticket_topic_segments,t,tickets,673.4,734,1.09,2275.0,2288,1.0057
0.5,3,q9_ticket_topic_segments,c,customers,263.16,410,1.558,1032.0,1168,1.1318
0.5,3,q10_acl_customer_rows,c,customers,226.44,179,1.265,888.0,548,1.6204
0.5,3,q11_order_ticket_bridge,o,orders,184.14,297,1.6129,1550.0,2515,1.6226
0.5,3,q11_order_ticket_bridge,c,customers,306.0,410,1.3399,1200.0,1200,1.0
0.5,3,q11_order_ticket_bridge,t,tickets,444.0,392,1.1327,1500.0,1468,1.0218
0.5,3,q12_product_segment_revenue,o,orders,594.0,543,1.0939,5000.0,5000,1.0
0.5,3,q12_product_segment_revenue,c,customers,183.6,229,1.2473,720.0,729,1.0125
0.5,3,q12_product_segment_revenue,l,lineitem,6000.0,6031,1.0052,12000.0,12000,1.0
0.5,3,q12_product_segment_revenue,p,products,105.8,131,1.2382,276.0,281,1.0181
0.5,3,q13_order_lineitem_rows,o,orders,332.64,337,1.0131,2800.0,2781,1.0068
0.5,3,q13_order_lineitem_rows,l,lineitem,4260.0,4880,1.1455,8520.0,9745,1.1438
0.5,3,q14_support_owner_rows,t,tickets,592.0,628,1.0608,2000.0,1993,1.0035
0.5,3,q14_support_owner_rows,c,customers,306.0,410,1.3399,1200.0,1200,1.0
0.5,3,q15_clearance_product_rows,p,products,39.1,41,1.0486,102.0,102,1.0
0.5,3,q15_clearance_product_rows,l,lineitem,4800.0,4753,1.0099,9600.0,9562,1.004
0.5,3,q16_region_product_mix,c,customers,306.0,410,1.3399,1200.0,1200,1.0
0.5,3,q16_region_product_mix,o,orders,445.5,414,1.0761,3750.0,3824,1.0197
0.5,3,q16_region_product_mix,l,lineitem,6000.0,6031,1.0052,12000.0,12000,1.0
0.5,3,q16_region_product_mix,p,products,96.6,131,1.3561,252.0,289,1.1468
0.5,4,q1_customer_orders,l,lineitem,5280.0,5480,1.0379,12000.0,12000,1.0
0.5,4,q1_customer_orders,o,orders,102.465,162,1.581,1150.0,1809,1.573
0.5,4,q1_customer_orders,c,customers,122.4,184,1.5033,480.0,504,1.05
0.5,4,q2_revenue_by_product,l,lineitem,5280.0,5480,1.0379,12000.0,12000,1.0
0.5,4,q2_revenue_by_product,p,products,34.5,43,1.2464,90.0,97,1.0778
0.5,4,q2_revenue_by_product,o,orders,294.03,264,1.1138,3300.0,3322,1.0067
0.5,4,q3_support_tickets,t,tickets,236.8,255,1.0769,800.0,787,1.0165
0.5,4,q3_support_tickets,c,customers,306.0,410,1.3399,1200.0,1200,1.0
0.5,4,q4_revenue_by_region,l,lineitem,5280.0,5480,1.0379,12000.0,12000,1.0
0.5,4,q4_revenue_by_region,o,orders,445.5,405,1.1,5000.0,5000,1.0
0.5,4,q4_revenue_by_region,c,customers,306.0,410,1.3399,1200.0,1200,1.0
0.5,4,q5_high_value_segments,o,orders,311.85,298,1.0465,3500.0,3498,1.0006
0.5,4,q5_high_value_segments,c,customers,306.0,410,1.3399,1200.0,1200,1.0
0.5,4,q6_lineitem_product_count,l,lineitem,4224.0,4382,1.0374,9600.0,9586,1.0015
0.5,4,q6_lineitem_product_count,p,products,102.35,115,1.1236,267.0,267,1.0
0.5,4,q6_lineitem_product_count,o,orders,445.5,405,1.1,5000.0,5000,1.0
0.5,4,q6_lineitem_product_count,c,customers,306.0,410,1.3399,1200.0,1200,1.0
0.5,4,q7_customer_summary,o,orders,445.5,405,1.1,5000.0,5000,1.0
0.5,4,q7_customer_summary,c,customers,48.96,81,1.6544,192.0,207,1.0781
0.5,4,q8_sensitive_product_scan,l,lineitem,5280.0,5480,1.0379,12000.0,12000,1.0
0.5,4,q8_sensitive_product_scan,p,products,94.3,125,1.3256,246.0,283,1.1504
0.5,4,q9_ticket_topic_segments,t,tickets,673.4,734,1.09,2275.0,2288,1.0057
0.5,4,q9_ticket_topic_segments,c,customers,263.16,410,1.558,1032.0,1168,1.1318
0.5,4,q10_acl_customer_rows,c,customers,226.44,179,1.265,888.0,548,1.6204
0.5,4,q11_order_ticket_bridge,o,orders,138.105,226,1.6364,1550.0,2515,1.6226
0.5,4,q11_order_ticket_bridge,c,customers,306.0,410,1.3399,1200.0,1200,1.0
0.5,4,q11_order_ticket_bridge,t,tickets,444.0,392,1.1327,1500.0,1468,1.0218
0.5,4,q12_product_segment_revenue,o,orders,445.5,405,1.1,5000.0,5000,1.0
0.5,4,q12_product_segment_revenue,c,customers,183.6,229,1.2473,720.0,729,1.0125
0.5,4,q12_product_segment_revenue,l,lineitem,5280.0,5480,1.0379,12000.0,12000,1.0
0.5,4,q12_product_segment_revenue,p,products,105.8,131,1.2382,276.0,281,1.0181
0.5,4,q13_order_lineitem_rows,o,orders,249.48,247,1.01,2800.0,2781,1.0068
0.5,4,q13_order_lineitem_rows,l,lineitem,3748.8,4417,1.1782,8520.0,9745,1.1438
0.5,4,q14_support_owner_rows,t,tickets,592.0,628,1.0608,2000.0,1993,1.0035
0.5,4,q14_support_owner_rows,c,customers,306.0,410,1.3399,1200.0,1200,1.0
0.5,4,q15_clearance_product_rows,p,products,39.1,41,1.0486,102.0,102,1.0
0.5,4,q15_clearance_product_rows,l,lineitem,4224.0,4327,1.0244,9600.0,9562,1.004
0.5,4,q16_region_product_mix,c,customers,306.0,410,1.3399,1200.0,1200,1.0
0.5,4,q16_region_product_mix,o,orders,334.125,309,1.0813,3750.0,3824,1.0197
0.5,4,q16_region_product_mix,l,lineitem,5280.0,5480,1.0379,12000.0,12000,1.0
0.5,4,q16_region_product_mix,p,products,96.6,131,1.3561,252.0,289,1.1468
0.5,5,q1_customer_orders,l,lineitem,5280.0,5480,1.0379,12000.0,12000,1.0
0.5,5,q1_customer_orders,o,orders,102.465,162,1.581,1150.0,1809,1.573
0.5,5,q1_customer_orders,c,customers,130.56,187,1.4323,480.0,504,1.05
0.5,5,q2_revenue_by_product,l,lineitem,5280.0,5480,1.0379,12000.0,12000,1.0
0.5,5,q2_revenue_by_product,p,products,34.5,43,1.2464,90.0,97,1.0778
0.5,5,q2_revenue_by_product,o,orders,294.03,264,1.1138,3300.0,3322,1.0067
0.5,5,q3_support_tickets,t,tickets,236.8,255,1.0769,800.0,787,1.0165
0.5,5,q3_support_tickets,c,customers,326.4,418,1.2806,1200.0,1200,1.0
0.5,5,q4_revenue_by_region,l,lineitem,5280.0,5480,1.0379,12000.0,12000,1.0
0.5,5,q4_revenue_by_region,o,orders,445.5,405,1.1,5000.0,5000,1.0
0.5,5,q4_revenue_by_region,c,customers,326.4,418,1.2806,1200.0,1200,1.0
0.5,5,q5_high_value_segments,o,orders,311.85,298,1.0465,3500.0,3498,1.0006
0.5,5,q5_high_value_segments,c,customers,326.4,418,1.2806,1200.0,1200,1.0
0.5,5,q6_lineitem_product_count,l,lineitem,4224.0,4382,1.0374,9600.0,9586,1.0015
0.5,5,q6_lineitem_product_count,p,products,102.35,115,1.1236,267.0,267,1.0
0.5,5,q6_lineitem_product_count,o,orders,445.5,405,1.1,5000.0,5000,1.0
0.5,5,q6_lineitem_product_count,c,customers,326.4,418,1.2806,1200.0,1200,1.0
0.5,5,q7_customer_summary,o,orders,445.5,405,1.1,5000.0,5000,1.0
0.5,5,q7_customer_summary,c,customers,52.224,82,1.5702,192.0,207,1.0781
0.5,5,q8_sensitive_product_scan,l,lineitem,5280.0,5480,1.0379,12000.0,12000,1.0
0.5,5,q8_sensitive_product_scan,p,products,94.3,125,1.3256,246.0,283,1.1504
0.5,5,q9_ticket_topic_segments,t,tickets,673.4,734,1.09,2275.0,2288,1.0057
0.5,5,q9_ticket_topic_segments,c,customers,280.704,418,1.4891,1032.0,1168,1.1318
0.5,5,q10_acl_customer_rows,c,customers,241.536,182,1.3271,888.0,548,1.6204
0.5,5,q11_order_ticket_bridge,o,orders,138.105,226,1.6364,1550.0,2515,1.6226
0.5,5,q11_order_ticket_bridge,c,customers,326.4,418,1.2806,1200.0,1200,1.0
0.5,5,q11_order_ticket_bridge,t,tickets,444.0,392,1.1327,1500.0,1468,1.0218
0.5,5,q12_product_segment_revenue,o,orders,445.5,405,1.1,5000.0,5000,1.0
0.5,5,q12_product_segment_revenue,c,customers,195.84,233,1.1897,720.0,729,1.0125
0.5,5,q12_product_segment_revenue,l,lineitem,5280.0,5480,1.0379,12000.0,12000,1.0
0.5,5,q12_product_segment_revenue,p,products,105.8,131,1.2382,276.0,281,1.0181
0.5,5,q13_order_lineitem_rows,o,orders,249.48,247,1.01,2800.0,2781,1.0068
0.5,5,q13_order_lineitem_rows,l,lineitem,3748.8,4417,1.1782,8520.0,9745,1.1438
0.5,5,q14_support_owner_rows,t,tickets,592.0,628,1.0608,2000.0,1993,1.0035
0.5,5,q14_support_owner_rows,c,customers,326.4,418,1.2806,1200.0,1200,1.0
0.5,5,q15_clearance_product_rows,p,products,39.1,41,1.0486,102.0,102,1.0
0.5,5,q15_clearance_product_rows,l,lineitem,4224.0,4327,1.0244,9600.0,9562,1.004
0.5,5,q16_region_product_mix,c,customers,326.4,418,1.2806,1200.0,1200,1.0
0.5,5,q16_region_product_mix,o,orders,334.125,309,1.0813,3750.0,3824,1.0197
0.5,5,q16_region_product_mix,l,lineitem,5280.0,5480,1.0379,12000.0,12000,1.0
0.5,5,q16_region_product_mix,p,products,96.6,131,1.3561,252.0,289,1.1468
0.5,6,q1_customer_orders,l,lineitem,5280.0,5480,1.0379,12000.0,12000,1.0
0.5,6,q1_customer_orders,o,orders,102.465,162,1.581,1150.0,1809,1.573
0.5,6,q1_customer_orders,c,customers,130.56,187,1.4323,480.0,504,1.05
0.5,6,q2_revenue_by_product,l,lineitem,5280.0,5480,1.0379,12000.0,12000,1.0
0.5,6,q2_revenue_by_product,p,products,34.5,43,1.2464,90.0,97,1.0778
0.5,6,q2_revenue_by_product,o,orders,294.03,264,1.1138,3300.0,3322,1.0067
0.5,6,q3_support_tickets,t,tickets,236.8,255,1.0769,800.0,787,1.0165
0.5,6,q3_support_tickets,c,customers,326.4,418,1.2806,1200.0,1200,1.0
0.5,6,q4_revenue_by_region,l,lineitem,5280.0,5480,1.0379,12000.0,12000,1.0
0.5,6,q4_revenue_by_region,o,orders,445.5,405,1.1,5000.0,5000,1.0
0.5,6,q4_revenue_by_region,c,customers,326.4,418,1.2806,1200.0,1200,1.0
0.5,6,q5_high_value_segments,o,orders,311.85,298,1.0465,3500.0,3498,1.0006
0.5,6,q5_high_value_segments,c,customers,326.4,418,1.2806,1200.0,1200,1.0
0.5,6,q6_lineitem_product_count,l,lineitem,4224.0,4382,1.0374,9600.0,9586,1.0015
0.5,6,q6_lineitem_product_count,p,products,102.35,115,1.1236,267.0,267,1.0
0.5,6,q6_lineitem_product_count,o,orders,445.5,405,1.1,5000.0,5000,1.0
0.5,6,q6_lineitem_product_count,c,customers,326.4,418,1.2806,1200.0,1200,1.0
0.5,6,q7_customer_summary,o,orders,445.5,405,1.1,5000.0,5000,1.0
0.5,6,q7_customer_summary,c,customers,52.224,82,1.5702,192.0,207,1.0781
0.5,6,q8_sensitive_product_scan,l,lineitem,5280.0,5480,1.0379,12000.0,12000,1.0
0.5,6,q8_sensitive_product_scan,p,products,94.3,125,1.3256,246.0,283,1.1504
0.5,6,q9_ticket_topic_segments,t,tickets,673.4,734,1.09,2275.0,2288,1.0057
0.5,6,q9_ticket_topic_segments,c,customers,280.704,418,1.4891,1032.0,1168,1.1318
0.5,6,q10_acl_customer_rows,c,customers,241.536,182,1.3271,888.0,548,1.6204
0.5,6,q11_order_ticket_bridge,o,orders,138.105,226,1.6364,1550.0,2515,1.6226
0.5,6,q11_order_ticket_bridge,c,customers,326.4,418,1.2806,1200.0,1200,1.0
0.5,6,q11_order_ticket_bridge,t,tickets,444.0,392,1.1327,1500.0,1468,1.0218
0.5,6,q12_product_segment_revenue,o,orders,445.5,405,1.1,5000.0,5000,1.0
0.5,6,q12_product_segment_revenue,c,customers,195.84,233,1.1897,720.0,729,1.0125
0.5,6,q12_product_segment_revenue,l,lineitem,5280.0,5480,1.0379,12000.0,12000,1.0
0.5,6,q12_product_segment_revenue,p,products,105.8,131,1.2382,276.0,281,1.0181
0.5,6,q13_order_lineitem_rows,o,orders,249.48,247,1.01,2800.0,2781,1.0068
0.5,6,q13_order_lineitem_rows,l,lineitem,3748.8,4417,1.1782,8520.0,9745,1.1438
0.5,6,q14_support_owner_rows,t,tickets,592.0,628,1.0608,2000.0,1993,1.0035
0.5,6,q14_support_owner_rows,c,customers,326.4,418,1.2806,1200.0,1200,1.0
0.5,6,q15_clearance_product_rows,p,products,39.1,41,1.0486,102.0,102,1.0
0.5,6,q15_clearance_product_rows,l,lineitem,4224.0,4327,1.0244,9600.0,9562,1.004
0.5,6,q16_region_product_mix,c,customers,326.4,418,1.2806,1200.0,1200,1.0
0.5,6,q16_region_product_mix,o,orders,334.125,309,1.0813,3750.0,3824,1.0197
0.5,6,q16_region_product_mix,l,lineitem,5280.0,5480,1.0379,12000.0,12000,1.0
0.5,6,q16_region_product_mix,p,products,96.6,131,1.3561,252.0,289,1.1468
