selectivity,complexity,query,method,safe_by_rule,rule_reason,equivalent_to_reference,policy_violation_count,symmetric_difference_count,reference_error,error
0.025,5,q1_customer_orders,mut_no_mask,0,mutation deletes one policy obligation for checker sensitivity,1,0,0,,
0.025,5,q1_customer_orders,mut_drop_tenant,0,mutation deletes one policy obligation for checker sensitivity,0,46,46,,
0.025,5,q1_customer_orders,mut_drop_purpose,0,mutation deletes one policy obligation for checker sensitivity,1,0,0,,
0.025,5,q1_customer_orders,mut_drop_clearance,0,mutation deletes one policy obligation for checker sensitivity,1,0,0,,
0.025,5,q1_customer_orders,mut_drop_region,0,mutation deletes one policy obligation for checker sensitivity,1,0,0,,
0.025,5,q1_customer_orders,mut_drop_cross_guard,0,mutation deletes one policy obligation for checker sensitivity,1,0,0,,
0.025,5,q1_customer_orders,mut_drop_acl,0,mutation deletes one policy obligation for checker sensitivity,1,0,0,,
0.025,5,q1_customer_orders,mut_no_group_guard,0,mutation deletes one policy obligation for checker sensitivity,1,0,0,,
0.025,5,q3_support_tickets,mut_no_mask,0,mutation deletes one policy obligation for checker sensitivity,1,0,0,,
0.025,5,q3_support_tickets,mut_drop_tenant,0,mutation deletes one policy obligation for checker sensitivity,0,57,57,,
0.025,5,q3_support_tickets,mut_drop_purpose,0,mutation deletes one policy obligation for checker sensitivity,1,0,0,,
0.025,5,q3_support_tickets,mut_drop_clearance,0,mutation deletes one policy obligation for checker sensitivity,1,0,0,,
0.025,5,q3_support_tickets,mut_drop_region,0,mutation deletes one policy obligation for checker sensitivity,1,0,0,,
0.025,5,q3_support_tickets,mut_drop_cross_guard,0,mutation deletes one policy obligation for checker sensitivity,1,0,0,,
0.025,5,q3_support_tickets,mut_drop_acl,0,mutation deletes one policy obligation for checker sensitivity,0,7,7,,
0.025,5,q3_support_tickets,mut_no_group_guard,0,mutation deletes one policy obligation for checker sensitivity,1,0,0,,
0.025,5,q4_revenue_by_region,mut_no_mask,0,mutation deletes one policy obligation for checker sensitivity,1,0,0,,
0.025,5,q4_revenue_by_region,mut_drop_tenant,0,mutation deletes one policy obligation for checker sensitivity,0,1,1,,
0.025,5,q4_revenue_by_region,mut_drop_purpose,0,mutation deletes one policy obligation for checker sensitivity,1,0,0,,
0.025,5,q4_revenue_by_region,mut_drop_clearance,0,mutation deletes one policy obligation for checker sensitivity,1,0,0,,
0.025,5,q4_revenue_by_region,mut_drop_region,0,mutation deletes one policy obligation for checker sensitivity,1,0,0,,
0.025,5,q4_revenue_by_region,mut_drop_cross_guard,0,mutation deletes one policy obligation for checker sensitivity,0,1,1,,
0.025,5,q4_revenue_by_region,mut_drop_acl,0,mutation deletes one policy obligation for checker sensitivity,1,0,0,,
0.025,5,q4_revenue_by_region,mut_no_group_guard,0,mutation deletes one policy obligation for checker sensitivity,1,0,0,,
0.025,5,q7_customer_summary,mut_no_mask,0,mutation deletes one policy obligation for checker sensitivity,1,0,0,,
0.025,5,q7_customer_summary,mut_drop_tenant,0,mutation deletes one policy obligation for checker sensitivity,0,14,14,,
0.025,5,q7_customer_summary,mut_drop_purpose,0,mutation deletes one policy obligation for checker sensitivity,1,0,0,,
0.025,5,q7_customer_summary,mut_drop_clearance,0,mutation deletes one policy obligation for checker sensitivity,1,0,0,,
0.025,5,q7_customer_summary,mut_drop_region,0,mutation deletes one policy obligation for checker sensitivity,1,0,0,,
0.025,5,q7_customer_summary,mut_drop_cross_guard,0,mutation deletes one policy obligation for checker sensitivity,1,0,0,,
0.025,5,q7_customer_summary,mut_drop_acl,0,mutation deletes one policy obligation for checker sensitivity,1,0,0,,
0.025,5,q7_customer_summary,mut_no_group_guard,0,mutation deletes one policy obligation for checker sensitivity,1,0,0,,
0.025,5,q10_acl_customer_rows,mut_no_mask,0,mutation deletes one policy obligation for checker sensitivity,1,0,0,,
0.025,5,q10_acl_customer_rows,mut_drop_tenant,0,mutation deletes one policy obligation for checker sensitivity,0,75,75,,
0.025,5,q10_acl_customer_rows,mut_drop_purpose,0,mutation deletes one policy obligation for checker sensitivity,1,0,0,,
0.025,5,q10_acl_customer_rows,mut_drop_clearance,0,mutation deletes one policy obligation for checker sensitivity,1,0,0,,
0.025,5,q10_acl_customer_rows,mut_drop_region,0,mutation deletes one policy obligation for checker sensitivity,1,0,0,,
0.025,5,q10_acl_customer_rows,mut_drop_cross_guard,0,mutation deletes one policy obligation for checker sensitivity,1,0,0,,
0.025,5,q10_acl_customer_rows,mut_drop_acl,0,mutation deletes one policy obligation for checker sensitivity,0,10,10,,
0.025,5,q10_acl_customer_rows,mut_no_group_guard,0,mutation deletes one policy obligation for checker sensitivity,1,0,0,,
0.025,5,q12_product_segment_revenue,mut_no_mask,0,mutation deletes one policy obligation for checker sensitivity,1,0,0,,
0.025,5,q12_product_segment_revenue,mut_drop_tenant,0,mutation deletes one policy obligation for checker sensitivity,0,17,17,,
0.025,5,q12_product_segment_revenue,mut_drop_purpose,0,mutation deletes one policy obligation for checker sensitivity,1,0,0,,
0.025,5,q12_product_segment_revenue,mut_drop_clearance,0,mutation deletes one policy obligation for checker sensitivity,1,0,0,,
0.025,5,q12_product_segment_revenue,mut_drop_region,0,mutation deletes one policy obligation for checker sensitivity,1,0,0,,
0.025,5,q12_product_segment_revenue,mut_drop_cross_guard,0,mutation deletes one policy obligation for checker sensitivity,0,1,1,,
0.025,5,q12_product_segment_revenue,mut_drop_acl,0,mutation deletes one policy obligation for checker sensitivity,1,0,0,,
0.025,5,q12_product_segment_revenue,mut_no_group_guard,0,mutation deletes one policy obligation for checker sensitivity,1,0,0,,
0.025,5,q16_region_product_mix,mut_no_mask,0,mutation deletes one policy obligation for checker sensitivity,1,0,0,,
0.025,5,q16_region_product_mix,mut_drop_tenant,0,mutation deletes one policy obligation for checker sensitivity,0,8,8,,
0.025,5,q16_region_product_mix,mut_drop_purpose,0,mutation deletes one policy obligation for checker sensitivity,1,0,0,,
0.025,5,q16_region_product_mix,mut_drop_clearance,0,mutation deletes one policy obligation for checker sensitivity,1,0,0,,
0.025,5,q16_region_product_mix,mut_drop_region,0,mutation deletes one policy obligation for checker sensitivity,1,0,0,,
0.025,5,q16_region_product_mix,mut_drop_cross_guard,0,mutation deletes one policy obligation for checker sensitivity,0,1,1,,
0.025,5,q16_region_product_mix,mut_drop_acl,0,mutation deletes one policy obligation for checker sensitivity,1,0,0,,
0.025,5,q16_region_product_mix,mut_no_group_guard,0,mutation deletes one policy obligation for checker sensitivity,1,0,0,,
0.025,6,q1_customer_orders,mut_no_mask,0,mutation deletes one policy obligation for checker sensitivity,1,0,0,,
0.025,6,q1_customer_orders,mut_drop_tenant,0,mutation deletes one policy obligation for checker sensitivity,0,46,46,,
0.025,6,q1_customer_orders,mut_drop_purpose,0,mutation deletes one policy obligation for checker sensitivity,1,0,0,,
0.025,6,q1_customer_orders,mut_drop_clearance,0,mutation deletes one policy obligation for checker sensitivity,1,0,0,,
0.025,6,q1_customer_orders,mut_drop_region,0,mutation deletes one policy obligation for checker sensitivity,1,0,0,,
0.025,6,q1_customer_orders,mut_drop_cross_guard,0,mutation deletes one policy obligation for checker sensitivity,1,0,0,,
0.025,6,q1_customer_orders,mut_drop_acl,0,mutation deletes one policy obligation for checker sensitivity,1,0,0,,
0.025,6,q1_customer_orders,mut_no_group_guard,0,mutation deletes one policy obligation for checker sensitivity,1,0,0,,
0.025,6,q3_support_tickets,mut_no_mask,0,mutation deletes one policy obligation for checker sensitivity,1,0,0,,
0.025,6,q3_support_tickets,mut_drop_tenant,0,mutation deletes one policy obligation for checker sensitivity,0,57,57,,
0.025,6,q3_support_tickets,mut_drop_purpose,0,mutation deletes one policy obligation for checker sensitivity,1,0,0,,
0.025,6,q3_support_tickets,mut_drop_clearance,0,mutation deletes one policy obligation for checker sensitivity,1,0,0,,
0.025,6,q3_support_tickets,mut_drop_region,0,mutation deletes one policy obligation for checker sensitivity,1,0,0,,
0.025,6,q3_support_tickets,mut_drop_cross_guard,0,mutation deletes one policy obligation for checker sensitivity,1,0,0,,
0.025,6,q3_support_tickets,mut_drop_acl,0,mutation deletes one policy obligation for checker sensitivity,0,7,7,,
0.025,6,q3_support_tickets,mut_no_group_guard,0,mutation deletes one policy obligation for checker sensitivity,1,0,0,,
0.025,6,q4_revenue_by_region,mut_no_mask,0,mutation deletes one policy obligation for checker sensitivity,1,0,0,,
0.025,6,q4_revenue_by_region,mut_drop_tenant,0,mutation deletes one policy obligation for checker sensitivity,0,1,1,,
0.025,6,q4_revenue_by_region,mut_drop_purpose,0,mutation deletes one policy obligation for checker sensitivity,1,0,0,,
0.025,6,q4_revenue_by_region,mut_drop_clearance,0,mutation deletes one policy obligation for checker sensitivity,1,0,0,,
0.025,6,q4_revenue_by_region,mut_drop_region,0,mutation deletes one policy obligation for checker sensitivity,1,0,0,,
0.025,6,q4_revenue_by_region,mut_drop_cross_guard,0,mutation deletes one policy obligation for checker sensitivity,1,0,0,,
0.025,6,q4_revenue_by_region,mut_drop_acl,0,mutation deletes one policy obligation for checker sensitivity,1,0,0,,
0.025,6,q4_revenue_by_region,mut_no_group_guard,0,mutation deletes one policy obligation for checker sensitivity,1,0,0,,
0.025,6,q7_customer_summary,mut_no_mask,0,mutation deletes one policy obligation for checker sensitivity,1,0,0,,
0.025,6,q7_customer_summary,mut_drop_tenant,0,mutation deletes one policy obligation for checker sensitivity,1,0,0,,
0.025,6,q7_customer_summary,mut_drop_purpose,0,mutation deletes one policy obligation for checker sensitivity,1,0,0,,
0.025,6,q7_customer_summary,mut_drop_clearance,0,mutation deletes one policy obligation for checker sensitivity,1,0,0,,
0.025,6,q7_customer_summary,mut_drop_region,0,mutation deletes one policy obligation for checker sensitivity,1,0,0,,
0.025,6,q7_customer_summary,mut_drop_cross_guard,0,mutation deletes one policy obligation for checker sensitivity,1,0,0,,
0.025,6,q7_customer_summary,mut_drop_acl,0,mutation deletes one policy obligation for checker sensitivity,1,0,0,,
0.025,6,q7_customer_summary,mut_no_group_guard,0,mutation deletes one policy obligation for checker sensitivity,1,0,0,,
0.025,6,q10_acl_customer_rows,mut_no_mask,0,mutation deletes one policy obligation for checker sensitivity,1,0,0,,
0.025,6,q10_acl_customer_rows,mut_drop_tenant,0,mutation deletes one policy obligation for checker sensitivity,0,75,75,,
0.025,6,q10_acl_customer_rows,mut_drop_purpose,0,mutation deletes one policy obligation for checker sensitivity,1,0,0,,
0.025,6,q10_acl_customer_rows,mut_drop_clearance,0,mutation deletes one policy obligation for checker sensitivity,1,0,0,,
0.025,6,q10_acl_customer_rows,mut_drop_region,0,mutation deletes one policy obligation for checker sensitivity,1,0,0,,
0.025,6,q10_acl_customer_rows,mut_drop_cross_guard,0,mutation deletes one policy obligation for checker sensitivity,1,0,0,,
0.025,6,q10_acl_customer_rows,mut_drop_acl,0,mutation deletes one policy obligation for checker sensitivity,0,10,10,,
0.025,6,q10_acl_customer_rows,mut_no_group_guard,0,mutation deletes one policy obligation for checker sensitivity,1,0,0,,
0.025,6,q12_product_segment_revenue,mut_no_mask,0,mutation deletes one policy obligation for checker sensitivity,1,0,0,,
0.025,6,q12_product_segment_revenue,mut_drop_tenant,0,mutation deletes one policy obligation for checker sensitivity,1,0,0,,
0.025,6,q12_product_segment_revenue,mut_drop_purpose,0,mutation deletes one policy obligation for checker sensitivity,1,0,0,,
0.025,6,q12_product_segment_revenue,mut_drop_clearance,0,mutation deletes one policy obligation for checker sensitivity,1,0,0,,
0.025,6,q12_product_segment_revenue,mut_drop_region,0,mutation deletes one policy obligation for checker sensitivity,1,0,0,,
0.025,6,q12_product_segment_revenue,mut_drop_cross_guard,0,mutation deletes one policy obligation for checker sensitivity,1,0,0,,
0.025,6,q12_product_segment_revenue,mut_drop_acl,0,mutation deletes one policy obligation for checker sensitivity,1,0,0,,
0.025,6,q12_product_segment_revenue,mut_no_group_guard,0,mutation deletes one policy obligation for checker sensitivity,1,0,0,,
0.025,6,q16_region_product_mix,mut_no_mask,0,mutation deletes one policy obligation for checker sensitivity,1,0,0,,
0.025,6,q16_region_product_mix,mut_drop_tenant,0,mutation deletes one policy obligation for checker sensitivity,0,4,4,,
0.025,6,q16_region_product_mix,mut_drop_purpose,0,mutation deletes one policy obligation for checker sensitivity,1,0,0,,
0.025,6,q16_region_product_mix,mut_drop_clearance,0,mutation deletes one policy obligation for checker sensitivity,1,0,0,,
0.025,6,q16_region_product_mix,mut_drop_region,0,mutation deletes one policy obligation for checker sensitivity,1,0,0,,
0.025,6,q16_region_product_mix,mut_drop_cross_guard,0,mutation deletes one policy obligation for checker sensitivity,1,0,0,,
0.025,6,q16_region_product_mix,mut_drop_acl,0,mutation deletes one policy obligation for checker sensitivity,1,0,0,,
0.025,6,q16_region_product_mix,mut_no_group_guard,0,mutation deletes one policy obligation for checker sensitivity,1,0,0,,
0.25,5,q1_customer_orders,mut_no_mask,0,mutation deletes one policy obligation for checker sensitivity,0,41,82,,
0.25,5,q1_customer_orders,mut_drop_tenant,0,mutation deletes one policy obligation for checker sensitivity,0,131,131,,
0.25,5,q1_customer_orders,mut_drop_purpose,0,mutation deletes one policy obligation for checker sensitivity,0,159,159,,
0.25,5,q1_customer_orders,mut_drop_clearance,0,mutation deletes one policy obligation for checker sensitivity,0,4,4,,
0.25,5,q1_customer_orders,mut_drop_region,0,mutation deletes one policy obligation for checker sensitivity,1,0,0,,
0.25,5,q1_customer_orders,mut_drop_cross_guard,0,mutation deletes one policy obligation for checker sensitivity,1,0,0,,
0.25,5,q1_customer_orders,mut_drop_acl,0,mutation deletes one policy obligation for checker sensitivity,1,0,0,,
0.25,5,q1_customer_orders,mut_no_group_guard,0,mutation deletes one policy obligation for checker sensitivity,1,0,0,,
0.25,5,q3_support_tickets,mut_no_mask,0,mutation deletes one policy obligation for checker sensitivity,0,52,104,,
0.25,5,q3_support_tickets,mut_drop_tenant,0,mutation deletes one policy obligation for checker sensitivity,0,154,154,,
0.25,5,q3_support_tickets,mut_drop_purpose,0,mutation deletes one policy obligation for checker sensitivity,0,24,24,,
0.25,5,q3_support_tickets,mut_drop_clearance,0,mutation deletes one policy obligation for checker sensitivity,0,1,1,,
0.25,5,q3_support_tickets,mut_drop_region,0,mutation deletes one policy obligation for checker sensitivity,1,0,0,,
0.25,5,q3_support_tickets,mut_drop_cross_guard,0,mutation deletes one policy obligation for checker sensitivity,1,0,0,,
0.25,5,q3_support_tickets,mut_drop_acl,0,mutation deletes one policy obligation for checker sensitivity,0,52,52,,
0.25,5,q3_support_tickets,mut_no_group_guard,0,mutation deletes one policy obligation for checker sensitivity,1,0,0,,
0.25,5,q4_revenue_by_region,mut_no_mask,0,mutation deletes one policy obligation for checker sensitivity,1,0,0,,
0.25,5,q4_revenue_by_region,mut_drop_tenant,0,mutation deletes one policy obligation for checker sensitivity,0,4,8,,
0.25,5,q4_revenue_by_region,mut_drop_purpose,0,mutation deletes one policy obligation for checker sensitivity,0,4,8,,
0.25,5,q4_revenue_by_region,mut_drop_clearance,0,mutation deletes one policy obligation for checker sensitivity,0,4,8,,
0.25,5,q4_revenue_by_region,mut_drop_region,0,mutation deletes one policy obligation for checker sensitivity,1,0,0,,
0.25,5,q4_revenue_by_region,mut_drop_cross_guard,0,mutation deletes one policy obligation for checker sensitivity,0,1,1,,
0.25,5,q4_revenue_by_region,mut_drop_acl,0,mutation deletes one policy obligation for checker sensitivity,1,0,0,,
0.25,5,q4_revenue_by_region,mut_no_group_guard,0,mutation deletes one policy obligation for checker sensitivity,1,0,0,,
0.25,5,q7_customer_summary,mut_no_mask,0,mutation deletes one policy obligation for checker sensitivity,1,0,0,,
0.25,5,q7_customer_summary,mut_drop_tenant,0,mutation deletes one policy obligation for checker sensitivity,0,57,57,,
0.25,5,q7_customer_summary,mut_drop_purpose,0,mutation deletes one policy obligation for checker sensitivity,0,31,43,,
0.25,5,q7_customer_summary,mut_drop_clearance,0,mutation deletes one policy obligation for checker sensitivity,0,1,1,,
0.25,5,q7_customer_summary,mut_drop_region,0,mutation deletes one policy obligation for checker sensitivity,1,0,0,,
0.25,5,q7_customer_summary,mut_drop_cross_guard,0,mutation deletes one policy obligation for checker sensitivity,1,0,0,,
0.25,5,q7_customer_summary,mut_drop_acl,0,mutation deletes one policy obligation for checker sensitivity,1,0,0,,
0.25,5,q7_customer_summary,mut_no_group_guard,0,mutation deletes one policy obligation for checker sensitivity,1,0,0,,
0.25,5,q10_acl_customer_rows,mut_no_mask,0,mutation deletes one policy obligation for checker sensitivity,0,74,148,,
0.25,5,q10_acl_customer_rows,mut_drop_tenant,0,mutation deletes one policy obligation for checker sensitivity,0,189,189,,
0.25,5,q10_acl_customer_rows,mut_drop_purpose,0,mutation deletes one policy obligation for checker sensitivity,1,0,0,,
0.25,5,q10_acl_customer_rows,mut_drop_clearance,0,mutation deletes one policy obligation for checker sensitivity,0,3,3,,
0.25,5,q10_acl_customer_rows,mut_drop_region,0,mutation deletes one policy obligation for checker sensitivity,1,0,0,,
0.25,5,q10_acl_customer_rows,mut_drop_cross_guard,0,mutation deletes one policy obligation for checker sensitivity,1,0,0,,
0.25,5,q10_acl_customer_rows,mut_drop_acl,0,mutation deletes one policy obligation for checker sensitivity,0,51,51,,
0.25,5,q10_acl_customer_rows,mut_no_group_guard,0,mutation deletes one policy obligation for checker sensitivity,1,0,0,,
0.25,5,q12_product_segment_revenue,mut_no_mask,0,mutation deletes one policy obligation for checker sensitivity,1,0,0,,
0.25,5,q12_product_segment_revenue,mut_drop_tenant,0,mutation deletes one policy obligation for checker sensitivity,0,27,53,,
0.25,5,q12_product_segment_revenue,mut_drop_purpose,0,mutation deletes one policy obligation for checker sensitivity,0,27,53,,
0.25,5,q12_product_segment_revenue,mut_drop_clearance,0,mutation deletes one policy obligation for checker sensitivity,0,22,43,,
0.25,5,q12_product_segment_revenue,mut_drop_region,0,mutation deletes one policy obligation for checker sensitivity,1,0,0,,
0.25,5,q12_product_segment_revenue,mut_drop_cross_guard,0,mutation deletes one policy obligation for checker sensitivity,0,1,2,,
0.25,5,q12_product_segment_revenue,mut_drop_acl,0,mutation deletes one policy obligation for checker sensitivity,1,0,0,,
0.25,5,q12_product_segment_revenue,mut_no_group_guard,0,mutation deletes one policy obligation for checker sensitivity,1,0,0,,
0.25,5,q16_region_product_mix,mut_no_mask,0,mutation deletes one policy obligation for checker sensitivity,1,0,0,,
0.25,5,q16_region_product_mix,mut_drop_tenant,0,mutation deletes one policy obligation for checker sensitivity,0,36,70,,
0.25,5,q16_region_product_mix,mut_drop_purpose,0,mutation deletes one policy obligation for checker sensitivity,0,36,70,,
0.25,5,q16_region_product_mix,mut_drop_clearance,0,mutation deletes one policy obligation for checker sensitivity,0,29,57,,
0.25,5,q16_region_product_mix,mut_drop_region,0,mutation deletes one policy obligation for checker sensitivity,1,0,0,,
0.25,5,q16_region_product_mix,mut_drop_cross_guard,0,mutation deletes one policy obligation for checker sensitivity,0,2,2,,
0.25,5,q16_region_product_mix,mut_drop_acl,0,mutation deletes one policy obligation for checker sensitivity,1,0,0,,
0.25,5,q16_region_product_mix,mut_no_group_guard,0,mutation deletes one policy obligation for checker sensitivity,1,0,0,,
0.25,6,q1_customer_orders,mut_no_mask,0,mutation deletes one policy obligation for checker sensitivity,0,41,82,,
0.25,6,q1_customer_orders,mut_drop_tenant,0,mutation deletes one policy obligation for checker sensitivity,0,131,131,,
0.25,6,q1_customer_orders,mut_drop_purpose,0,mutation deletes one policy obligation for checker sensitivity,0,159,159,,
0.25,6,q1_customer_orders,mut_drop_clearance,0,mutation deletes one policy obligation for checker sensitivity,0,4,4,,
0.25,6,q1_customer_orders,mut_drop_region,0,mutation deletes one policy obligation for checker sensitivity,1,0,0,,
0.25,6,q1_customer_orders,mut_drop_cross_guard,0,mutation deletes one policy obligation for checker sensitivity,1,0,0,,
0.25,6,q1_customer_orders,mut_drop_acl,0,mutation deletes one policy obligation for checker sensitivity,1,0,0,,
0.25,6,q1_customer_orders,mut_no_group_guard,0,mutation deletes one policy obligation for checker sensitivity,1,0,0,,
0.25,6,q3_support_tickets,mut_no_mask,0,mutation deletes one policy obligation for checker sensitivity,0,52,104,,
0.25,6,q3_support_tickets,mut_drop_tenant,0,mutation deletes one policy obligation for checker sensitivity,0,154,154,,
0.25,6,q3_support_tickets,mut_drop_purpose,0,mutation deletes one policy obligation for checker sensitivity,0,24,24,,
0.25,6,q3_support_tickets,mut_drop_clearance,0,mutation deletes one policy obligation for checker sensitivity,0,1,1,,
0.25,6,q3_support_tickets,mut_drop_region,0,mutation deletes one policy obligation for checker sensitivity,1,0,0,,
0.25,6,q3_support_tickets,mut_drop_cross_guard,0,mutation deletes one policy obligation for checker sensitivity,1,0,0,,
0.25,6,q3_support_tickets,mut_drop_acl,0,mutation deletes one policy obligation for checker sensitivity,0,52,52,,
0.25,6,q3_support_tickets,mut_no_group_guard,0,mutation deletes one policy obligation for checker sensitivity,1,0,0,,
0.25,6,q4_revenue_by_region,mut_no_mask,0,mutation deletes one policy obligation for checker sensitivity,1,0,0,,
0.25,6,q4_revenue_by_region,mut_drop_tenant,0,mutation deletes one policy obligation for checker sensitivity,0,4,8,,
0.25,6,q4_revenue_by_region,mut_drop_purpose,0,mutation deletes one policy obligation for checker sensitivity,0,4,8,,
0.25,6,q4_revenue_by_region,mut_drop_clearance,0,mutation deletes one policy obligation for checker sensitivity,0,4,8,,
0.25,6,q4_revenue_by_region,mut_drop_region,0,mutation deletes one policy obligation for checker sensitivity,1,0,0,,
0.25,6,q4_revenue_by_region,mut_drop_cross_guard,0,mutation deletes one policy obligation for checker sensitivity,1,0,0,,
0.25,6,q4_revenue_by_region,mut_drop_acl,0,mutation deletes one policy obligation for checker sensitivity,1,0,0,,
0.25,6,q4_revenue_by_region,mut_no_group_guard,0,mutation deletes one policy obligation for checker sensitivity,1,0,0,,
0.25,6,q7_customer_summary,mut_no_mask,0,mutation deletes one policy obligation for checker sensitivity,1,0,0,,
0.25,6,q7_customer_summary,mut_drop_tenant,0,mutation deletes one policy obligation for checker sensitivity,1,0,0,,
0.25,6,q7_customer_summary,mut_drop_purpose,0,mutation deletes one policy obligation for checker sensitivity,1,0,0,,
0.25,6,q7_customer_summary,mut_drop_clearance,0,mutation deletes one policy obligation for checker sensitivity,1,0,0,,
0.25,6,q7_customer_summary,mut_drop_region,0,mutation deletes one policy obligation for checker sensitivity,1,0,0,,
0.25,6,q7_customer_summary,mut_drop_cross_guard,0,mutation deletes one policy obligation for checker sensitivity,1,0,0,,
0.25,6,q7_customer_summary,mut_drop_acl,0,mutation deletes one policy obligation for checker sensitivity,1,0,0,,
0.25,6,q7_customer_summary,mut_no_group_guard,0,mutation deletes one policy obligation for checker sensitivity,0,13,13,,
0.25,6,q10_acl_customer_rows,mut_no_mask,0,mutation deletes one policy obligation for checker sensitivity,0,74,148,,
0.25,6,q10_acl_customer_rows,mut_drop_tenant,0,mutation deletes one policy obligation for checker sensitivity,0,189,189,,
0.25,6,q10_acl_customer_rows,mut_drop_purpose,0,mutation deletes one policy obligation for checker sensitivity,1,0,0,,
0.25,6,q10_acl_customer_rows,mut_drop_clearance,0,mutation deletes one policy obligation for checker sensitivity,0,3,3,,
0.25,6,q10_acl_customer_rows,mut_drop_region,0,mutation deletes one policy obligation for checker sensitivity,1,0,0,,
0.25,6,q10_acl_customer_rows,mut_drop_cross_guard,0,mutation deletes one policy obligation for checker sensitivity,1,0,0,,
0.25,6,q10_acl_customer_rows,mut_drop_acl,0,mutation deletes one policy obligation for checker sensitivity,0,51,51,,
0.25,6,q10_acl_customer_rows,mut_no_group_guard,0,mutation deletes one policy obligation for checker sensitivity,1,0,0,,
0.25,6,q12_product_segment_revenue,mut_no_mask,0,mutation deletes one policy obligation for checker sensitivity,1,0,0,,
0.25,6,q12_product_segment_revenue,mut_drop_tenant,0,mutation deletes one policy obligation for checker sensitivity,0,24,27,,
0.25,6,q12_product_segment_revenue,mut_drop_purpose,0,mutation deletes one policy obligation for checker sensitivity,0,26,29,,
0.25,6,q12_product_segment_revenue,mut_drop_clearance,0,mutation deletes one policy obligation for checker sensitivity,0,10,12,,
0.25,6,q12_product_segment_revenue,mut_drop_region,0,mutation deletes one policy obligation for checker sensitivity,1,0,0,,
0.25,6,q12_product_segment_revenue,mut_drop_cross_guard,0,mutation deletes one policy obligation for checker sensitivity,1,0,0,,
0.25,6,q12_product_segment_revenue,mut_drop_acl,0,mutation deletes one policy obligation for checker sensitivity,1,0,0,,
0.25,6,q12_product_segment_revenue,mut_no_group_guard,0,mutation deletes one policy obligation for checker sensitivity,0,23,23,,
0.25,6,q16_region_product_mix,mut_no_mask,0,mutation deletes one policy obligation for checker sensitivity,1,0,0,,
0.25,6,q16_region_product_mix,mut_drop_tenant,0,mutation deletes one policy obligation for checker sensitivity,0,33,38,,
0.25,6,q16_region_product_mix,mut_drop_purpose,0,mutation deletes one policy obligation for checker sensitivity,0,29,34,,
0.25,6,q16_region_product_mix,mut_drop_clearance,0,mutation deletes one policy obligation for checker sensitivity,0,11,15,,
0.25,6,q16_region_product_mix,mut_drop_region,0,mutation deletes one policy obligation for checker sensitivity,1,0,0,,
0.25,6,q16_region_product_mix,mut_drop_cross_guard,0,mutation deletes one policy obligation for checker sensitivity,1,0,0,,
0.25,6,q16_region_product_mix,mut_drop_acl,0,mutation deletes one policy obligation for checker sensitivity,1,0,0,,
0.25,6,q16_region_product_mix,mut_no_group_guard,0,mutation deletes one policy obligation for checker sensitivity,0,29,29,,
0.5,5,q1_customer_orders,mut_no_mask,0,mutation deletes one policy obligation for checker sensitivity,0,148,296,,
0.5,5,q1_customer_orders,mut_drop_tenant,0,mutation deletes one policy obligation for checker sensitivity,0,129,156,,
0.5,5,q1_customer_orders,mut_drop_purpose,0,mutation deletes one policy obligation for checker sensitivity,0,189,276,,
0.5,5,q1_customer_orders,mut_drop_clearance,0,mutation deletes one policy obligation for checker sensitivity,0,4,4,,
0.5,5,q1_customer_orders,mut_drop_region,0,mutation deletes one policy obligation for checker sensitivity,1,0,0,,
0.5,5,q1_customer_orders,mut_drop_cross_guard,0,mutation deletes one policy obligation for checker sensitivity,1,0,0,,
0.5,5,q1_customer_orders,mut_drop_acl,0,mutation deletes one policy obligation for checker sensitivity,1,0,0,,
0.5,5,q1_customer_orders,mut_no_group_guard,0,mutation deletes one policy obligation for checker sensitivity,1,0,0,,
0.5,5,q3_support_tickets,mut_no_mask,0,mutation deletes one policy obligation for checker sensitivity,0,151,302,,
0.5,5,q3_support_tickets,mut_drop_tenant,0,mutation deletes one policy obligation for checker sensitivity,0,124,149,,
0.5,5,q3_support_tickets,mut_drop_purpose,0,mutation deletes one policy obligation for checker sensitivity,0,53,53,,
0.5,5,q3_support_tickets,mut_drop_clearance,0,mutation deletes one policy obligation for checker sensitivity,0,7,7,,
0.5,5,q3_support_tickets,mut_drop_region,0,mutation deletes one policy obligation for checker sensitivity,1,0,0,,
0.5,5,q3_support_tickets,mut_drop_cross_guard,0,mutation deletes one policy obligation for checker sensitivity,1,0,0,,
0.5,5,q3_support_tickets,mut_drop_acl,0,mutation deletes one policy obligation for checker sensitivity,0,54,54,,
0.5,5,q3_support_tickets,mut_no_group_guard,0,mutation deletes one policy obligation for checker sensitivity,1,0,0,,
0.5,5,q4_revenue_by_region,mut_no_mask,0,mutation deletes one policy obligation for checker sensitivity,1,0,0,,
0.5,5,q4_revenue_by_region,mut_drop_tenant,0,mutation deletes one policy obligation for checker sensitivity,0,6,12,,
0.5,5,q4_revenue_by_region,mut_drop_purpose,0,mutation deletes one policy obligation for checker sensitivity,0,6,12,,
0.5,5,q4_revenue_by_region,mut_drop_clearance,0,mutation deletes one policy obligation for checker sensitivity,0,5,10,,
0.5,5,q4_revenue_by_region,mut_drop_region,0,mutation deletes one policy obligation for checker sensitivity,1,0,0,,
0.5,5,q4_revenue_by_region,mut_drop_cross_guard,0,mutation deletes one policy obligation for checker sensitivity,0,1,1,,
0.5,5,q4_revenue_by_region,mut_drop_acl,0,mutation deletes one policy obligation for checker sensitivity,1,0,0,,
0.5,5,q4_revenue_by_region,mut_no_group_guard,0,mutation deletes one policy obligation for checker sensitivity,1,0,0,,
0.5,5,q7_customer_summary,mut_no_mask,0,mutation deletes one policy obligation for checker sensitivity,1,0,0,,
0.5,5,q7_customer_summary,mut_drop_tenant,0,mutation deletes one policy obligation for checker sensitivity,0,49,49,,
0.5,5,q7_customer_summary,mut_drop_purpose,0,mutation deletes one policy obligation for checker sensitivity,0,73,118,,
0.5,5,q7_customer_summary,mut_drop_clearance,0,mutation deletes one policy obligation for checker sensitivity,0,1,1,,
0.5,5,q7_customer_summary,mut_drop_region,0,mutation deletes one policy obligation for checker sensitivity,1,0,0,,
0.5,5,q7_customer_summary,mut_drop_cross_guard,0,mutation deletes one policy obligation for checker sensitivity,1,0,0,,
0.5,5,q7_customer_summary,mut_drop_acl,0,mutation deletes one policy obligation for checker sensitivity,1,0,0,,
0.5,5,q7_customer_summary,mut_no_group_guard,0,mutation deletes one policy obligation for checker sensitivity,1,0,0,,
0.5,5,q10_acl_customer_rows,mut_no_mask,0,mutation deletes one policy obligation for checker sensitivity,0,189,378,,
0.5,5,q10_acl_customer_rows,mut_drop_tenant,0,mutation deletes one policy obligation for checker sensitivity,0,139,167,,
0.5,5,q10_acl_customer_rows,mut_drop_purpose,0,mutation deletes one policy obligation for checker sensitivity,1,0,0,,
0.5,5,q10_acl_customer_rows,mut_drop_clearance,0,mutation deletes one policy obligation for checker sensitivity,0,10,10,,
0.5,5,q10_acl_customer_rows,mut_drop_region,0,mutation deletes one policy obligation for checker sensitivity,1,0,0,,
0.5,5,q10_acl_customer_rows,mut_drop_cross_guard,0,mutation deletes one policy obligation for checker sensitivity,1,0,0,,
0.5,5,q10_acl_customer_rows,mut_drop_acl,0,mutation deletes one policy obligation for checker sensitivity,0,58,58,,
0.5,5,q10_acl_customer_rows,mut_no_group_guard,0,mutation deletes one policy obligation for checker sensitivity,1,0,0,,
0.5,5,q12_product_segment_revenue,mut_no_mask,0,mutation deletes one policy obligation for checker sensitivity,1,0,0,,
0.5,5,q12_product_segment_revenue,mut_drop_tenant,0,mutation deletes one policy obligation for checker sensitivity,0,27,54,,
0.5,5,q12_product_segment_revenue,mut_drop_purpose,0,mutation deletes one policy obligation for checker sensitivity,0,27,54,,
0.5,5,q12_product_segment_revenue,mut_drop_clearance,0,mutation deletes one policy obligation for checker sensitivity,0,13,26,,
0.5,5,q12_product_segment_revenue,mut_drop_region,0,mutation deletes one policy obligation for checker sensitivity,1,0,0,,
0.5,5,q12_product_segment_revenue,mut_drop_cross_guard,0,mutation deletes one policy obligation for checker sensitivity,0,2,4,,
0.5,5,q12_product_segment_revenue,mut_drop_acl,0,mutation deletes one policy obligation for checker sensitivity,1,0,0,,
0.5,5,q12_product_segment_revenue,mut_no_group_guard,0,mutation deletes one policy obligation for checker sensitivity,1,0,0,,
0.5,5,q16_region_product_mix,mut_no_mask,0,mutation deletes one policy obligation for checker sensitivity,1,0,0,,
0.5,5,q16_region_product_mix,mut_drop_tenant,0,mutation deletes one policy obligation for checker sensitivity,0,53,106,,
0.5,5,q16_region_product_mix,mut_drop_purpose,0,mutation deletes one policy obligation for checker sensitivity,0,54,108,,
0.5,5,q16_region_product_mix,mut_drop_clearance,0,mutation deletes one policy obligation for checker sensitivity,0,14,28,,
0.5,5,q16_region_product_mix,mut_drop_region,0,mutation deletes one policy obligation for checker sensitivity,1,0,0,,
0.5,5,q16_region_product_mix,mut_drop_cross_guard,0,mutation deletes one policy obligation for checker sensitivity,0,3,3,,
0.5,5,q16_region_product_mix,mut_drop_acl,0,mutation deletes one policy obligation for checker sensitivity,1,0,0,,
0.5,5,q16_region_product_mix,mut_no_group_guard,0,mutation deletes one policy obligation for checker sensitivity,1,0,0,,
0.5,6,q1_customer_orders,mut_no_mask,0,mutation deletes one policy obligation for checker sensitivity,0,148,296,,
0.5,6,q1_customer_orders,mut_drop_tenant,0,mutation deletes one policy obligation for checker sensitivity,0,129,156,,
0.5,6,q1_customer_orders,mut_drop_purpose,0,mutation deletes one policy obligation for checker sensitivity,0,189,276,,
0.5,6,q1_customer_orders,mut_drop_clearance,0,mutation deletes one policy obligation for checker sensitivity,0,4,4,,
0.5,6,q1_customer_orders,mut_drop_region,0,mutation deletes one policy obligation for checker sensitivity,1,0,0,,
0.5,6,q1_customer_orders,mut_drop_cross_guard,0,mutation deletes one policy obligation for checker sensitivity,1,0,0,,
0.5,6,q1_customer_orders,mut_drop_acl,0,mutation deletes one policy obligation for checker sensitivity,1,0,0,,
0.5,6,q1_customer_orders,mut_no_group_guard,0,mutation deletes one policy obligation for checker sensitivity,1,0,0,,
0.5,6,q3_support_tickets,mut_no_mask,0,mutation deletes one policy obligation for checker sensitivity,0,151,302,,
0.5,6,q3_support_tickets,mut_drop_tenant,0,mutation deletes one policy obligation for checker sensitivity,0,124,149,,
0.5,6,q3_support_tickets,mut_drop_purpose,0,mutation deletes one policy obligation for checker sensitivity,0,53,53,,
0.5,6,q3_support_tickets,mut_drop_clearance,0,mutation deletes one policy obligation for checker sensitivity,0,7,7,,
0.5,6,q3_support_tickets,mut_drop_region,0,mutation deletes one policy obligation for checker sensitivity,1,0,0,,
0.5,6,q3_support_tickets,mut_drop_cross_guard,0,mutation deletes one policy obligation for checker sensitivity,1,0,0,,
0.5,6,q3_support_tickets,mut_drop_acl,0,mutation deletes one policy obligation for checker sensitivity,0,54,54,,
0.5,6,q3_support_tickets,mut_no_group_guard,0,mutation deletes one policy obligation for checker sensitivity,1,0,0,,
0.5,6,q4_revenue_by_region,mut_no_mask,0,mutation deletes one policy obligation for checker sensitivity,1,0,0,,
0.5,6,q4_revenue_by_region,mut_drop_tenant,0,mutation deletes one policy obligation for checker sensitivity,0,6,12,,
0.5,6,q4_revenue_by_region,mut_drop_purpose,0,mutation deletes one policy obligation for checker sensitivity,0,6,12,,
0.5,6,q4_revenue_by_region,mut_drop_clearance,0,mutation deletes one policy obligation for checker sensitivity,0,5,10,,
0.5,6,q4_revenue_by_region,mut_drop_region,0,mutation deletes one policy obligation for checker sensitivity,1,0,0,,
0.5,6,q4_revenue_by_region,mut_drop_cross_guard,0,mutation deletes one policy obligation for checker sensitivity,1,0,0,,
0.5,6,q4_revenue_by_region,mut_drop_acl,0,mutation deletes one policy obligation for checker sensitivity,1,0,0,,
0.5,6,q4_revenue_by_region,mut_no_group_guard,0,mutation deletes one policy obligation for checker sensitivity,1,0,0,,
0.5,6,q7_customer_summary,mut_no_mask,0,mutation deletes one policy obligation for checker sensitivity,1,0,0,,
0.5,6,q7_customer_summary,mut_drop_tenant,0,mutation deletes one policy obligation for checker sensitivity,1,0,0,,
0.5,6,q7_customer_summary,mut_drop_purpose,0,mutation deletes one policy obligation for checker sensitivity,0,2,2,,
0.5,6,q7_customer_summary,mut_drop_clearance,0,mutation deletes one policy obligation for checker sensitivity,1,0,0,,
0.5,6,q7_customer_summary,mut_drop_region,0,mutation deletes one policy obligation for checker sensitivity,1,0,0,,
0.5,6,q7_customer_summary,mut_drop_cross_guard,0,mutation deletes one policy obligation for checker sensitivity,1,0,0,,
0.5,6,q7_customer_summary,mut_drop_acl,0,mutation deletes one policy obligation for checker sensitivity,1,0,0,,
0.5,6,q7_customer_summary,mut_no_group_guard,0,mutation deletes one policy obligation for checker sensitivity,0,49,49,,
0.5,6,q10_acl_customer_rows,mut_no_mask,0,mutation deletes one policy obligation for checker sensitivity,0,189,378,,
0.5,6,q10_acl_customer_rows,mut_drop_tenant,0,mutation deletes one policy obligation for checker sensitivity,0,139,167,,
0.5,6,q10_acl_customer_rows,mut_drop_purpose,0,mutation deletes one policy obligation for checker sensitivity,1,0,0,,
0.5,6,q10_acl_customer_rows,mut_drop_clearance,0,mutation deletes one policy obligation for checker sensitivity,0,10,10,,
0.5,6,q10_acl_customer_rows,mut_drop_region,0,mutation deletes one policy obligation for checker sensitivity,1,0,0,,
0.5,6,q10_acl_customer_rows,mut_drop_cross_guard,0,mutation deletes one policy obligation for checker sensitivity,1,0,0,,
0.5,6,q10_acl_customer_rows,mut_drop_acl,0,mutation deletes one policy obligation for checker sensitivity,0,58,58,,
0.5,6,q10_acl_customer_rows,mut_no_group_guard,0,mutation deletes one policy obligation for checker sensitivity,1,0,0,,
0.5,6,q12_product_segment_revenue,mut_no_mask,0,mutation deletes one policy obligation for checker sensitivity,1,0,0,,
0.5,6,q12_product_segment_revenue,mut_drop_tenant,0,mutation deletes one policy obligation for checker sensitivity,0,27,52,,
0.5,6,q12_product_segment_revenue,mut_drop_purpose,0,mutation deletes one policy obligation for checker sensitivity,0,27,52,,
0.5,6,q12_product_segment_revenue,mut_drop_clearance,0,mutation deletes one policy obligation for checker sensitivity,0,13,24,,
0.5,6,q12_product_segment_revenue,mut_drop_region,0,mutation deletes one policy obligation for checker sensitivity,1,0,0,,
0.5,6,q12_product_segment_revenue,mut_drop_cross_guard,0,mutation deletes one policy obligation for checker sensitivity,0,1,2,,
0.5,6,q12_product_segment_revenue,mut_drop_acl,0,mutation deletes one policy obligation for checker sensitivity,1,0,0,,
0.5,6,q12_product_segment_revenue,mut_no_group_guard,0,mutation deletes one policy obligation for checker sensitivity,0,2,2,,
0.5,6,q16_region_product_mix,mut_no_mask,0,mutation deletes one policy obligation for checker sensitivity,1,0,0,,
0.5,6,q16_region_product_mix,mut_drop_tenant,0,mutation deletes one policy obligation for checker sensitivity,0,53,89,,
0.5,6,q16_region_product_mix,mut_drop_purpose,0,mutation deletes one policy obligation for checker sensitivity,0,54,90,,
0.5,6,q16_region_product_mix,mut_drop_clearance,0,mutation deletes one policy obligation for checker sensitivity,0,12,24,,
0.5,6,q16_region_product_mix,mut_drop_region,0,mutation deletes one policy obligation for checker sensitivity,1,0,0,,
0.5,6,q16_region_product_mix,mut_drop_cross_guard,0,mutation deletes one policy obligation for checker sensitivity,1,0,0,,
0.5,6,q16_region_product_mix,mut_drop_acl,0,mutation deletes one policy obligation for checker sensitivity,1,0,0,,
0.5,6,q16_region_product_mix,mut_no_group_guard,0,mutation deletes one policy obligation for checker sensitivity,0,18,18,,
