aliases,case,exact_cost,greedy_cost,exact_orders,greedy_regret,exact_order,greedy_order
4,0,7348.423079896895,7348.423079896895,24,1.0,bcad,bcad
4,1,459.3753044801805,459.3753044801805,24,1.0,abdc,abdc
4,2,279.71628325441384,279.78500011400246,24,1.0002456662829533,adbc,abcd
4,3,15209.9891389628,15209.9891389628,24,1.0,cabd,cabd
4,4,11835.461181200078,11835.461181200078,24,1.0,cbda,cbda
4,5,208.89413948109888,208.89413948109888,24,1.0,abcd,abcd
4,6,3327.4338179932024,3444.3390133275534,24,1.0351337402121066,dabc,dcab
4,7,145.43529808167102,145.43529808167102,24,1.0,abcd,abcd
4,8,417.35718842423023,417.35718842423023,24,1.0,bacd,bacd
4,9,259.7821589353311,259.7821589353311,24,1.0,cabd,cbda
4,10,1091.3801959705722,1102.4699412865255,24,1.010161211791177,dbac,dbca
4,11,4735.358940948484,4764.504384527565,24,1.0061548541393661,bacd,bdac
4,12,1041.9244729094876,1041.9244729094876,24,1.0,bacd,bacd
4,13,504.3008069526726,504.3008069526726,24,1.0,bacd,bacd
4,14,648.3137740458632,649.4536627319515,24,1.0017582361068387,bdac,bcda
4,15,18030.625521270067,19235.30151298558,24,1.0668127675489907,bcda,dcba
4,16,462.7024344506091,462.7024344506091,24,1.0,abdc,abdc
4,17,6012.365347214188,6012.365347214188,24,1.0,bdac,bdac
4,18,2059.5941611872386,2059.5941611872386,24,1.0,bdac,bdac
4,19,1479.4076105501042,1479.4076105501042,24,1.0,acbd,acbd
4,20,225.39170240089197,227.6839694789802,24,1.0101701484733945,dbac,cabd
4,21,4420.431280705165,4420.431280705165,24,1.0,cadb,cadb
4,22,82.21588823236554,82.55393522086496,24,1.0041116990373442,cabd,cdba
4,23,14158.707314280768,14158.707314280768,24,1.0,adcb,adcb
4,24,140.18836280539577,140.18836280539577,24,1.0,dabc,dcab
4,25,2226.9177731084646,2576.8107540560736,24,1.1571198475187556,dbca,acdb
4,26,8153.323639168925,8153.323639168925,24,1.0,bacd,bacd
4,27,708.4673953785991,708.4673953785991,24,1.0,acbd,acdb
4,28,16398.950658253954,16398.950658253954,24,1.0,acdb,acdb
4,29,432.17047785808234,432.17047785808234,24,1.0,cbad,cbad
5,0,16057.922613540564,16103.757468729125,120,1.0028543452532217,abecd,abced
5,1,3848.5484338162973,3848.5484338162973,120,1.0,badec,bdeac
5,2,23451.914976937693,25333.38010013497,120,1.0802265028270608,ecbad,edcba
5,3,1610.904430327605,1936.3362691355353,120,1.2020180916267937,bcdae,badec
5,4,26740.194402319183,55060.63353471314,120,2.0590962319233443,dcabe,baecd
5,5,7394.267642140406,7400.069482787464,120,1.0007846403359804,dabce,dabec
5,6,654.9686782525941,654.9686782525941,120,1.0,ecabd,ecdab
5,7,140.10553873847192,140.10553873847192,120,1.0,abcde,aecdb
5,8,25830.61406723421,128062.47950633604,120,4.957779136531701,eabcd,cdbae
5,9,3901.86318539142,4157.186809972279,120,1.06543633450214,cdabe,cdbea
5,10,3717.2547037585223,3718.220324464344,120,1.0002597671622677,cbade,cabde
5,11,2512.744632658834,2512.744632658834,120,1.0,abcde,abcde
5,12,21036.407639734287,21036.40763973429,120,1.0000000000000002,bcdae,baced
5,13,35867.63100727058,36408.00415792929,120,1.0150657608401616,badec,bedac
5,14,10199.410200962424,12453.488956315116,120,1.221000892300615,cbade,cadbe
5,15,1820.5266736860813,1820.5266736860813,120,1.0,beacd,becad
5,16,8767.183399543143,9647.162199249593,120,1.1003718936405855,abcde,adbce
5,17,6779.25715688853,13291.96395211685,120,1.960681479476057,bcade,dbcae
5,18,3274.0280508919427,3277.939682042667,120,1.0011947457657422,cebda,cedba
5,19,670.0722734659851,670.0722734659851,120,1.0,cabde,cabde
5,20,220.28227297578158,220.51454628973963,120,1.0010544348885648,cabde,cdaeb
5,21,1009.2351999766162,1009.2351999766162,120,1.0,ecdab,ecdab
5,22,367.2853124566369,367.2853124566369,120,1.0,badce,bdaec
5,23,275.72393097715457,275.7239309771546,120,1.0000000000000002,ebacd,ebcda
5,24,13250.932023889243,13250.932023889243,120,1.0,abcde,acbde
5,25,947.6606737364947,947.6606737364947,120,1.0,ebadc,ebadc
5,26,160.00533953461363,160.00533953461363,120,1.0,eabcd,eabcd
5,27,892.6855621687785,892.6855621687785,120,1.0,cbdea,cebad
5,28,431.14983515651204,431.1498351565121,120,1.0000000000000002,eabcd,edcab
5,29,15162.464918998165,15162.464918998165,120,1.0,ebdac,edcba
6,0,2974.7195561468066,2974.9231148235367,720,1.0000684295352513,cbdaef,cbadfe
6,1,3014.2812185145235,3082.491570028901,720,1.0226290603197243,dcabfe,eabdfc
6,2,1112.3484149346882,1147.4935043379858,720,1.031595396668373,cfbade,cfdabe
6,3,2052.3445727098374,2052.8539033843235,720,1.0002481701568338,badcfe,bdeafc
6,4,2287.1879202158675,2287.5951642002597,720,1.0001780544487808,bacfde,bafcde
6,5,9819.852153967444,9948.828468233256,720,1.0131342419665355,aedbcf,cfdaeb
6,6,1908.867948284193,1908.867948284193,720,1.0,cabfed,cabfed
6,7,31475.53397558624,31672.110336763246,720,1.0062453701763878,deabfc,deacfb
6,8,341.0149076072903,341.0149076072903,720,1.0,fbacde,fbaecd
6,9,9600.15546342988,9706.772063799752,720,1.011105716024705,dbacef,dcaebf
6,10,8010.297453207409,8010.297453207409,720,1.0,dacefb,defacb
6,11,242.95577887581706,242.9557788758171,720,1.0000000000000002,fadcbe,fadbce
6,12,14660.706309478946,14660.706309478948,720,1.0000000000000002,eabcfd,efbdac
6,13,1712.3932065891618,1712.3932065891618,720,1.0,fabcde,fadbec
6,14,1770.2417474454028,3100.227880303766,720,1.7513019816517361,abdfce,eabdfc
6,15,538.4959760251293,539.006064935872,720,1.0009472473954364,adbfec,adcfbe
6,16,1413.3032730280393,1456.0892507015014,720,1.0302737413052134,fdabce,bacfde
6,17,2255.5688416666935,2255.5688416666935,720,1.0,cabdef,cadebf
6,18,2097.4475507509324,2099.1630558851816,720,1.0008179013266076,ebacdf,ecbdaf
6,19,5859.199585762038,6707.881847810488,720,1.1448461090335211,dabcef,dfebca
6,20,5679.587776288313,5679.587776288313,720,1.0,cbaedf,cbafed
6,21,13168.611692635282,13182.687900266435,720,1.0010689211558288,fcbaed,becfad
6,22,4103.307209571627,4154.879182324027,720,1.0125683918162647,fedbac,febdac
6,23,926.6953971878829,1033.9974352771053,720,1.1157899763124295,abcdef,fabced
6,24,4334.114659365089,4334.114659365089,720,1.0,edcbfa,edcbfa
6,25,2823.920708843442,2832.2084605716427,720,1.0029348386809327,aefcdb,aefbcd
6,26,6634.924164108939,8603.531731451574,720,1.2967038535258097,efdabc,bafedc
6,27,6538.635579841796,6544.763679476639,720,1.0009372138208368,baecdf,beadfc
6,28,10541.806296833027,10541.806296833027,720,1.0,dceafb,dcfeab
6,29,334.48583953469125,334.4858395346913,720,1.0000000000000002,abcdef,abefcd
7,0,490.21541883595273,511.99022626911443,5040,1.0444188546432656,gedcbaf,gbcdafe
7,1,2452.8070090188294,2452.8070090188294,5040,1.0,dabcfge,dfbcaeg
7,2,6797.887691711616,6797.945049313542,5040,1.0000084375624498,dabcefg,deabgcf
7,3,17665.427287432907,17685.78686842114,5040,1.0011525099651972,begcadf,begdfca
7,4,795.857555363757,795.9159487751494,5040,1.0000733716869292,fabcged,fdgcbae
7,5,5988.8833808698055,5988.8833808698055,5040,1.0,fabcdeg,fadebcg
7,6,3531.9062413877223,3534.2624172450537,5040,1.000667111666137,cadebfg,cdbgefa
7,7,1734.1471895535753,1738.7396449732535,5040,1.0026482500720486,dacfbeg,dgfcabe
7,8,12435.410814559893,19254.314697147,5040,1.5483456867064862,eabdcgf,egadcbf
7,9,1045.3157300979997,1045.3157300979997,5040,1.0,gebadcf,gebfcad
7,10,2302.711211871113,2302.7112118711134,5040,1.0000000000000002,facbdeg,facgbde
7,11,3125.637861841442,3138.331780963089,5040,1.0040612251587484,abdecfg,abgdefc
7,12,2344.406302287521,2367.854286048054,5040,1.0100016723797636,fdbcaeg,fgdeabc
7,13,1880.484018403893,1881.6674880781989,5040,1.0006293431173694,cbdeafg,cdefbga
7,14,1065.1857900987352,1066.6802187573671,5040,1.001402974647731,abcdgfe,adbcgfe
7,15,1229.8717852981467,1229.871785298147,5040,1.0000000000000002,bacedfg,bacegdf
7,16,782.8595224790762,785.4963497489485,5040,1.003368199778068,cbadfeg,cdgafeb
7,17,730.5347001882079,732.0350663381848,5040,1.002053791763198,cadbefg,cebafdg
7,18,5344.851032551343,5345.01285588909,5040,1.0000302764916666,dabgcef,dafcgeb
7,19,5250.125040053095,5271.4734398206165,5040,1.0040662650136243,afdcbeg,agefbdc
7,20,505.05145255180855,505.05145255180867,5040,1.0000000000000002,dcaegbf,degcabf
7,21,4216.347758646398,4219.159894874556,5040,1.0006669602198708,cabfedg,cbagfde
7,22,5025.318041598515,5313.014904889946,5040,1.0572494836963426,caedfgb,fgdaceb
7,23,3397.9576238509194,3397.95762385092,5040,1.0000000000000002,aebcgdf,aecbdfg
7,24,5019.135988801116,5019.135988801117,5040,1.0000000000000002,gbcdefa,gbceafd
7,25,18266.248983163605,18266.248983163605,5040,1.0,ebacdfg,edbcafg
7,26,11819.79494033577,11819.79494033577,5040,1.0,edabcfg,edfagbc
7,27,2413.878399754024,2413.878399754024,5040,1.0,gfbacde,gfcdeab
7,28,10447.44767459913,10534.183682326135,5040,1.0083021241578347,feacdgb,gafdebc
7,29,3619.5447432860606,3690.297518705603,5040,1.019547423899313,aebgdcf,agedcfb
8,0,3995.3203465929,3995.3203465929,40320,1.0,cabdfegh,caghbdfe
8,1,1487.123625202793,1498.2905461289902,40320,1.007509073715828,hdbacefg,habcfedg
8,2,9056.425359923753,9056.425359923755,40320,1.0000000000000002,dgahcbef,dgefbhca
8,3,1531.0903231726088,1531.090323172609,40320,1.0000000000000002,fbacdegh,fgbecahd
8,4,2852.2272341688563,2915.8389181509397,40320,1.0223024600635018,hdacefgb,heafbcdg
8,5,1366.9743121262898,1367.3839994873572,40320,1.0002997037745576,bgafedch,bhdegfca
8,6,2061.330243427879,2061.3302434278794,40320,1.0000000000000002,badcfehg,badhegfc
8,7,3389.319641778036,3390.5994162292895,40320,1.0003775903681313,eabhdfgc,eabhcfgd
8,8,3637.7474221541916,3637.7474221541916,40320,1.0,ecbafdgh,echgafdb
8,9,2795.8188325143315,2853.200329405847,40320,1.0205240397640183,fhcbaedg,fhbadgce
8,10,1898.740228536092,1898.7402285360924,40320,1.0000000000000002,cabfedgh,cdgafehb
8,11,1713.3597972715588,1713.3597972715588,40320,1.0,hgdbceaf,hgdeafcb
8,12,11568.665937219044,11587.560875747664,40320,1.0016332858629646,hfbcedag,cbhfdgea
8,13,1723.224511640905,1723.224511640905,40320,1.0,cabdefhg,chdbafeg
8,14,4357.9428228786655,4358.726988965684,40320,1.000179939507903,hgdabcef,hgdafcbe
8,15,16697.31410758457,18707.941920909107,40320,1.120416241820068,cebfadgh,cfebgdha
8,16,1814.6328506634304,1814.7491523695119,40320,1.0000640910397047,dcfeaghb,dceaghfb
8,17,1547.234482121138,1547.2344821211384,40320,1.0000000000000002,bacfdegh,baeghfcd
8,18,562.526366857096,562.526366857096,40320,1.0,fbacdghe,fbdchgae
8,19,4546.351350718828,4547.192223753812,40320,1.0001849555764868,fgedbach,fghabecd
8,20,1947.6078460501506,1947.6078460501508,40320,1.0000000000000002,cbaehdfg,cbheafgd
8,21,12578.482438955074,12578.482438955074,40320,1.0,hfbacdeg,hfebagcd
8,22,1312.623111667823,1312.623111667823,40320,1.0,habcefgd,hgebfcad
8,23,2054.5291013798465,2080.4545328782065,40320,1.012618673291582,fgcbadeh,fbgcadeh
8,24,1067.23582322843,1067.23582322843,40320,1.0,dbacefgh,dbcefahg
8,25,3146.446983844287,3178.841046486657,40320,1.0102954420680534,dfcabehg,dafcehgb
8,26,182.42429758057864,182.4242975805787,40320,1.0000000000000002,fabcdgeh,facghebd
8,27,5178.982122249423,5195.348404692945,40320,1.0031601349564834,cbadfghe,cfahgbed
8,28,3420.402123325829,3420.4021233258295,40320,1.0000000000000002,fabdegch,fahdgbec
8,29,10481.866819016119,10481.866819016119,40320,1.0,efhgdcba,efhgdcba
