selectivity,complexity,query,method,compile_ms,sql_chars,iterations
0.025,1,q1_customer_orders,post_join_filter,0.052875,781,4
0.025,1,q1_customer_orders,view_barrier,0.016401,429,4
0.025,1,q1_customer_orders,oblivious_forced,0.013211,308,4
0.025,1,q1_customer_orders,predicate_injection,0.011054,296,4
0.025,1,q1_customer_orders,pcqv_no_stats,0.066008,308,4
0.025,1,q1_customer_orders,pcqv_forced,0.086107,308,4
0.025,1,q1_customer_orders,pcqv,0.246648,308,4
0.025,1,q1_customer_orders,oracle_order,1.213824,308,1
0.025,1,q2_revenue_by_product,post_join_filter,0.046072,800,4
0.025,1,q2_revenue_by_product,view_barrier,0.013309,494,4
0.025,1,q2_revenue_by_product,oblivious_forced,0.042858,373,4
0.025,1,q2_revenue_by_product,predicate_injection,0.011175,361,4
0.025,1,q2_revenue_by_product,pcqv_no_stats,0.05404,373,4
0.025,1,q2_revenue_by_product,pcqv_forced,0.086143,373,4
0.025,1,q2_revenue_by_product,pcqv,0.257397,373,4
0.025,1,q2_revenue_by_product,oracle_order,0.774426,373,1
0.025,1,q3_support_tickets,post_join_filter,0.037941,660,4
0.025,1,q3_support_tickets,view_barrier,0.011119,363,4
0.025,1,q3_support_tickets,oblivious_forced,0.010195,279,4
0.025,1,q3_support_tickets,predicate_injection,0.012936,273,4
0.025,1,q3_support_tickets,pcqv_no_stats,0.02727,279,4
0.025,1,q3_support_tickets,pcqv_forced,0.028127,279,4
0.025,1,q3_support_tickets,pcqv,0.072186,273,4
0.025,1,q3_support_tickets,oracle_order,0.332513,279,1
0.025,1,q4_revenue_by_region,post_join_filter,0.049454,776,4
0.025,1,q4_revenue_by_region,view_barrier,0.012715,424,4
0.025,1,q4_revenue_by_region,oblivious_forced,0.016587,303,4
0.025,1,q4_revenue_by_region,predicate_injection,0.009955,291,4
0.025,1,q4_revenue_by_region,pcqv_no_stats,0.046547,303,4
0.025,1,q4_revenue_by_region,pcqv_forced,0.075287,303,4
0.025,1,q4_revenue_by_region,pcqv,0.195766,291,4
0.025,1,q4_revenue_by_region,oracle_order,0.604461,303,1
0.025,1,q5_high_value_segments,post_join_filter,0.035274,595,4
0.025,1,q5_high_value_segments,view_barrier,0.009661,306,4
0.025,1,q5_high_value_segments,oblivious_forced,0.009058,222,4
0.025,1,q5_high_value_segments,predicate_injection,0.013065,216,4
0.025,1,q5_high_value_segments,pcqv_no_stats,0.018666,222,4
0.025,1,q5_high_value_segments,pcqv_forced,0.025164,222,4
0.025,1,q5_high_value_segments,pcqv,0.066743,216,4
0.025,1,q5_high_value_segments,oracle_order,2.70283,222,1
0.025,1,q6_lineitem_product_count,post_join_filter,0.050414,937,4
0.025,1,q6_lineitem_product_count,view_barrier,0.015547,510,4
0.025,1,q6_lineitem_product_count,oblivious_forced,0.01394,352,4
0.025,1,q6_lineitem_product_count,predicate_injection,0.012305,334,4
0.025,1,q6_lineitem_product_count,pcqv_no_stats,0.187108,352,4
0.025,1,q6_lineitem_product_count,pcqv_forced,0.357256,352,4
0.025,1,q6_lineitem_product_count,pcqv,0.65208,334,4
0.025,1,q6_lineitem_product_count,oracle_order,5.398846,352,1
0.025,1,q7_customer_summary,post_join_filter,0.037278,602,4
0.025,1,q7_customer_summary,view_barrier,0.010731,313,4
0.025,1,q7_customer_summary,oblivious_forced,0.00949,229,4
0.025,1,q7_customer_summary,predicate_injection,0.008156,223,4
0.025,1,q7_customer_summary,pcqv_no_stats,0.019631,229,4
0.025,1,q7_customer_summary,pcqv_forced,0.025691,229,4
0.025,1,q7_customer_summary,pcqv,0.087529,229,4
0.025,1,q7_customer_summary,oracle_order,0.274181,229,1
0.025,1,q8_sensitive_product_scan,post_join_filter,0.033507,475,4
0.025,1,q8_sensitive_product_scan,view_barrier,0.009976,316,4
0.025,1,q8_sensitive_product_scan,oblivious_forced,0.008929,232,4
0.025,1,q8_sensitive_product_scan,predicate_injection,0.007779,226,4
0.025,1,q8_sensitive_product_scan,pcqv_no_stats,0.019122,232,4
0.025,1,q8_sensitive_product_scan,pcqv_forced,0.025802,232,4
0.025,1,q8_sensitive_product_scan,pcqv,0.087649,232,4
0.025,1,q8_sensitive_product_scan,oracle_order,0.232666,232,1
0.025,1,q9_ticket_topic_segments,post_join_filter,0.039014,652,4
0.025,1,q9_ticket_topic_segments,view_barrier,0.010549,355,4
0.025,1,q9_ticket_topic_segments,oblivious_forced,0.009466,271,4
0.025,1,q9_ticket_topic_segments,predicate_injection,0.008359,265,4
0.025,1,q9_ticket_topic_segments,pcqv_no_stats,0.019317,271,4
0.025,1,q9_ticket_topic_segments,pcqv_forced,0.025848,271,4
0.025,1,q9_ticket_topic_segments,pcqv,0.070865,265,4
0.025,1,q9_ticket_topic_segments,oracle_order,0.283612,271,1
0.025,1,q10_acl_customer_rows,post_join_filter,0.021012,361,4
0.025,1,q10_acl_customer_rows,view_barrier,0.007859,219,4
0.025,1,q10_acl_customer_rows,oblivious_forced,0.006801,172,4
0.025,1,q10_acl_customer_rows,predicate_injection,0.005926,172,4
0.025,1,q10_acl_customer_rows,pcqv_no_stats,0.009823,172,4
0.025,1,q10_acl_customer_rows,pcqv_forced,0.01096,172,4
0.025,1,q10_acl_customer_rows,pcqv,0.028237,172,4
0.025,1,q10_acl_customer_rows,oracle_order,0.084538,172,1
0.025,1,q11_order_ticket_bridge,post_join_filter,0.050979,900,4
0.025,1,q11_order_ticket_bridge,view_barrier,0.012931,456,4
0.025,1,q11_order_ticket_bridge,oblivious_forced,0.012958,335,4
0.025,1,q11_order_ticket_bridge,predicate_injection,0.014703,323,4
0.025,1,q11_order_ticket_bridge,pcqv_no_stats,0.048404,335,4
0.025,1,q11_order_ticket_bridge,pcqv_forced,0.075516,335,4
0.025,1,q11_order_ticket_bridge,pcqv,0.181974,323,4
0.025,1,q11_order_ticket_bridge,oracle_order,0.841293,335,1
0.025,1,q12_product_segment_revenue,post_join_filter,0.060815,987,4
0.025,1,q12_product_segment_revenue,view_barrier,0.015795,560,4
0.025,1,q12_product_segment_revenue,oblivious_forced,0.013922,402,4
0.025,1,q12_product_segment_revenue,predicate_injection,0.01277,384,4
0.025,1,q12_product_segment_revenue,pcqv_no_stats,0.179375,402,4
0.025,1,q12_product_segment_revenue,pcqv_forced,0.341466,402,4
0.025,1,q12_product_segment_revenue,pcqv,0.613611,384,4
0.025,1,q12_product_segment_revenue,oracle_order,4.198857,402,1
0.025,1,q13_order_lineitem_rows,post_join_filter,0.036423,578,4
0.025,1,q13_order_lineitem_rows,view_barrier,0.011002,347,4
0.025,1,q13_order_lineitem_rows,oblivious_forced,0.009965,263,4
0.025,1,q13_order_lineitem_rows,predicate_injection,0.008559,257,4
0.025,1,q13_order_lineitem_rows,pcqv_no_stats,0.021037,263,4
0.025,1,q13_order_lineitem_rows,pcqv_forced,0.036595,263,4
0.025,1,q13_order_lineitem_rows,pcqv,0.0755,257,4
0.025,1,q13_order_lineitem_rows,oracle_order,0.557462,263,1
0.025,1,q14_support_owner_rows,post_join_filter,0.03447,655,4
0.025,1,q14_support_owner_rows,view_barrier,0.010315,358,4
0.025,1,q14_support_owner_rows,oblivious_forced,0.009699,274,4
0.025,1,q14_support_owner_rows,predicate_injection,0.017562,268,4
0.025,1,q14_support_owner_rows,pcqv_no_stats,0.020721,274,4
0.025,1,q14_support_owner_rows,pcqv_forced,0.026642,274,4
0.025,1,q14_support_owner_rows,pcqv,0.072847,268,4
0.025,1,q14_support_owner_rows,oracle_order,0.258955,274,1
0.025,1,q15_clearance_product_rows,post_join_filter,0.034037,540,4
0.025,1,q15_clearance_product_rows,view_barrier,0.010377,381,4
0.025,1,q15_clearance_product_rows,oblivious_forced,0.009476,297,4
0.025,1,q15_clearance_product_rows,predicate_injection,0.008304,291,4
0.025,1,q15_clearance_product_rows,pcqv_no_stats,0.026657,297,4
0.025,1,q15_clearance_product_rows,pcqv_forced,0.026748,297,4
0.025,1,q15_clearance_product_rows,pcqv,0.070032,291,4
0.025,1,q15_clearance_product_rows,oracle_order,0.501728,297,1
0.025,1,q16_region_product_mix,post_join_filter,0.06581,1008,4
0.025,1,q16_region_product_mix,view_barrier,0.015235,581,4
0.025,1,q16_region_product_mix,oblivious_forced,0.013862,423,4
0.025,1,q16_region_product_mix,predicate_injection,0.012566,405,4
0.025,1,q16_region_product_mix,pcqv_no_stats,0.174159,423,4
0.025,1,q16_region_product_mix,pcqv_forced,0.355676,423,4
0.025,1,q16_region_product_mix,pcqv,0.615049,405,4
0.025,1,q16_region_product_mix,oracle_order,2.42803,423,1
0.025,3,q1_customer_orders,post_join_filter,0.048668,887,4
0.025,3,q1_customer_orders,view_barrier,0.017795,527,4
0.025,3,q1_customer_orders,oblivious_forced,0.014915,406,4
0.025,3,q1_customer_orders,predicate_injection,0.013632,394,4
0.025,3,q1_customer_orders,pcqv_no_stats,0.052349,406,4
0.025,3,q1_customer_orders,pcqv_forced,0.104638,406,4
0.025,3,q1_customer_orders,pcqv,0.301146,406,4
0.025,3,q1_customer_orders,oracle_order,0.805542,406,1
0.025,3,q2_revenue_by_product,post_join_filter,0.048638,907,4
0.025,3,q2_revenue_by_product,view_barrier,0.015996,593,4
0.025,3,q2_revenue_by_product,oblivious_forced,0.014074,472,4
0.025,3,q2_revenue_by_product,predicate_injection,0.012594,460,4
0.025,3,q2_revenue_by_product,pcqv_no_stats,0.049775,472,4
0.025,3,q2_revenue_by_product,pcqv_forced,0.10007,472,4
0.025,3,q2_revenue_by_product,pcqv,0.291582,472,4
0.025,3,q2_revenue_by_product,oracle_order,0.795649,472,1
0.025,3,q3_support_tickets,post_join_filter,0.037114,746,4
0.025,3,q3_support_tickets,view_barrier,0.013398,441,4
0.025,3,q3_support_tickets,oblivious_forced,0.012122,357,4
0.025,3,q3_support_tickets,predicate_injection,0.010896,351,4
0.025,3,q3_support_tickets,pcqv_no_stats,0.023236,357,4
0.025,3,q3_support_tickets,pcqv_forced,0.037429,357,4
0.025,3,q3_support_tickets,pcqv,0.095988,351,4
0.025,3,q3_support_tickets,oracle_order,0.285702,357,1
0.025,3,q4_revenue_by_region,post_join_filter,0.042319,882,4
0.025,3,q4_revenue_by_region,view_barrier,0.015241,522,4
0.025,3,q4_revenue_by_region,oblivious_forced,0.013567,401,4
0.025,3,q4_revenue_by_region,predicate_injection,0.012308,389,4
0.025,3,q4_revenue_by_region,pcqv_no_stats,0.049879,401,4
0.025,3,q4_revenue_by_region,pcqv_forced,0.102825,401,4
0.025,3,q4_revenue_by_region,pcqv,0.297553,401,4
0.025,3,q4_revenue_by_region,oracle_order,0.669807,401,1
0.025,3,q5_high_value_segments,post_join_filter,0.033203,701,4
0.025,3,q5_high_value_segments,view_barrier,0.012211,404,4
0.025,3,q5_high_value_segments,oblivious_forced,0.011662,320,4
0.025,3,q5_high_value_segments,predicate_injection,0.010185,314,4
0.025,3,q5_high_value_segments,pcqv_no_stats,0.02278,320,4
0.025,3,q5_high_value_segments,pcqv_forced,0.036262,320,4
0.025,3,q5_high_value_segments,pcqv,0.118596,320,4
0.025,3,q5_high_value_segments,oracle_order,2.582679,320,1
0.025,3,q6_lineitem_product_count,post_join_filter,0.05045,1087,4
0.025,3,q6_lineitem_product_count,view_barrier,0.019396,648,4
0.025,3,q6_lineitem_product_count,oblivious_forced,0.017542,490,4
0.025,3,q6_lineitem_product_count,predicate_injection,0.016099,472,4
0.025,3,q6_lineitem_product_count,pcqv_no_stats,0.187022,490,4
0.025,3,q6_lineitem_product_count,pcqv_forced,0.467708,490,4
0.025,3,q6_lineitem_product_count,pcqv,1.19498,490,4
0.025,3,q6_lineitem_product_count,oracle_order,5.10889,490,1
0.025,3,q7_customer_summary,post_join_filter,0.040361,708,4
0.025,3,q7_customer_summary,view_barrier,0.013414,411,4
0.025,3,q7_customer_summary,oblivious_forced,0.012059,327,4
0.025,3,q7_customer_summary,predicate_injection,0.010375,321,4
0.025,3,q7_customer_summary,pcqv_no_stats,0.022348,327,4
0.025,3,q7_customer_summary,pcqv_forced,0.036208,327,4
0.025,3,q7_customer_summary,pcqv,0.113559,327,4
0.025,3,q7_customer_summary,oracle_order,0.247777,327,1
0.025,3,q8_sensitive_product_scan,post_join_filter,0.030267,519,4
0.025,3,q8_sensitive_product_scan,view_barrier,0.01117,356,4
0.025,3,q8_sensitive_product_scan,oblivious_forced,0.010068,272,4
0.025,3,q8_sensitive_product_scan,predicate_injection,0.009279,266,4
0.025,3,q8_sensitive_product_scan,pcqv_no_stats,0.020601,272,4
0.025,3,q8_sensitive_product_scan,pcqv_forced,0.031301,272,4
0.025,3,q8_sensitive_product_scan,pcqv,0.099101,272,4
0.025,3,q8_sensitive_product_scan,oracle_order,0.207743,272,1
0.025,3,q9_ticket_topic_segments,post_join_filter,0.041266,738,4
0.025,3,q9_ticket_topic_segments,view_barrier,0.012937,433,4
0.025,3,q9_ticket_topic_segments,oblivious_forced,0.011816,349,4
0.025,3,q9_ticket_topic_segments,predicate_injection,0.010431,343,4
0.025,3,q9_ticket_topic_segments,pcqv_no_stats,0.022783,349,4
0.025,3,q9_ticket_topic_segments,pcqv_forced,0.035764,349,4
0.025,3,q9_ticket_topic_segments,pcqv,0.113808,349,4
0.025,3,q9_ticket_topic_segments,oracle_order,0.316559,349,1
0.025,3,q10_acl_customer_rows,post_join_filter,0.022235,404,4
0.025,3,q10_acl_customer_rows,view_barrier,0.008906,258,4
0.025,3,q10_acl_customer_rows,oblivious_forced,0.008523,211,4
0.025,3,q10_acl_customer_rows,predicate_injection,0.007145,211,4
0.025,3,q10_acl_customer_rows,pcqv_no_stats,0.011107,211,4
0.025,3,q10_acl_customer_rows,pcqv_forced,0.013864,211,4
0.025,3,q10_acl_customer_rows,pcqv,0.03607,211,4
0.025,3,q10_acl_customer_rows,oracle_order,0.109335,211,1
0.025,3,q11_order_ticket_bridge,post_join_filter,0.055092,1049,4
0.025,3,q11_order_ticket_bridge,view_barrier,0.016091,593,4
0.025,3,q11_order_ticket_bridge,oblivious_forced,0.015091,472,4
0.025,3,q11_order_ticket_bridge,predicate_injection,0.013284,460,4
0.025,3,q11_order_ticket_bridge,pcqv_no_stats,0.052646,472,4
0.025,3,q11_order_ticket_bridge,pcqv_forced,0.109688,472,4
0.025,3,q11_order_ticket_bridge,pcqv,0.229703,460,4
0.025,3,q11_order_ticket_bridge,oracle_order,0.821878,472,1
0.025,3,q12_product_segment_revenue,post_join_filter,0.061567,1137,4
0.025,3,q12_product_segment_revenue,view_barrier,0.019497,698,4
0.025,3,q12_product_segment_revenue,oblivious_forced,0.017592,540,4
0.025,3,q12_product_segment_revenue,predicate_injection,0.015722,522,4
0.025,3,q12_product_segment_revenue,pcqv_no_stats,0.184964,540,4
0.025,3,q12_product_segment_revenue,pcqv_forced,0.462062,540,4
0.025,3,q12_product_segment_revenue,pcqv,0.765158,522,4
0.025,3,q12_product_segment_revenue,oracle_order,2.731052,540,1
0.025,3,q13_order_lineitem_rows,post_join_filter,0.035434,641,4
0.025,3,q13_order_lineitem_rows,view_barrier,0.012046,406,4
0.025,3,q13_order_lineitem_rows,oblivious_forced,0.022462,322,4
0.025,3,q13_order_lineitem_rows,predicate_injection,0.010247,316,4
0.025,3,q13_order_lineitem_rows,pcqv_no_stats,0.021609,322,4
0.025,3,q13_order_lineitem_rows,pcqv_forced,0.031448,322,4
0.025,3,q13_order_lineitem_rows,pcqv,0.082013,316,4
0.025,3,q13_order_lineitem_rows,oracle_order,0.506351,322,1
0.025,3,q14_support_owner_rows,post_join_filter,0.037651,741,4
0.025,3,q14_support_owner_rows,view_barrier,0.013253,436,4
0.025,3,q14_support_owner_rows,oblivious_forced,0.011776,352,4
0.025,3,q14_support_owner_rows,predicate_injection,0.010796,346,4
0.025,3,q14_support_owner_rows,pcqv_no_stats,0.023529,352,4
0.025,3,q14_support_owner_rows,pcqv_forced,0.037373,352,4
0.025,3,q14_support_owner_rows,pcqv,0.113736,352,4
0.025,3,q14_support_owner_rows,oracle_order,0.304445,352,1
0.025,3,q15_clearance_product_rows,post_join_filter,0.036123,584,4
0.025,3,q15_clearance_product_rows,view_barrier,0.011863,421,4
0.025,3,q15_clearance_product_rows,oblivious_forced,0.018904,337,4
0.025,3,q15_clearance_product_rows,predicate_injection,0.009519,331,4
0.025,3,q15_clearance_product_rows,pcqv_no_stats,0.021655,337,4
0.025,3,q15_clearance_product_rows,pcqv_forced,0.032107,337,4
0.025,3,q15_clearance_product_rows,pcqv,0.097917,331,4
0.025,3,q15_clearance_product_rows,oracle_order,0.538365,337,1
0.025,3,q16_region_product_mix,post_join_filter,0.066693,1158,4
0.025,3,q16_region_product_mix,view_barrier,0.019966,719,4
0.025,3,q16_region_product_mix,oblivious_forced,0.017838,561,4
0.025,3,q16_region_product_mix,predicate_injection,0.016125,543,4
0.025,3,q16_region_product_mix,pcqv_no_stats,0.192187,561,4
0.025,3,q16_region_product_mix,pcqv_forced,0.514663,561,4
0.025,3,q16_region_product_mix,pcqv,0.762106,543,4
0.025,3,q16_region_product_mix,oracle_order,6.360518,561,1
0.025,6,q1_customer_orders,post_join_filter,0.054116,1094,4
0.025,6,q1_customer_orders,view_barrier,0.02261,817,4
0.025,6,q1_customer_orders,oblivious_forced,0.018758,696,4
0.025,6,q1_customer_orders,predicate_injection,0.020468,684,4
0.025,6,q1_customer_orders,pcqv_no_stats,0.057907,696,4
0.025,6,q1_customer_orders,pcqv_forced,0.137359,696,4
0.025,6,q1_customer_orders,pcqv,0.363107,696,4
0.025,6,q1_customer_orders,oracle_order,2.918812,696,1
0.025,6,q2_revenue_by_product,post_join_filter,0.065736,1099,4
0.025,6,q2_revenue_by_product,view_barrier,0.024507,823,4
0.025,6,q2_revenue_by_product,oblivious_forced,0.022557,702,4
0.025,6,q2_revenue_by_product,predicate_injection,0.014918,690,4
0.025,6,q2_revenue_by_product,pcqv_no_stats,0.06109,702,4
0.025,6,q2_revenue_by_product,pcqv_forced,0.129016,702,4
0.025,6,q2_revenue_by_product,pcqv,0.385238,702,4
0.025,6,q2_revenue_by_product,oracle_order,2.102088,702,1
0.025,6,q3_support_tickets,post_join_filter,0.04613,827,4
0.025,6,q3_support_tickets,view_barrier,0.020326,522,4
0.025,6,q3_support_tickets,oblivious_forced,0.013116,438,4
0.025,6,q3_support_tickets,predicate_injection,0.015455,432,4
0.025,6,q3_support_tickets,pcqv_no_stats,0.02557,438,4
0.025,6,q3_support_tickets,pcqv_forced,0.039274,438,4
0.025,6,q3_support_tickets,pcqv,0.114844,432,4
0.025,6,q3_support_tickets,oracle_order,0.403863,438,1
0.025,6,q4_revenue_by_region,post_join_filter,0.051266,1110,4
0.025,6,q4_revenue_by_region,view_barrier,0.027213,833,4
0.025,6,q4_revenue_by_region,oblivious_forced,0.016495,712,4
0.025,6,q4_revenue_by_region,predicate_injection,0.014852,700,4
0.025,6,q4_revenue_by_region,pcqv_no_stats,0.055456,712,4
0.025,6,q4_revenue_by_region,pcqv_forced,0.138071,712,4
0.025,6,q4_revenue_by_region,pcqv,0.39896,712,4
0.025,6,q4_revenue_by_region,oracle_order,2.146522,712,1
0.025,6,q5_high_value_segments,post_join_filter,0.047368,864,4
0.025,6,q5_high_value_segments,view_barrier,0.022154,610,4
0.025,6,q5_high_value_segments,oblivious_forced,0.027223,526,4
0.025,6,q5_high_value_segments,predicate_injection,0.012194,520,4
0.025,6,q5_high_value_segments,pcqv_no_stats,0.026434,526,4
0.025,6,q5_high_value_segments,pcqv_forced,0.048982,526,4
0.025,6,q5_high_value_segments,pcqv,0.117191,520,4
0.025,6,q5_high_value_segments,oracle_order,2.857231,526,1
0.025,6,q6_lineitem_product_count,post_join_filter,0.061308,1315,4
0.025,6,q6_lineitem_product_count,view_barrier,0.023082,959,4
0.025,6,q6_lineitem_product_count,oblivious_forced,0.020483,801,4
0.025,6,q6_lineitem_product_count,predicate_injection,0.023615,783,4
0.025,6,q6_lineitem_product_count,pcqv_no_stats,0.196533,801,4
0.025,6,q6_lineitem_product_count,pcqv_forced,0.573723,801,4
0.025,6,q6_lineitem_product_count,pcqv,1.479164,801,4
0.025,6,q6_lineitem_product_count,oracle_order,10.791024,801,1
0.025,6,q7_customer_summary,post_join_filter,0.045501,871,4
0.025,6,q7_customer_summary,view_barrier,0.016289,617,4
0.025,6,q7_customer_summary,oblivious_forced,0.014728,533,4
0.025,6,q7_customer_summary,predicate_injection,0.012591,527,4
0.025,6,q7_customer_summary,pcqv_no_stats,0.028318,533,4
0.025,6,q7_customer_summary,pcqv_forced,0.044006,533,4
0.025,6,q7_customer_summary,pcqv,0.110801,527,4
0.025,6,q7_customer_summary,oracle_order,0.377199,533,1
0.025,6,q8_sensitive_product_scan,post_join_filter,0.034439,647,4
0.025,6,q8_sensitive_product_scan,view_barrier,0.012478,482,4
0.025,6,q8_sensitive_product_scan,oblivious_forced,0.010905,398,4
0.025,6,q8_sensitive_product_scan,predicate_injection,0.012978,392,4
0.025,6,q8_sensitive_product_scan,pcqv_no_stats,0.022632,398,4
0.025,6,q8_sensitive_product_scan,pcqv_forced,0.034008,398,4
0.025,6,q8_sensitive_product_scan,pcqv,0.10715,398,4
0.025,6,q8_sensitive_product_scan,oracle_order,0.401128,398,1
0.025,6,q9_ticket_topic_segments,post_join_filter,0.046881,840,4
0.025,6,q9_ticket_topic_segments,view_barrier,0.014276,535,4
0.025,6,q9_ticket_topic_segments,oblivious_forced,0.012894,451,4
0.025,6,q9_ticket_topic_segments,predicate_injection,0.011527,445,4
0.025,6,q9_ticket_topic_segments,pcqv_no_stats,0.025523,451,4
0.025,6,q9_ticket_topic_segments,pcqv_forced,0.04016,451,4
0.025,6,q9_ticket_topic_segments,pcqv,0.124649,451,4
0.025,6,q9_ticket_topic_segments,oracle_order,0.61106,451,1
0.025,6,q10_acl_customer_rows,post_join_filter,0.030492,485,4
0.025,6,q10_acl_customer_rows,view_barrier,0.010761,339,4
0.025,6,q10_acl_customer_rows,oblivious_forced,0.009425,292,4
0.025,6,q10_acl_customer_rows,predicate_injection,0.012623,292,4
0.025,6,q10_acl_customer_rows,pcqv_no_stats,0.01303,292,4
0.025,6,q10_acl_customer_rows,pcqv_forced,0.015722,292,4
0.025,6,q10_acl_customer_rows,pcqv,0.051136,292,4
0.025,6,q10_acl_customer_rows,oracle_order,0.190937,292,1
0.025,6,q11_order_ticket_bridge,post_join_filter,0.07769,1212,4
0.025,6,q11_order_ticket_bridge,view_barrier,0.025416,799,4
0.025,6,q11_order_ticket_bridge,oblivious_forced,0.018223,678,4
0.025,6,q11_order_ticket_bridge,predicate_injection,0.019742,666,4
0.025,6,q11_order_ticket_bridge,pcqv_no_stats,0.069149,678,4
0.025,6,q11_order_ticket_bridge,pcqv_forced,0.153295,678,4
0.025,6,q11_order_ticket_bridge,pcqv,0.299381,666,4
0.025,6,q11_order_ticket_bridge,oracle_order,1.294468,678,1
0.025,6,q12_product_segment_revenue,post_join_filter,0.086679,1365,4
0.025,6,q12_product_segment_revenue,view_barrier,0.035958,1009,4
0.025,6,q12_product_segment_revenue,oblivious_forced,0.021342,851,4
0.025,6,q12_product_segment_revenue,predicate_injection,0.019504,833,4
0.025,6,q12_product_segment_revenue,pcqv_no_stats,0.21113,851,4
0.025,6,q12_product_segment_revenue,pcqv_forced,0.614371,851,4
0.025,6,q12_product_segment_revenue,pcqv,1.047742,833,4
0.025,6,q12_product_segment_revenue,oracle_order,8.346131,851,1
0.025,6,q13_order_lineitem_rows,post_join_filter,0.042978,812,4
0.025,6,q13_order_lineitem_rows,view_barrier,0.014699,615,4
0.025,6,q13_order_lineitem_rows,oblivious_forced,0.012465,531,4
0.025,6,q13_order_lineitem_rows,predicate_injection,0.011131,525,4
0.025,6,q13_order_lineitem_rows,pcqv_no_stats,0.024226,531,4
0.025,6,q13_order_lineitem_rows,pcqv_forced,0.037995,531,4
0.025,6,q13_order_lineitem_rows,pcqv,0.104271,525,4
0.025,6,q13_order_lineitem_rows,oracle_order,1.105772,531,1
0.025,6,q14_support_owner_rows,post_join_filter,0.041866,822,4
0.025,6,q14_support_owner_rows,view_barrier,0.018111,517,4
0.025,6,q14_support_owner_rows,oblivious_forced,0.013623,433,4
0.025,6,q14_support_owner_rows,predicate_injection,0.011329,427,4
0.025,6,q14_support_owner_rows,pcqv_no_stats,0.027684,433,4
0.025,6,q14_support_owner_rows,pcqv_forced,0.045507,433,4
0.025,6,q14_support_owner_rows,pcqv,0.123628,433,4
0.025,6,q14_support_owner_rows,oracle_order,0.440529,433,1
0.025,6,q15_clearance_product_rows,post_join_filter,0.041287,712,4
0.025,6,q15_clearance_product_rows,view_barrier,0.021972,547,4
0.025,6,q15_clearance_product_rows,oblivious_forced,0.012041,463,4
0.025,6,q15_clearance_product_rows,predicate_injection,0.010178,457,4
0.025,6,q15_clearance_product_rows,pcqv_no_stats,0.024483,463,4
0.025,6,q15_clearance_product_rows,pcqv_forced,0.036807,463,4
0.025,6,q15_clearance_product_rows,pcqv,0.093812,457,4
0.025,6,q15_clearance_product_rows,oracle_order,0.748039,463,1
0.025,6,q16_region_product_mix,post_join_filter,0.075012,1386,4
0.025,6,q16_region_product_mix,view_barrier,0.0351,1030,4
0.025,6,q16_region_product_mix,oblivious_forced,0.021558,872,4
0.025,6,q16_region_product_mix,predicate_injection,0.019141,854,4
0.025,6,q16_region_product_mix,pcqv_no_stats,0.190423,872,4
0.025,6,q16_region_product_mix,pcqv_forced,0.565115,872,4
0.025,6,q16_region_product_mix,pcqv,0.905,854,4
0.025,6,q16_region_product_mix,oracle_order,8.240096,872,1
0.1,1,q1_customer_orders,post_join_filter,0.045711,799,4
0.1,1,q1_customer_orders,view_barrier,0.016195,447,4
0.1,1,q1_customer_orders,oblivious_forced,0.013912,326,4
0.1,1,q1_customer_orders,predicate_injection,0.012418,314,4
0.1,1,q1_customer_orders,pcqv_no_stats,0.056654,326,4
0.1,1,q1_customer_orders,pcqv_forced,0.097285,326,4
0.1,1,q1_customer_orders,pcqv,0.283088,326,4
0.1,1,q1_customer_orders,oracle_order,2.819415,326,1
0.1,1,q2_revenue_by_product,post_join_filter,0.051007,818,4
0.1,1,q2_revenue_by_product,view_barrier,0.018619,512,4
0.1,1,q2_revenue_by_product,oblivious_forced,0.013417,391,4
0.1,1,q2_revenue_by_product,predicate_injection,0.012058,379,4
0.1,1,q2_revenue_by_product,pcqv_no_stats,0.048566,391,4
0.1,1,q2_revenue_by_product,pcqv_forced,0.089652,391,4
0.1,1,q2_revenue_by_product,pcqv,0.283121,391,4
0.1,1,q2_revenue_by_product,oracle_order,1.514478,391,1
0.1,1,q3_support_tickets,post_join_filter,0.035769,672,4
0.1,1,q3_support_tickets,view_barrier,0.012266,375,4
0.1,1,q3_support_tickets,oblivious_forced,0.010866,291,4
0.1,1,q3_support_tickets,predicate_injection,0.009839,285,4
0.1,1,q3_support_tickets,pcqv_no_stats,0.021402,291,4
0.1,1,q3_support_tickets,pcqv_forced,0.029949,291,4
0.1,1,q3_support_tickets,pcqv,0.106462,285,4
0.1,1,q3_support_tickets,oracle_order,0.359831,291,1
0.1,1,q4_revenue_by_region,post_join_filter,0.044962,794,4
0.1,1,q4_revenue_by_region,view_barrier,0.013946,442,4
0.1,1,q4_revenue_by_region,oblivious_forced,0.012493,321,4
0.1,1,q4_revenue_by_region,predicate_injection,0.015729,309,4
0.1,1,q4_revenue_by_region,pcqv_no_stats,0.061271,321,4
0.1,1,q4_revenue_by_region,pcqv_forced,0.093293,321,4
0.1,1,q4_revenue_by_region,pcqv,0.218618,309,4
0.1,1,q4_revenue_by_region,oracle_order,1.649887,321,1
0.1,1,q5_high_value_segments,post_join_filter,0.045258,607,4
0.1,1,q5_high_value_segments,view_barrier,0.014388,318,4
0.1,1,q5_high_value_segments,oblivious_forced,0.010058,234,4
0.1,1,q5_high_value_segments,predicate_injection,0.01428,228,4
0.1,1,q5_high_value_segments,pcqv_no_stats,0.024,234,4
0.1,1,q5_high_value_segments,pcqv_forced,0.027569,234,4
0.1,1,q5_high_value_segments,pcqv,0.074586,228,4
0.1,1,q5_high_value_segments,oracle_order,3.196668,234,1
0.1,1,q6_lineitem_product_count,post_join_filter,0.048258,961,4
0.1,1,q6_lineitem_product_count,view_barrier,0.017091,534,4
0.1,1,q6_lineitem_product_count,oblivious_forced,0.015343,376,4
0.1,1,q6_lineitem_product_count,predicate_injection,0.014348,358,4
0.1,1,q6_lineitem_product_count,pcqv_no_stats,0.20617,376,4
0.1,1,q6_lineitem_product_count,pcqv_forced,0.428459,376,4
0.1,1,q6_lineitem_product_count,pcqv,0.703238,358,4
0.1,1,q6_lineitem_product_count,oracle_order,15.442247,376,1
0.1,1,q7_customer_summary,post_join_filter,0.041991,614,4
0.1,1,q7_customer_summary,view_barrier,0.011585,325,4
0.1,1,q7_customer_summary,oblivious_forced,0.014349,241,4
0.1,1,q7_customer_summary,predicate_injection,0.009327,235,4
0.1,1,q7_customer_summary,pcqv_no_stats,0.022469,241,4
0.1,1,q7_customer_summary,pcqv_forced,0.032694,241,4
0.1,1,q7_customer_summary,pcqv,0.09673,241,4
0.1,1,q7_customer_summary,oracle_order,0.530785,241,1
0.1,1,q8_sensitive_product_scan,post_join_filter,0.031276,487,4
0.1,1,q8_sensitive_product_scan,view_barrier,0.011088,328,4
0.1,1,q8_sensitive_product_scan,oblivious_forced,0.010215,244,4
0.1,1,q8_sensitive_product_scan,predicate_injection,0.008912,238,4
0.1,1,q8_sensitive_product_scan,pcqv_no_stats,0.020446,244,4
0.1,1,q8_sensitive_product_scan,pcqv_forced,0.028489,244,4
0.1,1,q8_sensitive_product_scan,pcqv,0.09458,244,4
0.1,1,q8_sensitive_product_scan,oracle_order,0.342403,244,1
0.1,1,q9_ticket_topic_segments,post_join_filter,0.038548,664,4
0.1,1,q9_ticket_topic_segments,view_barrier,0.011716,367,4
0.1,1,q9_ticket_topic_segments,oblivious_forced,0.010869,283,4
0.1,1,q9_ticket_topic_segments,predicate_injection,0.010029,277,4
0.1,1,q9_ticket_topic_segments,pcqv_no_stats,0.021041,283,4
0.1,1,q9_ticket_topic_segments,pcqv_forced,0.029966,283,4
0.1,1,q9_ticket_topic_segments,pcqv,0.080815,277,4
0.1,1,q9_ticket_topic_segments,oracle_order,0.5095,283,1
0.1,1,q10_acl_customer_rows,post_join_filter,0.020976,367,4
0.1,1,q10_acl_customer_rows,view_barrier,0.008005,225,4
0.1,1,q10_acl_customer_rows,oblivious_forced,0.007354,178,4
0.1,1,q10_acl_customer_rows,predicate_injection,0.006499,178,4
0.1,1,q10_acl_customer_rows,pcqv_no_stats,0.009827,178,4
0.1,1,q10_acl_customer_rows,pcqv_forced,0.018667,178,4
0.1,1,q10_acl_customer_rows,pcqv,0.031205,178,4
0.1,1,q10_acl_customer_rows,oracle_order,0.122048,178,1
0.1,1,q11_order_ticket_bridge,post_join_filter,0.052616,918,4
0.1,1,q11_order_ticket_bridge,view_barrier,0.014715,474,4
0.1,1,q11_order_ticket_bridge,oblivious_forced,0.013266,353,4
0.1,1,q11_order_ticket_bridge,predicate_injection,0.011821,341,4
0.1,1,q11_order_ticket_bridge,pcqv_no_stats,0.048133,353,4
0.1,1,q11_order_ticket_bridge,pcqv_forced,0.085908,353,4
0.1,1,q11_order_ticket_bridge,pcqv,0.188401,341,4
0.1,1,q11_order_ticket_bridge,oracle_order,2.500426,353,1
0.1,1,q12_product_segment_revenue,post_join_filter,0.071708,1011,4
0.1,1,q12_product_segment_revenue,view_barrier,0.022519,584,4
0.1,1,q12_product_segment_revenue,oblivious_forced,0.016411,426,4
0.1,1,q12_product_segment_revenue,predicate_injection,0.020211,408,4
0.1,1,q12_product_segment_revenue,pcqv_no_stats,0.189021,426,4
0.1,1,q12_product_segment_revenue,pcqv_forced,0.418714,426,4
0.1,1,q12_product_segment_revenue,pcqv,0.732269,408,4
0.1,1,q12_product_segment_revenue,oracle_order,7.079283,426,1
0.1,1,q13_order_lineitem_rows,post_join_filter,0.043026,590,4
0.1,1,q13_order_lineitem_rows,view_barrier,0.013066,359,4
0.1,1,q13_order_lineitem_rows,oblivious_forced,0.014138,275,4
0.1,1,q13_order_lineitem_rows,predicate_injection,0.012056,269,4
0.1,1,q13_order_lineitem_rows,pcqv_no_stats,0.024944,275,4
0.1,1,q13_order_lineitem_rows,pcqv_forced,0.029989,275,4
0.1,1,q13_order_lineitem_rows,pcqv,0.081644,269,4
0.1,1,q13_order_lineitem_rows,oracle_order,1.368584,275,1
0.1,1,q14_support_owner_rows,post_join_filter,0.047025,667,4
0.1,1,q14_support_owner_rows,view_barrier,0.015648,370,4
0.1,1,q14_support_owner_rows,oblivious_forced,0.015446,286,4
0.1,1,q14_support_owner_rows,predicate_injection,0.009897,280,4
0.1,1,q14_support_owner_rows,pcqv_no_stats,0.022466,286,4
0.1,1,q14_support_owner_rows,pcqv_forced,0.037176,286,4
0.1,1,q14_support_owner_rows,pcqv,0.077395,280,4
0.1,1,q14_support_owner_rows,oracle_order,0.481437,286,1
0.1,1,q15_clearance_product_rows,post_join_filter,0.036112,552,4
0.1,1,q15_clearance_product_rows,view_barrier,0.011637,393,4
0.1,1,q15_clearance_product_rows,oblivious_forced,0.015666,309,4
0.1,1,q15_clearance_product_rows,predicate_injection,0.009547,303,4
0.1,1,q15_clearance_product_rows,pcqv_no_stats,0.021093,309,4
0.1,1,q15_clearance_product_rows,pcqv_forced,0.02867,309,4
0.1,1,q15_clearance_product_rows,pcqv,0.081047,303,4
0.1,1,q15_clearance_product_rows,oracle_order,1.324846,309,1
0.1,1,q16_region_product_mix,post_join_filter,0.068943,1032,4
0.1,1,q16_region_product_mix,view_barrier,0.018232,605,4
0.1,1,q16_region_product_mix,oblivious_forced,0.016346,447,4
0.1,1,q16_region_product_mix,predicate_injection,0.014778,429,4
0.1,1,q16_region_product_mix,pcqv_no_stats,0.196998,447,4
0.1,1,q16_region_product_mix,pcqv_forced,0.423237,447,4
0.1,1,q16_region_product_mix,pcqv,0.776614,429,4
0.1,1,q16_region_product_mix,oracle_order,7.128623,447,1
0.1,3,q1_customer_orders,post_join_filter,0.058451,917,4
0.1,3,q1_customer_orders,view_barrier,0.02179,557,4
0.1,3,q1_customer_orders,oblivious_forced,0.018477,436,4
0.1,3,q1_customer_orders,predicate_injection,0.01995,424,4
0.1,3,q1_customer_orders,pcqv_no_stats,0.060291,436,4
0.1,3,q1_customer_orders,pcqv_forced,0.136515,436,4
0.1,3,q1_customer_orders,pcqv,0.377092,436,4
0.1,3,q1_customer_orders,oracle_order,2.335929,436,1
0.1,3,q2_revenue_by_product,post_join_filter,0.065772,925,4
0.1,3,q2_revenue_by_product,view_barrier,0.026798,611,4
0.1,3,q2_revenue_by_product,oblivious_forced,0.018819,490,4
0.1,3,q2_revenue_by_product,predicate_injection,0.023789,478,4
0.1,3,q2_revenue_by_product,pcqv_no_stats,0.052857,490,4
0.1,3,q2_revenue_by_product,pcqv_forced,0.126028,490,4
0.1,3,q2_revenue_by_product,pcqv,0.376989,490,4
0.1,3,q2_revenue_by_product,oracle_order,1.732261,490,1
0.1,3,q3_support_tickets,post_join_filter,0.052459,770,4
0.1,3,q3_support_tickets,view_barrier,0.019426,465,4
0.1,3,q3_support_tickets,oblivious_forced,0.014683,381,4
0.1,3,q3_support_tickets,predicate_injection,0.013,375,4
0.1,3,q3_support_tickets,pcqv_no_stats,0.026582,381,4
0.1,3,q3_support_tickets,pcqv_forced,0.047328,381,4
0.1,3,q3_support_tickets,pcqv,0.115931,375,4
0.1,3,q3_support_tickets,oracle_order,0.494405,381,1
0.1,3,q4_revenue_by_region,post_join_filter,0.06036,912,4
0.1,3,q4_revenue_by_region,view_barrier,0.0183,552,4
0.1,3,q4_revenue_by_region,oblivious_forced,0.016217,431,4
0.1,3,q4_revenue_by_region,predicate_injection,0.017113,419,4
0.1,3,q4_revenue_by_region,pcqv_no_stats,0.068012,431,4
0.1,3,q4_revenue_by_region,pcqv_forced,0.128565,431,4
0.1,3,q4_revenue_by_region,pcqv,0.50857,431,4
0.1,3,q4_revenue_by_region,oracle_order,2.114181,431,1
0.1,3,q5_high_value_segments,post_join_filter,0.038178,725,4
0.1,3,q5_high_value_segments,view_barrier,0.014462,428,4
0.1,3,q5_high_value_segments,oblivious_forced,0.01839,344,4
0.1,3,q5_high_value_segments,predicate_injection,0.011675,338,4
0.1,3,q5_high_value_segments,pcqv_no_stats,0.024347,344,4
0.1,3,q5_high_value_segments,pcqv_forced,0.040491,344,4
0.1,3,q5_high_value_segments,pcqv,0.110135,338,4
0.1,3,q5_high_value_segments,oracle_order,3.345104,344,1
0.1,3,q6_lineitem_product_count,post_join_filter,0.061531,1123,4
0.1,3,q6_lineitem_product_count,view_barrier,0.023124,684,4
0.1,3,q6_lineitem_product_count,oblivious_forced,0.020285,526,4
0.1,3,q6_lineitem_product_count,predicate_injection,0.019631,508,4
0.1,3,q6_lineitem_product_count,pcqv_no_stats,0.196967,526,4
0.1,3,q6_lineitem_product_count,pcqv_forced,0.575924,526,4
0.1,3,q6_lineitem_product_count,pcqv,1.476893,526,4
0.1,3,q6_lineitem_product_count,oracle_order,19.495463,526,1
0.1,3,q7_customer_summary,post_join_filter,0.071963,732,4
0.1,3,q7_customer_summary,view_barrier,0.023875,435,4
0.1,3,q7_customer_summary,oblivious_forced,0.021672,351,4
0.1,3,q7_customer_summary,predicate_injection,0.020455,345,4
0.1,3,q7_customer_summary,pcqv_no_stats,0.040617,351,4
0.1,3,q7_customer_summary,pcqv_forced,0.068321,351,4
0.1,3,q7_customer_summary,pcqv,0.163343,351,4
0.1,3,q7_customer_summary,oracle_order,0.508812,351,1
0.1,3,q8_sensitive_product_scan,post_join_filter,0.033344,531,4
0.1,3,q8_sensitive_product_scan,view_barrier,0.012785,368,4
0.1,3,q8_sensitive_product_scan,oblivious_forced,0.011144,284,4
0.1,3,q8_sensitive_product_scan,predicate_injection,0.010201,278,4
0.1,3,q8_sensitive_product_scan,pcqv_no_stats,0.022186,284,4
0.1,3,q8_sensitive_product_scan,pcqv_forced,0.034117,284,4
0.1,3,q8_sensitive_product_scan,pcqv,0.109373,284,4
0.1,3,q8_sensitive_product_scan,oracle_order,0.355169,284,1
0.1,3,q9_ticket_topic_segments,post_join_filter,0.043416,762,4
0.1,3,q9_ticket_topic_segments,view_barrier,0.014993,457,4
0.1,3,q9_ticket_topic_segments,oblivious_forced,0.013574,373,4
0.1,3,q9_ticket_topic_segments,predicate_injection,0.012374,367,4
0.1,3,q9_ticket_topic_segments,pcqv_no_stats,0.024606,373,4
0.1,3,q9_ticket_topic_segments,pcqv_forced,0.041526,373,4
0.1,3,q9_ticket_topic_segments,pcqv,0.105368,367,4
0.1,3,q9_ticket_topic_segments,oracle_order,0.538009,373,1
0.1,3,q10_acl_customer_rows,post_join_filter,0.025194,422,4
0.1,3,q10_acl_customer_rows,view_barrier,0.010673,276,4
0.1,3,q10_acl_customer_rows,oblivious_forced,0.009569,229,4
0.1,3,q10_acl_customer_rows,predicate_injection,0.014287,229,4
0.1,3,q10_acl_customer_rows,pcqv_no_stats,0.012569,229,4
0.1,3,q10_acl_customer_rows,pcqv_forced,0.016585,229,4
0.1,3,q10_acl_customer_rows,pcqv,0.052225,229,4
0.1,3,q10_acl_customer_rows,oracle_order,0.158981,229,1
0.1,3,q11_order_ticket_bridge,post_join_filter,0.059282,1079,4
0.1,3,q11_order_ticket_bridge,view_barrier,0.01901,623,4
0.1,3,q11_order_ticket_bridge,oblivious_forced,0.017559,502,4
0.1,3,q11_order_ticket_bridge,predicate_injection,0.015422,490,4
0.1,3,q11_order_ticket_bridge,pcqv_no_stats,0.055661,502,4
0.1,3,q11_order_ticket_bridge,pcqv_forced,0.13159,502,4
0.1,3,q11_order_ticket_bridge,pcqv,0.265433,490,4
0.1,3,q11_order_ticket_bridge,oracle_order,2.088043,502,1
0.1,3,q12_product_segment_revenue,post_join_filter,0.06714,1173,4
0.1,3,q12_product_segment_revenue,view_barrier,0.022831,734,4
0.1,3,q12_product_segment_revenue,oblivious_forced,0.020811,576,4
0.1,3,q12_product_segment_revenue,predicate_injection,0.018995,558,4
0.1,3,q12_product_segment_revenue,pcqv_no_stats,0.190363,576,4
0.1,3,q12_product_segment_revenue,pcqv_forced,0.561107,576,4
0.1,3,q12_product_segment_revenue,pcqv,0.888807,558,4
0.1,3,q12_product_segment_revenue,oracle_order,7.545862,576,1
0.1,3,q13_order_lineitem_rows,post_join_filter,0.052045,653,4
0.1,3,q13_order_lineitem_rows,view_barrier,0.013374,418,4
0.1,3,q13_order_lineitem_rows,oblivious_forced,0.012138,334,4
0.1,3,q13_order_lineitem_rows,predicate_injection,0.010523,328,4
0.1,3,q13_order_lineitem_rows,pcqv_no_stats,0.030579,334,4
0.1,3,q13_order_lineitem_rows,pcqv_forced,0.035785,334,4
0.1,3,q13_order_lineitem_rows,pcqv,0.090674,328,4
0.1,3,q13_order_lineitem_rows,oracle_order,1.390491,334,1
0.1,3,q14_support_owner_rows,post_join_filter,0.041049,765,4
0.1,3,q14_support_owner_rows,view_barrier,0.015378,460,4
0.1,3,q14_support_owner_rows,oblivious_forced,0.013883,376,4
0.1,3,q14_support_owner_rows,predicate_injection,0.012151,370,4
0.1,3,q14_support_owner_rows,pcqv_no_stats,0.030864,376,4
0.1,3,q14_support_owner_rows,pcqv_forced,0.048394,376,4
0.1,3,q14_support_owner_rows,pcqv,0.113034,370,4
0.1,3,q14_support_owner_rows,oracle_order,0.61753,376,1
0.1,3,q15_clearance_product_rows,post_join_filter,0.038871,596,4
0.1,3,q15_clearance_product_rows,view_barrier,0.013178,433,4
0.1,3,q15_clearance_product_rows,oblivious_forced,0.011464,349,4
0.1,3,q15_clearance_product_rows,predicate_injection,0.010593,343,4
0.1,3,q15_clearance_product_rows,pcqv_no_stats,0.039997,349,4
0.1,3,q15_clearance_product_rows,pcqv_forced,0.060335,349,4
0.1,3,q15_clearance_product_rows,pcqv,0.120651,343,4
0.1,3,q15_clearance_product_rows,oracle_order,1.249883,349,1
0.1,3,q16_region_product_mix,post_join_filter,0.068085,1194,4
0.1,3,q16_region_product_mix,view_barrier,0.022855,755,4
0.1,3,q16_region_product_mix,oblivious_forced,0.020994,597,4
0.1,3,q16_region_product_mix,predicate_injection,0.018945,579,4
0.1,3,q16_region_product_mix,pcqv_no_stats,0.207417,597,4
0.1,3,q16_region_product_mix,pcqv_forced,0.565914,597,4
0.1,3,q16_region_product_mix,pcqv,0.922471,579,4
0.1,3,q16_region_product_mix,oracle_order,8.008034,597,1
0.1,6,q1_customer_orders,post_join_filter,0.058103,1136,4
0.1,6,q1_customer_orders,view_barrier,0.02383,859,4
0.1,6,q1_customer_orders,oblivious_forced,0.024367,738,4
0.1,6,q1_customer_orders,predicate_injection,0.017796,726,4
0.1,6,q1_customer_orders,pcqv_no_stats,0.065648,738,4
0.1,6,q1_customer_orders,pcqv_forced,0.155836,738,4
0.1,6,q1_customer_orders,pcqv,0.447675,738,4
0.1,6,q1_customer_orders,oracle_order,5.75831,738,1
0.1,6,q2_revenue_by_product,post_join_filter,0.060335,1129,4
0.1,6,q2_revenue_by_product,view_barrier,0.025432,853,4
0.1,6,q2_revenue_by_product,oblivious_forced,0.021035,732,4
0.1,6,q2_revenue_by_product,predicate_injection,0.017016,720,4
0.1,6,q2_revenue_by_product,pcqv_no_stats,0.063149,732,4
0.1,6,q2_revenue_by_product,pcqv_forced,0.142082,732,4
0.1,6,q2_revenue_by_product,pcqv,0.463963,732,4
0.1,6,q2_revenue_by_product,oracle_order,5.462785,732,1
0.1,6,q3_support_tickets,post_join_filter,0.043735,851,4
0.1,6,q3_support_tickets,view_barrier,0.017883,546,4
0.1,6,q3_support_tickets,oblivious_forced,0.015282,462,4
0.1,6,q3_support_tickets,predicate_injection,0.013012,456,4
0.1,6,q3_support_tickets,pcqv_no_stats,0.032174,462,4
0.1,6,q3_support_tickets,pcqv_forced,0.045251,462,4
0.1,6,q3_support_tickets,pcqv,0.128,456,4
0.1,6,q3_support_tickets,oracle_order,0.933309,462,1
0.1,6,q4_revenue_by_region,post_join_filter,0.057799,1152,4
0.1,6,q4_revenue_by_region,view_barrier,0.02552,875,4
0.1,6,q4_revenue_by_region,oblivious_forced,0.01997,754,4
0.1,6,q4_revenue_by_region,predicate_injection,0.017623,742,4
0.1,6,q4_revenue_by_region,pcqv_no_stats,0.070394,754,4
0.1,6,q4_revenue_by_region,pcqv_forced,0.143853,754,4
0.1,6,q4_revenue_by_region,pcqv,0.428662,754,4
0.1,6,q4_revenue_by_region,oracle_order,6.401089,754,1
0.1,6,q5_high_value_segments,post_join_filter,0.046465,900,4
0.1,6,q5_high_value_segments,view_barrier,0.017933,646,4
0.1,6,q5_high_value_segments,oblivious_forced,0.016196,562,4
0.1,6,q5_high_value_segments,predicate_injection,0.013891,556,4
0.1,6,q5_high_value_segments,pcqv_no_stats,0.053058,562,4
0.1,6,q5_high_value_segments,pcqv_forced,0.036435,562,4
0.1,6,q5_high_value_segments,pcqv,0.089715,556,4
0.1,6,q5_high_value_segments,oracle_order,3.915569,562,1
0.1,6,q6_lineitem_product_count,post_join_filter,0.073712,1363,4
0.1,6,q6_lineitem_product_count,view_barrier,0.027325,1007,4
0.1,6,q6_lineitem_product_count,oblivious_forced,0.025115,849,4
0.1,6,q6_lineitem_product_count,predicate_injection,0.034603,831,4
0.1,6,q6_lineitem_product_count,pcqv_no_stats,0.219327,849,4
0.1,6,q6_lineitem_product_count,pcqv_forced,0.670802,849,4
0.1,6,q6_lineitem_product_count,pcqv,1.675317,849,4
0.1,6,q6_lineitem_product_count,oracle_order,31.786307,849,1
0.1,6,q7_customer_summary,post_join_filter,0.050593,907,4
0.1,6,q7_customer_summary,view_barrier,0.019115,653,4
0.1,6,q7_customer_summary,oblivious_forced,0.017181,569,4
0.1,6,q7_customer_summary,predicate_injection,0.015197,563,4
0.1,6,q7_customer_summary,pcqv_no_stats,0.037098,569,4
0.1,6,q7_customer_summary,pcqv_forced,0.051011,569,4
0.1,6,q7_customer_summary,pcqv,0.160192,569,4
0.1,6,q7_customer_summary,oracle_order,0.807812,569,1
0.1,6,q8_sensitive_product_scan,post_join_filter,0.037647,659,4
0.1,6,q8_sensitive_product_scan,view_barrier,0.014136,494,4
0.1,6,q8_sensitive_product_scan,oblivious_forced,0.012459,410,4
0.1,6,q8_sensitive_product_scan,predicate_injection,0.010809,404,4
0.1,6,q8_sensitive_product_scan,pcqv_no_stats,0.026771,410,4
0.1,6,q8_sensitive_product_scan,pcqv_forced,0.041942,410,4
0.1,6,q8_sensitive_product_scan,pcqv,0.120966,410,4
0.1,6,q8_sensitive_product_scan,oracle_order,1.239539,410,1
0.1,6,q9_ticket_topic_segments,post_join_filter,0.050474,864,4
0.1,6,q9_ticket_topic_segments,view_barrier,0.024461,559,4
0.1,6,q9_ticket_topic_segments,oblivious_forced,0.015066,475,4
0.1,6,q9_ticket_topic_segments,predicate_injection,0.013692,469,4
0.1,6,q9_ticket_topic_segments,pcqv_no_stats,0.029207,475,4
0.1,6,q9_ticket_topic_segments,pcqv_forced,0.046789,475,4
0.1,6,q9_ticket_topic_segments,pcqv,0.122728,469,4
0.1,6,q9_ticket_topic_segments,oracle_order,0.671665,475,1
0.1,6,q10_acl_customer_rows,post_join_filter,0.026181,503,4
0.1,6,q10_acl_customer_rows,view_barrier,0.010783,357,4
0.1,6,q10_acl_customer_rows,oblivious_forced,0.009858,310,4
0.1,6,q10_acl_customer_rows,predicate_injection,0.008671,310,4
0.1,6,q10_acl_customer_rows,pcqv_no_stats,0.013052,310,4
0.1,6,q10_acl_customer_rows,pcqv_forced,0.017678,310,4
0.1,6,q10_acl_customer_rows,pcqv,0.053625,310,4
0.1,6,q10_acl_customer_rows,oracle_order,0.188209,310,1
0.1,6,q11_order_ticket_bridge,post_join_filter,0.067854,1254,4
0.1,6,q11_order_ticket_bridge,view_barrier,0.022198,841,4
0.1,6,q11_order_ticket_bridge,oblivious_forced,0.021315,720,4
0.1,6,q11_order_ticket_bridge,predicate_injection,0.019048,708,4
0.1,6,q11_order_ticket_bridge,pcqv_no_stats,0.060937,720,4
0.1,6,q11_order_ticket_bridge,pcqv_forced,0.154808,720,4
0.1,6,q11_order_ticket_bridge,pcqv,0.30849,708,4
0.1,6,q11_order_ticket_bridge,oracle_order,2.567603,720,1
0.1,6,q12_product_segment_revenue,post_join_filter,0.081739,1413,4
0.1,6,q12_product_segment_revenue,view_barrier,0.027338,1057,4
0.1,6,q12_product_segment_revenue,oblivious_forced,0.024334,899,4
0.1,6,q12_product_segment_revenue,predicate_injection,0.022317,881,4
0.1,6,q12_product_segment_revenue,pcqv_no_stats,0.203957,899,4
0.1,6,q12_product_segment_revenue,pcqv_forced,0.643959,899,4
0.1,6,q12_product_segment_revenue,pcqv,1.031897,881,4
0.1,6,q12_product_segment_revenue,oracle_order,23.212039,899,1
0.1,6,q13_order_lineitem_rows,post_join_filter,0.044603,836,4
0.1,6,q13_order_lineitem_rows,view_barrier,0.016272,639,4
0.1,6,q13_order_lineitem_rows,oblivious_forced,0.014333,555,4
0.1,6,q13_order_lineitem_rows,predicate_injection,0.013149,549,4
0.1,6,q13_order_lineitem_rows,pcqv_no_stats,0.027204,555,4
0.1,6,q13_order_lineitem_rows,pcqv_forced,0.044066,555,4
0.1,6,q13_order_lineitem_rows,pcqv,0.121286,549,4
0.1,6,q13_order_lineitem_rows,oracle_order,2.409654,555,1
0.1,6,q14_support_owner_rows,post_join_filter,0.042281,846,4
0.1,6,q14_support_owner_rows,view_barrier,0.016611,541,4
0.1,6,q14_support_owner_rows,oblivious_forced,0.020468,457,4
0.1,6,q14_support_owner_rows,predicate_injection,0.0135,451,4
0.1,6,q14_support_owner_rows,pcqv_no_stats,0.034005,457,4
0.1,6,q14_support_owner_rows,pcqv_forced,0.045221,457,4
0.1,6,q14_support_owner_rows,pcqv,0.120652,451,4
0.1,6,q14_support_owner_rows,oracle_order,0.746498,457,1
0.1,6,q15_clearance_product_rows,post_join_filter,0.047186,724,4
0.1,6,q15_clearance_product_rows,view_barrier,0.014704,559,4
0.1,6,q15_clearance_product_rows,oblivious_forced,0.012812,475,4
0.1,6,q15_clearance_product_rows,predicate_injection,0.011231,469,4
0.1,6,q15_clearance_product_rows,pcqv_no_stats,0.025553,475,4
0.1,6,q15_clearance_product_rows,pcqv_forced,0.043597,475,4
0.1,6,q15_clearance_product_rows,pcqv,0.101909,469,4
0.1,6,q15_clearance_product_rows,oracle_order,2.102209,475,1
0.1,6,q16_region_product_mix,post_join_filter,0.084161,1434,4
0.1,6,q16_region_product_mix,view_barrier,0.027246,1078,4
0.1,6,q16_region_product_mix,oblivious_forced,0.024216,920,4
0.1,6,q16_region_product_mix,predicate_injection,0.027971,902,4
0.1,6,q16_region_product_mix,pcqv_no_stats,0.206786,920,4
0.1,6,q16_region_product_mix,pcqv_forced,0.646215,920,4
0.1,6,q16_region_product_mix,pcqv,1.024976,902,4
0.1,6,q16_region_product_mix,oracle_order,22.081682,920,1
0.25,1,q1_customer_orders,post_join_filter,0.051474,838,4
0.25,1,q1_customer_orders,view_barrier,0.020559,486,4
0.25,1,q1_customer_orders,oblivious_forced,0.016854,365,4
0.25,1,q1_customer_orders,predicate_injection,0.015512,353,4
0.25,1,q1_customer_orders,pcqv_no_stats,0.05348,365,4
0.25,1,q1_customer_orders,pcqv_forced,0.129826,365,4
0.25,1,q1_customer_orders,pcqv,0.31676,365,4
0.25,1,q1_customer_orders,oracle_order,7.032232,365,1
0.25,1,q2_revenue_by_product,post_join_filter,0.052572,857,4
0.25,1,q2_revenue_by_product,view_barrier,0.018484,551,4
0.25,1,q2_revenue_by_product,oblivious_forced,0.034251,430,4
0.25,1,q2_revenue_by_product,predicate_injection,0.053045,418,4
0.25,1,q2_revenue_by_product,pcqv_no_stats,0.052089,430,4
0.25,1,q2_revenue_by_product,pcqv_forced,0.112744,430,4
0.25,1,q2_revenue_by_product,pcqv,0.311909,430,4
0.25,1,q2_revenue_by_product,oracle_order,2.520946,430,1
0.25,1,q3_support_tickets,post_join_filter,0.039563,698,4
0.25,1,q3_support_tickets,view_barrier,0.014999,401,4
0.25,1,q3_support_tickets,oblivious_forced,0.013422,317,4
0.25,1,q3_support_tickets,predicate_injection,0.011831,311,4
0.25,1,q3_support_tickets,pcqv_no_stats,0.023638,317,4
0.25,1,q3_support_tickets,pcqv_forced,0.035049,317,4
0.25,1,q3_support_tickets,pcqv,0.092115,311,4
0.25,1,q3_support_tickets,oracle_order,0.402796,317,1
0.25,1,q4_revenue_by_region,post_join_filter,0.043983,833,4
0.25,1,q4_revenue_by_region,view_barrier,0.017035,481,4
0.25,1,q4_revenue_by_region,oblivious_forced,0.015291,360,4
0.25,1,q4_revenue_by_region,predicate_injection,0.014221,348,4
0.25,1,q4_revenue_by_region,pcqv_no_stats,0.049911,360,4
0.25,1,q4_revenue_by_region,pcqv_forced,0.105712,360,4
0.25,1,q4_revenue_by_region,pcqv,0.22307,348,4
0.25,1,q4_revenue_by_region,oracle_order,2.246897,360,1
0.25,1,q5_high_value_segments,post_join_filter,0.034288,633,4
0.25,1,q5_high_value_segments,view_barrier,0.012889,344,4
0.25,1,q5_high_value_segments,oblivious_forced,0.012222,260,4
0.25,1,q5_high_value_segments,predicate_injection,0.010932,254,4
0.25,1,q5_high_value_segments,pcqv_no_stats,0.021961,260,4
0.25,1,q5_high_value_segments,pcqv_forced,0.033613,260,4
0.25,1,q5_high_value_segments,pcqv,0.089538,254,4
0.25,1,q5_high_value_segments,oracle_order,3.075089,260,1
0.25,1,q6_lineitem_product_count,post_join_filter,0.052946,1013,4
0.25,1,q6_lineitem_product_count,view_barrier,0.020969,586,4
0.25,1,q6_lineitem_product_count,oblivious_forced,0.019209,428,4
0.25,1,q6_lineitem_product_count,predicate_injection,0.018385,410,4
0.25,1,q6_lineitem_product_count,pcqv_no_stats,0.229878,428,4
0.25,1,q6_lineitem_product_count,pcqv_forced,0.487097,428,4
0.25,1,q6_lineitem_product_count,pcqv,0.788496,410,4
0.25,1,q6_lineitem_product_count,oracle_order,34.139446,428,1
0.25,1,q7_customer_summary,post_join_filter,0.049849,640,4
0.25,1,q7_customer_summary,view_barrier,0.014507,351,4
0.25,1,q7_customer_summary,oblivious_forced,0.012519,267,4
0.25,1,q7_customer_summary,predicate_injection,0.011067,261,4
0.25,1,q7_customer_summary,pcqv_no_stats,0.023427,267,4
0.25,1,q7_customer_summary,pcqv_forced,0.034919,267,4
0.25,1,q7_customer_summary,pcqv,0.109686,267,4
0.25,1,q7_customer_summary,oracle_order,0.633094,267,1
0.25,1,q8_sensitive_product_scan,post_join_filter,0.03357,513,4
0.25,1,q8_sensitive_product_scan,view_barrier,0.01296,354,4
0.25,1,q8_sensitive_product_scan,oblivious_forced,0.015052,270,4
0.25,1,q8_sensitive_product_scan,predicate_injection,0.011091,264,4
0.25,1,q8_sensitive_product_scan,pcqv_no_stats,0.022626,270,4
0.25,1,q8_sensitive_product_scan,pcqv_forced,0.041622,270,4
0.25,1,q8_sensitive_product_scan,pcqv,0.109624,270,4
0.25,1,q8_sensitive_product_scan,oracle_order,0.547828,270,1
0.25,1,q9_ticket_topic_segments,post_join_filter,0.047133,690,4
0.25,1,q9_ticket_topic_segments,view_barrier,0.0137,393,4
0.25,1,q9_ticket_topic_segments,oblivious_forced,0.012779,309,4
0.25,1,q9_ticket_topic_segments,predicate_injection,0.011229,303,4
0.25,1,q9_ticket_topic_segments,pcqv_no_stats,0.023338,309,4
0.25,1,q9_ticket_topic_segments,pcqv_forced,0.035325,309,4
0.25,1,q9_ticket_topic_segments,pcqv,0.091216,303,4
0.25,1,q9_ticket_topic_segments,oracle_order,0.879408,309,1
0.25,1,q10_acl_customer_rows,post_join_filter,0.023164,380,4
0.25,1,q10_acl_customer_rows,view_barrier,0.009176,238,4
0.25,1,q10_acl_customer_rows,oblivious_forced,0.008616,191,4
0.25,1,q10_acl_customer_rows,predicate_injection,0.007432,191,4
0.25,1,q10_acl_customer_rows,pcqv_no_stats,0.011174,191,4
0.25,1,q10_acl_customer_rows,pcqv_forced,0.014334,191,4
0.25,1,q10_acl_customer_rows,pcqv,0.041333,191,4
0.25,1,q10_acl_customer_rows,oracle_order,0.1511,191,1
0.25,1,q11_order_ticket_bridge,post_join_filter,0.060056,957,4
0.25,1,q11_order_ticket_bridge,view_barrier,0.017479,513,4
0.25,1,q11_order_ticket_bridge,oblivious_forced,0.015805,392,4
0.25,1,q11_order_ticket_bridge,predicate_injection,0.014643,380,4
0.25,1,q11_order_ticket_bridge,pcqv_no_stats,0.053802,392,4
0.25,1,q11_order_ticket_bridge,pcqv_forced,0.115716,392,4
0.25,1,q11_order_ticket_bridge,pcqv,0.229914,380,4
0.25,1,q11_order_ticket_bridge,oracle_order,7.467109,392,1
0.25,1,q12_product_segment_revenue,post_join_filter,0.069655,1063,4
0.25,1,q12_product_segment_revenue,view_barrier,0.022358,636,4
0.25,1,q12_product_segment_revenue,oblivious_forced,0.02941,478,4
0.25,1,q12_product_segment_revenue,predicate_injection,0.018952,460,4
0.25,1,q12_product_segment_revenue,pcqv_no_stats,0.181567,478,4
0.25,1,q12_product_segment_revenue,pcqv_forced,0.497565,478,4
0.25,1,q12_product_segment_revenue,pcqv,0.816605,460,4
0.25,1,q12_product_segment_revenue,oracle_order,12.521429,478,1
0.25,1,q13_order_lineitem_rows,post_join_filter,0.04025,616,4
0.25,1,q13_order_lineitem_rows,view_barrier,0.014396,385,4
0.25,1,q13_order_lineitem_rows,oblivious_forced,0.012952,301,4
0.25,1,q13_order_lineitem_rows,predicate_injection,0.011381,295,4
0.25,1,q13_order_lineitem_rows,pcqv_no_stats,0.024773,301,4
0.25,1,q13_order_lineitem_rows,pcqv_forced,0.035353,301,4
0.25,1,q13_order_lineitem_rows,pcqv,0.092326,295,4
0.25,1,q13_order_lineitem_rows,oracle_order,2.843583,301,1
0.25,1,q14_support_owner_rows,post_join_filter,0.039733,693,4
0.25,1,q14_support_owner_rows,view_barrier,0.014245,396,4
0.25,1,q14_support_owner_rows,oblivious_forced,0.012832,312,4
0.25,1,q14_support_owner_rows,predicate_injection,0.011511,306,4
0.25,1,q14_support_owner_rows,pcqv_no_stats,0.026624,312,4
0.25,1,q14_support_owner_rows,pcqv_forced,0.034879,312,4
0.25,1,q14_support_owner_rows,pcqv,0.092811,306,4
0.25,1,q14_support_owner_rows,oracle_order,0.647199,312,1
0.25,1,q15_clearance_product_rows,post_join_filter,0.038235,578,4
0.25,1,q15_clearance_product_rows,view_barrier,0.028764,419,4
0.25,1,q15_clearance_product_rows,oblivious_forced,0.012947,335,4
0.25,1,q15_clearance_product_rows,predicate_injection,0.01134,329,4
0.25,1,q15_clearance_product_rows,pcqv_no_stats,0.023619,335,4
0.25,1,q15_clearance_product_rows,pcqv_forced,0.051444,335,4
0.25,1,q15_clearance_product_rows,pcqv,0.156995,329,4
0.25,1,q15_clearance_product_rows,oracle_order,2.721828,335,1
0.25,1,q16_region_product_mix,post_join_filter,0.065929,1084,4
0.25,1,q16_region_product_mix,view_barrier,0.021563,657,4
0.25,1,q16_region_product_mix,oblivious_forced,0.020056,499,4
0.25,1,q16_region_product_mix,predicate_injection,0.018438,481,4
0.25,1,q16_region_product_mix,pcqv_no_stats,0.181507,499,4
0.25,1,q16_region_product_mix,pcqv_forced,0.48257,499,4
0.25,1,q16_region_product_mix,pcqv,0.787405,481,4
0.25,1,q16_region_product_mix,oracle_order,9.703761,499,1
0.25,3,q1_customer_orders,post_join_filter,0.055678,964,4
0.25,3,q1_customer_orders,view_barrier,0.02388,604,4
0.25,3,q1_customer_orders,oblivious_forced,0.020511,483,4
0.25,3,q1_customer_orders,predicate_injection,0.018698,471,4
0.25,3,q1_customer_orders,pcqv_no_stats,0.058694,483,4
0.25,3,q1_customer_orders,pcqv_forced,0.143581,483,4
0.25,3,q1_customer_orders,pcqv,0.407775,483,4
0.25,3,q1_customer_orders,oracle_order,6.627222,483,1
0.25,3,q2_revenue_by_product,post_join_filter,0.055473,964,4
0.25,3,q2_revenue_by_product,view_barrier,0.0218,650,4
0.25,3,q2_revenue_by_product,oblivious_forced,0.019283,529,4
0.25,3,q2_revenue_by_product,predicate_injection,0.017546,517,4
0.25,3,q2_revenue_by_product,pcqv_no_stats,0.05807,529,4
0.25,3,q2_revenue_by_product,pcqv_forced,0.132415,529,4
0.25,3,q2_revenue_by_product,pcqv,0.377279,529,4
0.25,3,q2_revenue_by_product,oracle_order,2.81157,529,1
0.25,3,q3_support_tickets,post_join_filter,0.044533,804,4
0.25,3,q3_support_tickets,view_barrier,0.018995,499,4
0.25,3,q3_support_tickets,oblivious_forced,0.016525,415,4
0.25,3,q3_support_tickets,predicate_injection,0.014749,409,4
0.25,3,q3_support_tickets,pcqv_no_stats,0.028101,415,4
0.25,3,q3_support_tickets,pcqv_forced,0.049021,415,4
0.25,3,q3_support_tickets,pcqv,0.122086,409,4
0.25,3,q3_support_tickets,oracle_order,0.611571,415,1
0.25,3,q4_revenue_by_region,post_join_filter,0.050311,959,4
0.25,3,q4_revenue_by_region,view_barrier,0.022016,599,4
0.25,3,q4_revenue_by_region,oblivious_forced,0.019247,478,4
0.25,3,q4_revenue_by_region,predicate_injection,0.017102,466,4
0.25,3,q4_revenue_by_region,pcqv_no_stats,0.056321,478,4
0.25,3,q4_revenue_by_region,pcqv_forced,0.142967,478,4
0.25,3,q4_revenue_by_region,pcqv,0.395787,478,4
0.25,3,q4_revenue_by_region,oracle_order,2.681847,478,1
0.25,3,q5_high_value_segments,post_join_filter,0.037623,759,4
0.25,3,q5_high_value_segments,view_barrier,0.016546,462,4
0.25,3,q5_high_value_segments,oblivious_forced,0.015,378,4
0.25,3,q5_high_value_segments,predicate_injection,0.013599,372,4
0.25,3,q5_high_value_segments,pcqv_no_stats,0.025798,378,4
0.25,3,q5_high_value_segments,pcqv_forced,0.045841,378,4
0.25,3,q5_high_value_segments,pcqv,0.118662,372,4
0.25,3,q5_high_value_segments,oracle_order,3.374238,378,1
0.25,3,q6_lineitem_product_count,post_join_filter,0.059506,1183,4
0.25,3,q6_lineitem_product_count,view_barrier,0.026876,744,4
0.25,3,q6_lineitem_product_count,oblivious_forced,0.02435,586,4
0.25,3,q6_lineitem_product_count,predicate_injection,0.022786,568,4
0.25,3,q6_lineitem_product_count,pcqv_no_stats,0.229127,586,4
0.25,3,q6_lineitem_product_count,pcqv_forced,0.659174,586,4
0.25,3,q6_lineitem_product_count,pcqv,1.580988,586,4
0.25,3,q6_lineitem_product_count,oracle_order,38.224078,586,1
0.25,3,q7_customer_summary,post_join_filter,0.046147,766,4
0.25,3,q7_customer_summary,view_barrier,0.017881,469,4
0.25,3,q7_customer_summary,oblivious_forced,0.016201,385,4
0.25,3,q7_customer_summary,predicate_injection,0.014291,379,4
0.25,3,q7_customer_summary,pcqv_no_stats,0.028537,385,4
0.25,3,q7_customer_summary,pcqv_forced,0.058588,385,4
0.25,3,q7_customer_summary,pcqv,0.154289,385,4
0.25,3,q7_customer_summary,oracle_order,0.866758,385,1
0.25,3,q8_sensitive_product_scan,post_join_filter,0.036299,557,4
0.25,3,q8_sensitive_product_scan,view_barrier,0.014761,394,4
0.25,3,q8_sensitive_product_scan,oblivious_forced,0.023578,310,4
0.25,3,q8_sensitive_product_scan,predicate_injection,0.011965,304,4
0.25,3,q8_sensitive_product_scan,pcqv_no_stats,0.024165,310,4
0.25,3,q8_sensitive_product_scan,pcqv_forced,0.050682,310,4
0.25,3,q8_sensitive_product_scan,pcqv,0.130629,310,4
0.25,3,q8_sensitive_product_scan,oracle_order,0.726754,310,1
0.25,3,q9_ticket_topic_segments,post_join_filter,0.047048,796,4
0.25,3,q9_ticket_topic_segments,view_barrier,0.017077,491,4
0.25,3,q9_ticket_topic_segments,oblivious_forced,0.015876,407,4
0.25,3,q9_ticket_topic_segments,predicate_injection,0.014446,401,4
0.25,3,q9_ticket_topic_segments,pcqv_no_stats,0.027501,407,4
0.25,3,q9_ticket_topic_segments,pcqv_forced,0.048737,407,4
0.25,3,q9_ticket_topic_segments,pcqv,0.133829,401,4
0.25,3,q9_ticket_topic_segments,oracle_order,0.964149,407,1
0.25,3,q10_acl_customer_rows,post_join_filter,0.029688,443,4
0.25,3,q10_acl_customer_rows,view_barrier,0.013448,297,4
0.25,3,q10_acl_customer_rows,oblivious_forced,0.011053,250,4
0.25,3,q10_acl_customer_rows,predicate_injection,0.009228,250,4
0.25,3,q10_acl_customer_rows,pcqv_no_stats,0.013466,250,4
0.25,3,q10_acl_customer_rows,pcqv_forced,0.019362,250,4
0.25,3,q10_acl_customer_rows,pcqv,0.04906,250,4
0.25,3,q10_acl_customer_rows,oracle_order,0.21326,250,1
0.25,3,q11_order_ticket_bridge,post_join_filter,0.063164,1126,4
0.25,3,q11_order_ticket_bridge,view_barrier,0.022265,670,4
0.25,3,q11_order_ticket_bridge,oblivious_forced,0.020406,549,4
0.25,3,q11_order_ticket_bridge,predicate_injection,0.018461,537,4
0.25,3,q11_order_ticket_bridge,pcqv_no_stats,0.059439,549,4
0.25,3,q11_order_ticket_bridge,pcqv_forced,0.159035,549,4
0.25,3,q11_order_ticket_bridge,pcqv,0.302365,537,4
0.25,3,q11_order_ticket_bridge,oracle_order,8.83333,549,1
0.25,3,q12_product_segment_revenue,post_join_filter,0.074615,1233,4
0.25,3,q12_product_segment_revenue,view_barrier,0.034421,794,4
0.25,3,q12_product_segment_revenue,oblivious_forced,0.025164,636,4
0.25,3,q12_product_segment_revenue,predicate_injection,0.022962,618,4
0.25,3,q12_product_segment_revenue,pcqv_no_stats,0.187947,636,4
0.25,3,q12_product_segment_revenue,pcqv_forced,0.663206,636,4
0.25,3,q12_product_segment_revenue,pcqv,1.022208,618,4
0.25,3,q12_product_segment_revenue,oracle_order,13.918109,636,1
0.25,3,q13_order_lineitem_rows,post_join_filter,0.042063,679,4
0.25,3,q13_order_lineitem_rows,view_barrier,0.016019,444,4
0.25,3,q13_order_lineitem_rows,oblivious_forced,0.013798,360,4
0.25,3,q13_order_lineitem_rows,predicate_injection,0.012295,354,4
0.25,3,q13_order_lineitem_rows,pcqv_no_stats,0.028286,360,4
0.25,3,q13_order_lineitem_rows,pcqv_forced,0.048412,360,4
0.25,3,q13_order_lineitem_rows,pcqv,0.105835,354,4
0.25,3,q13_order_lineitem_rows,oracle_order,2.919805,360,1
0.25,3,q14_support_owner_rows,post_join_filter,0.043438,799,4
0.25,3,q14_support_owner_rows,view_barrier,0.017766,494,4
0.25,3,q14_support_owner_rows,oblivious_forced,0.016022,410,4
0.25,3,q14_support_owner_rows,predicate_injection,0.0145,404,4
0.25,3,q14_support_owner_rows,pcqv_no_stats,0.044823,410,4
0.25,3,q14_support_owner_rows,pcqv_forced,0.050802,410,4
0.25,3,q14_support_owner_rows,pcqv,0.129307,404,4
0.25,3,q14_support_owner_rows,oracle_order,1.068263,410,1
0.25,3,q15_clearance_product_rows,post_join_filter,0.057769,622,4
0.25,3,q15_clearance_product_rows,view_barrier,0.01562,459,4
0.25,3,q15_clearance_product_rows,oblivious_forced,0.014435,375,4
0.25,3,q15_clearance_product_rows,predicate_injection,0.012526,369,4
0.25,3,q15_clearance_product_rows,pcqv_no_stats,0.038009,375,4
0.25,3,q15_clearance_product_rows,pcqv_forced,0.047484,375,4
0.25,3,q15_clearance_product_rows,pcqv,0.105437,369,4
0.25,3,q15_clearance_product_rows,oracle_order,2.770894,375,1
0.25,3,q16_region_product_mix,post_join_filter,0.072359,1254,4
0.25,3,q16_region_product_mix,view_barrier,0.027332,815,4
0.25,3,q16_region_product_mix,oblivious_forced,0.024541,657,4
0.25,3,q16_region_product_mix,predicate_injection,0.022992,639,4
0.25,3,q16_region_product_mix,pcqv_no_stats,0.194841,657,4
0.25,3,q16_region_product_mix,pcqv_forced,0.665144,657,4
0.25,3,q16_region_product_mix,pcqv,1.006344,639,4
0.25,3,q16_region_product_mix,oracle_order,12.321942,657,1
0.25,6,q1_customer_orders,post_join_filter,0.043114,1191,4
0.25,6,q1_customer_orders,view_barrier,0.019995,914,4
0.25,6,q1_customer_orders,oblivious_forced,0.021017,793,4
0.25,6,q1_customer_orders,predicate_injection,0.0211,781,4
0.25,6,q1_customer_orders,pcqv_no_stats,0.061698,793,4
0.25,6,q1_customer_orders,pcqv_forced,0.174023,793,4
0.25,6,q1_customer_orders,pcqv,0.477812,793,4
0.25,6,q1_customer_orders,oracle_order,15.067533,793,1
0.25,6,q2_revenue_by_product,post_join_filter,0.065675,1176,4
0.25,6,q2_revenue_by_product,view_barrier,0.024803,900,4
0.25,6,q2_revenue_by_product,oblivious_forced,0.021633,779,4
0.25,6,q2_revenue_by_product,predicate_injection,0.019893,767,4
0.25,6,q2_revenue_by_product,pcqv_no_stats,0.075615,779,4
0.25,6,q2_revenue_by_product,pcqv_forced,0.157762,779,4
0.25,6,q2_revenue_by_product,pcqv,0.458116,779,4
0.25,6,q2_revenue_by_product,oracle_order,12.552853,779,1
0.25,6,q3_support_tickets,post_join_filter,0.047112,885,4
0.25,6,q3_support_tickets,view_barrier,0.019121,580,4
0.25,6,q3_support_tickets,oblivious_forced,0.017318,496,4
0.25,6,q3_support_tickets,predicate_injection,0.015448,490,4
0.25,6,q3_support_tickets,pcqv_no_stats,0.02976,496,4
0.25,6,q3_support_tickets,pcqv_forced,0.051818,496,4
0.25,6,q3_support_tickets,pcqv,0.153487,490,4
0.25,6,q3_support_tickets,oracle_order,0.764975,496,1
0.25,6,q4_revenue_by_region,post_join_filter,0.059339,1207,4
0.25,6,q4_revenue_by_region,view_barrier,0.026027,930,4
0.25,6,q4_revenue_by_region,oblivious_forced,0.022621,809,4
0.25,6,q4_revenue_by_region,predicate_injection,0.021365,797,4
0.25,6,q4_revenue_by_region,pcqv_no_stats,0.064747,809,4
0.25,6,q4_revenue_by_region,pcqv_forced,0.1884,809,4
0.25,6,q4_revenue_by_region,pcqv,0.560684,809,4
0.25,6,q4_revenue_by_region,oracle_order,19.727218,809,1
0.25,6,q5_high_value_segments,post_join_filter,0.072647,942,4
0.25,6,q5_high_value_segments,view_barrier,0.035152,688,4
0.25,6,q5_high_value_segments,oblivious_forced,0.031898,604,4
0.25,6,q5_high_value_segments,predicate_injection,0.029768,598,4
0.25,6,q5_high_value_segments,pcqv_no_stats,0.050708,604,4
0.25,6,q5_high_value_segments,pcqv_forced,0.073633,604,4
0.25,6,q5_high_value_segments,pcqv,0.211264,598,4
0.25,6,q5_high_value_segments,oracle_order,5.412947,604,1
0.25,6,q6_lineitem_product_count,post_join_filter,0.079951,1431,4
0.25,6,q6_lineitem_product_count,view_barrier,0.032342,1075,4
0.25,6,q6_lineitem_product_count,oblivious_forced,0.036676,917,4
0.25,6,q6_lineitem_product_count,predicate_injection,0.025755,899,4
0.25,6,q6_lineitem_product_count,pcqv_no_stats,0.216791,917,4
0.25,6,q6_lineitem_product_count,pcqv_forced,0.799365,917,4
0.25,6,q6_lineitem_product_count,pcqv,2.051906,917,4
0.25,6,q6_lineitem_product_count,oracle_order,90.171839,917,1
0.25,6,q7_customer_summary,post_join_filter,0.079257,949,4
0.25,6,q7_customer_summary,view_barrier,0.033111,695,4
0.25,6,q7_customer_summary,oblivious_forced,0.034695,611,4
0.25,6,q7_customer_summary,predicate_injection,0.027481,605,4
0.25,6,q7_customer_summary,pcqv_no_stats,0.047652,611,4
0.25,6,q7_customer_summary,pcqv_forced,0.083239,611,4
0.25,6,q7_customer_summary,pcqv,0.243799,611,4
0.25,6,q7_customer_summary,oracle_order,2.09551,611,1
0.25,6,q8_sensitive_product_scan,post_join_filter,0.045673,685,4
0.25,6,q8_sensitive_product_scan,view_barrier,0.01811,520,4
0.25,6,q8_sensitive_product_scan,oblivious_forced,0.014676,436,4
0.25,6,q8_sensitive_product_scan,predicate_injection,0.013132,430,4
0.25,6,q8_sensitive_product_scan,pcqv_no_stats,0.026292,436,4
0.25,6,q8_sensitive_product_scan,pcqv_forced,0.045356,436,4
0.25,6,q8_sensitive_product_scan,pcqv,0.138745,436,4
0.25,6,q8_sensitive_product_scan,oracle_order,4.00151,436,1
0.25,6,q9_ticket_topic_segments,post_join_filter,0.064419,898,4
0.25,6,q9_ticket_topic_segments,view_barrier,0.032909,593,4
0.25,6,q9_ticket_topic_segments,oblivious_forced,0.027465,509,4
0.25,6,q9_ticket_topic_segments,predicate_injection,0.022321,503,4
0.25,6,q9_ticket_topic_segments,pcqv_no_stats,0.051814,509,4
0.25,6,q9_ticket_topic_segments,pcqv_forced,0.071768,509,4
0.25,6,q9_ticket_topic_segments,pcqv,0.192215,503,4
0.25,6,q9_ticket_topic_segments,oracle_order,1.727744,509,1
0.25,6,q10_acl_customer_rows,post_join_filter,0.050887,524,4
0.25,6,q10_acl_customer_rows,view_barrier,0.022536,378,4
0.25,6,q10_acl_customer_rows,oblivious_forced,0.02012,331,4
0.25,6,q10_acl_customer_rows,predicate_injection,0.018729,331,4
0.25,6,q10_acl_customer_rows,pcqv_no_stats,0.023618,331,4
0.25,6,q10_acl_customer_rows,pcqv_forced,0.030743,331,4
0.25,6,q10_acl_customer_rows,pcqv,0.07978,331,4
0.25,6,q10_acl_customer_rows,oracle_order,0.350126,331,1
0.25,6,q11_order_ticket_bridge,post_join_filter,0.098538,1309,4
0.25,6,q11_order_ticket_bridge,view_barrier,0.033632,896,4
0.25,6,q11_order_ticket_bridge,oblivious_forced,0.024386,775,4
0.25,6,q11_order_ticket_bridge,predicate_injection,0.021471,763,4
0.25,6,q11_order_ticket_bridge,pcqv_no_stats,0.10972,775,4
0.25,6,q11_order_ticket_bridge,pcqv_forced,0.238628,775,4
0.25,6,q11_order_ticket_bridge,pcqv,0.389011,763,4
0.25,6,q11_order_ticket_bridge,oracle_order,13.891147,775,1
0.25,6,q12_product_segment_revenue,post_join_filter,0.10642,1481,4
0.25,6,q12_product_segment_revenue,view_barrier,0.034111,1125,4
0.25,6,q12_product_segment_revenue,oblivious_forced,0.029492,967,4
0.25,6,q12_product_segment_revenue,predicate_injection,0.027164,949,4
0.25,6,q12_product_segment_revenue,pcqv_no_stats,0.210012,967,4
0.25,6,q12_product_segment_revenue,pcqv_forced,0.766024,967,4
0.25,6,q12_product_segment_revenue,pcqv,1.195287,949,4
0.25,6,q12_product_segment_revenue,oracle_order,67.810607,967,1
0.25,6,q13_order_lineitem_rows,post_join_filter,0.048036,870,4
0.25,6,q13_order_lineitem_rows,view_barrier,0.019907,673,4
0.25,6,q13_order_lineitem_rows,oblivious_forced,0.017298,589,4
0.25,6,q13_order_lineitem_rows,predicate_injection,0.01497,583,4
0.25,6,q13_order_lineitem_rows,pcqv_no_stats,0.029455,589,4
0.25,6,q13_order_lineitem_rows,pcqv_forced,0.049916,589,4
0.25,6,q13_order_lineitem_rows,pcqv,0.125431,583,4
0.25,6,q13_order_lineitem_rows,oracle_order,5.46991,589,1
0.25,6,q14_support_owner_rows,post_join_filter,0.052782,880,4
0.25,6,q14_support_owner_rows,view_barrier,0.02407,575,4
0.25,6,q14_support_owner_rows,oblivious_forced,0.019463,491,4
0.25,6,q14_support_owner_rows,predicate_injection,0.015609,485,4
0.25,6,q14_support_owner_rows,pcqv_no_stats,0.029936,491,4
0.25,6,q14_support_owner_rows,pcqv_forced,0.052293,491,4
0.25,6,q14_support_owner_rows,pcqv,0.136338,485,4
0.25,6,q14_support_owner_rows,oracle_order,1.301376,491,1
0.25,6,q15_clearance_product_rows,post_join_filter,0.046426,750,4
0.25,6,q15_clearance_product_rows,view_barrier,0.01728,585,4
0.25,6,q15_clearance_product_rows,oblivious_forced,0.015295,501,4
0.25,6,q15_clearance_product_rows,predicate_injection,0.013292,495,4
0.25,6,q15_clearance_product_rows,pcqv_no_stats,0.027422,501,4
0.25,6,q15_clearance_product_rows,pcqv_forced,0.049896,501,4
0.25,6,q15_clearance_product_rows,pcqv,0.110693,495,4
0.25,6,q15_clearance_product_rows,oracle_order,5.823729,501,1
0.25,6,q16_region_product_mix,post_join_filter,0.111977,1502,4
0.25,6,q16_region_product_mix,view_barrier,0.04994,1146,4
0.25,6,q16_region_product_mix,oblivious_forced,0.046046,988,4
0.25,6,q16_region_product_mix,predicate_injection,0.046859,970,4
0.25,6,q16_region_product_mix,pcqv_no_stats,0.286831,988,4
0.25,6,q16_region_product_mix,pcqv_forced,1.104738,988,4
0.25,6,q16_region_product_mix,pcqv,1.167452,970,4
0.25,6,q16_region_product_mix,oracle_order,64.59161,988,1
0.5,1,q1_customer_orders,post_join_filter,0.073885,928,4
0.5,1,q1_customer_orders,view_barrier,0.025189,576,4
0.5,1,q1_customer_orders,oblivious_forced,0.027618,455,4
0.5,1,q1_customer_orders,predicate_injection,0.021159,443,4
0.5,1,q1_customer_orders,pcqv_no_stats,0.071463,455,4
0.5,1,q1_customer_orders,pcqv_forced,0.166784,455,4
0.5,1,q1_customer_orders,pcqv,0.555207,455,4
0.5,1,q1_customer_orders,oracle_order,8.950367,455,1
0.5,1,q2_revenue_by_product,post_join_filter,0.092342,947,4
0.5,1,q2_revenue_by_product,view_barrier,0.022775,641,4
0.5,1,q2_revenue_by_product,oblivious_forced,0.020654,520,4
0.5,1,q2_revenue_by_product,predicate_injection,0.019101,508,4
0.5,1,q2_revenue_by_product,pcqv_no_stats,0.057429,520,4
0.5,1,q2_revenue_by_product,pcqv_forced,0.138101,520,4
0.5,1,q2_revenue_by_product,pcqv,0.29304,508,4
0.5,1,q2_revenue_by_product,oracle_order,5.111114,520,1
0.5,1,q3_support_tickets,post_join_filter,0.055473,758,4
0.5,1,q3_support_tickets,view_barrier,0.022942,461,4
0.5,1,q3_support_tickets,oblivious_forced,0.02404,377,4
0.5,1,q3_support_tickets,predicate_injection,0.018992,371,4
0.5,1,q3_support_tickets,pcqv_no_stats,0.035866,377,4
0.5,1,q3_support_tickets,pcqv_forced,0.056153,377,4
0.5,1,q3_support_tickets,pcqv,0.123767,371,4
0.5,1,q3_support_tickets,oracle_order,0.902208,377,1
0.5,1,q4_revenue_by_region,post_join_filter,0.08975,923,4
0.5,1,q4_revenue_by_region,view_barrier,0.038062,571,4
0.5,1,q4_revenue_by_region,oblivious_forced,0.035074,450,4
0.5,1,q4_revenue_by_region,predicate_injection,0.033462,438,4
0.5,1,q4_revenue_by_region,pcqv_no_stats,0.096748,450,4
0.5,1,q4_revenue_by_region,pcqv_forced,0.18105,450,4
0.5,1,q4_revenue_by_region,pcqv,0.28992,438,4
0.5,1,q4_revenue_by_region,oracle_order,5.418827,450,1
0.5,1,q5_high_value_segments,post_join_filter,0.044909,693,4
0.5,1,q5_high_value_segments,view_barrier,0.02237,404,4
0.5,1,q5_high_value_segments,oblivious_forced,0.020367,320,4
0.5,1,q5_high_value_segments,predicate_injection,0.013359,314,4
0.5,1,q5_high_value_segments,pcqv_no_stats,0.025383,320,4
0.5,1,q5_high_value_segments,pcqv_forced,0.049833,320,4
0.5,1,q5_high_value_segments,pcqv,0.121999,314,4
0.5,1,q5_high_value_segments,oracle_order,3.913208,320,1
0.5,1,q6_lineitem_product_count,post_join_filter,0.067663,1133,4
0.5,1,q6_lineitem_product_count,view_barrier,0.033555,706,4
0.5,1,q6_lineitem_product_count,oblivious_forced,0.02969,548,4
0.5,1,q6_lineitem_product_count,predicate_injection,0.031054,530,4
0.5,1,q6_lineitem_product_count,pcqv_no_stats,0.233976,548,4
0.5,1,q6_lineitem_product_count,pcqv_forced,0.812335,548,4
0.5,1,q6_lineitem_product_count,pcqv,1.273808,530,4
0.5,1,q6_lineitem_product_count,oracle_order,73.408285,548,1
0.5,1,q7_customer_summary,post_join_filter,0.052425,700,4
0.5,1,q7_customer_summary,view_barrier,0.023672,411,4
0.5,1,q7_customer_summary,oblivious_forced,0.015442,327,4
0.5,1,q7_customer_summary,predicate_injection,0.013448,321,4
0.5,1,q7_customer_summary,pcqv_no_stats,0.025781,327,4
0.5,1,q7_customer_summary,pcqv_forced,0.041114,327,4
0.5,1,q7_customer_summary,pcqv,0.131518,327,4
0.5,1,q7_customer_summary,oracle_order,0.995251,327,1
0.5,1,q8_sensitive_product_scan,post_join_filter,0.046382,573,4
0.5,1,q8_sensitive_product_scan,view_barrier,0.021436,414,4
0.5,1,q8_sensitive_product_scan,oblivious_forced,0.014273,330,4
0.5,1,q8_sensitive_product_scan,predicate_injection,0.013179,324,4
0.5,1,q8_sensitive_product_scan,pcqv_no_stats,0.026606,330,4
0.5,1,q8_sensitive_product_scan,pcqv_forced,0.045877,330,4
0.5,1,q8_sensitive_product_scan,pcqv,0.138805,330,4
0.5,1,q8_sensitive_product_scan,oracle_order,0.846441,330,1
0.5,1,q9_ticket_topic_segments,post_join_filter,0.048652,750,4
0.5,1,q9_ticket_topic_segments,view_barrier,0.024115,453,4
0.5,1,q9_ticket_topic_segments,oblivious_forced,0.015073,369,4
0.5,1,q9_ticket_topic_segments,predicate_injection,0.013635,363,4
0.5,1,q9_ticket_topic_segments,pcqv_no_stats,0.025317,369,4
0.5,1,q9_ticket_topic_segments,pcqv_forced,0.041179,369,4
0.5,1,q9_ticket_topic_segments,pcqv,0.111667,363,4
0.5,1,q9_ticket_topic_segments,oracle_order,1.504344,369,1
0.5,1,q10_acl_customer_rows,post_join_filter,0.026079,410,4
0.5,1,q10_acl_customer_rows,view_barrier,0.010967,268,4
0.5,1,q10_acl_customer_rows,oblivious_forced,0.010514,221,4
0.5,1,q10_acl_customer_rows,predicate_injection,0.008821,221,4
0.5,1,q10_acl_customer_rows,pcqv_no_stats,0.020756,221,4
0.5,1,q10_acl_customer_rows,pcqv_forced,0.016335,221,4
0.5,1,q10_acl_customer_rows,pcqv,0.042271,221,4
0.5,1,q10_acl_customer_rows,oracle_order,0.205829,221,1
0.5,1,q11_order_ticket_bridge,post_join_filter,0.071991,1047,4
0.5,1,q11_order_ticket_bridge,view_barrier,0.021489,603,4
0.5,1,q11_order_ticket_bridge,oblivious_forced,0.019689,482,4
0.5,1,q11_order_ticket_bridge,predicate_injection,0.018301,470,4
0.5,1,q11_order_ticket_bridge,pcqv_no_stats,0.063946,482,4
0.5,1,q11_order_ticket_bridge,pcqv_forced,0.144358,482,4
0.5,1,q11_order_ticket_bridge,pcqv,0.289183,470,4
0.5,1,q11_order_ticket_bridge,oracle_order,8.43957,482,1
0.5,1,q12_product_segment_revenue,post_join_filter,0.082575,1183,4
0.5,1,q12_product_segment_revenue,view_barrier,0.026818,756,4
0.5,1,q12_product_segment_revenue,oblivious_forced,0.031565,598,4
0.5,1,q12_product_segment_revenue,predicate_injection,0.02313,580,4
0.5,1,q12_product_segment_revenue,pcqv_no_stats,0.194348,598,4
0.5,1,q12_product_segment_revenue,pcqv_forced,0.63726,598,4
0.5,1,q12_product_segment_revenue,pcqv,1.863029,580,4
0.5,1,q12_product_segment_revenue,oracle_order,23.764966,598,1
0.5,1,q13_order_lineitem_rows,post_join_filter,0.052196,676,4
0.5,1,q13_order_lineitem_rows,view_barrier,0.026959,445,4
0.5,1,q13_order_lineitem_rows,oblivious_forced,0.015692,361,4
0.5,1,q13_order_lineitem_rows,predicate_injection,0.0139,355,4
0.5,1,q13_order_lineitem_rows,pcqv_no_stats,0.027102,361,4
0.5,1,q13_order_lineitem_rows,pcqv_forced,0.049119,361,4
0.5,1,q13_order_lineitem_rows,pcqv,0.141272,355,4
0.5,1,q13_order_lineitem_rows,oracle_order,5.869725,361,1
0.5,1,q14_support_owner_rows,post_join_filter,0.050887,753,4
0.5,1,q14_support_owner_rows,view_barrier,0.017018,456,4
0.5,1,q14_support_owner_rows,oblivious_forced,0.015403,372,4
0.5,1,q14_support_owner_rows,predicate_injection,0.01407,366,4
0.5,1,q14_support_owner_rows,pcqv_no_stats,0.028701,372,4
0.5,1,q14_support_owner_rows,pcqv_forced,0.051688,372,4
0.5,1,q14_support_owner_rows,pcqv,0.119308,366,4
0.5,1,q14_support_owner_rows,oracle_order,1.157099,372,1
0.5,1,q15_clearance_product_rows,post_join_filter,0.056039,638,4
0.5,1,q15_clearance_product_rows,view_barrier,0.02109,479,4
0.5,1,q15_clearance_product_rows,oblivious_forced,0.020765,395,4
0.5,1,q15_clearance_product_rows,predicate_injection,0.013955,389,4
0.5,1,q15_clearance_product_rows,pcqv_no_stats,0.026092,395,4
0.5,1,q15_clearance_product_rows,pcqv_forced,0.047717,395,4
0.5,1,q15_clearance_product_rows,pcqv,0.120069,389,4
0.5,1,q15_clearance_product_rows,oracle_order,5.415258,395,1
0.5,1,q16_region_product_mix,post_join_filter,0.079336,1204,4
0.5,1,q16_region_product_mix,view_barrier,0.032924,777,4
0.5,1,q16_region_product_mix,oblivious_forced,0.025246,619,4
0.5,1,q16_region_product_mix,predicate_injection,0.034228,601,4
0.5,1,q16_region_product_mix,pcqv_no_stats,0.218731,619,4
0.5,1,q16_region_product_mix,pcqv_forced,0.691555,619,4
0.5,1,q16_region_product_mix,pcqv,1.035683,601,4
0.5,1,q16_region_product_mix,oracle_order,17.449797,619,1
0.5,3,q1_customer_orders,post_join_filter,0.084504,1065,4
0.5,3,q1_customer_orders,view_barrier,0.033081,705,4
0.5,3,q1_customer_orders,oblivious_forced,0.026087,584,4
0.5,3,q1_customer_orders,predicate_injection,0.022901,572,4
0.5,3,q1_customer_orders,pcqv_no_stats,0.064418,584,4
0.5,3,q1_customer_orders,pcqv_forced,0.178596,584,4
0.5,3,q1_customer_orders,pcqv,0.507838,584,4
0.5,3,q1_customer_orders,oracle_order,9.03686,584,1
0.5,3,q2_revenue_by_product,post_join_filter,0.06035,1054,4
0.5,3,q2_revenue_by_product,view_barrier,0.02511,740,4
0.5,3,q2_revenue_by_product,oblivious_forced,0.02786,619,4
0.5,3,q2_revenue_by_product,predicate_injection,0.022264,607,4
0.5,3,q2_revenue_by_product,pcqv_no_stats,0.059518,619,4
0.5,3,q2_revenue_by_product,pcqv_forced,0.182408,619,4
0.5,3,q2_revenue_by_product,pcqv,0.497763,619,4
0.5,3,q2_revenue_by_product,oracle_order,4.670439,619,1
0.5,3,q3_support_tickets,post_join_filter,0.085811,875,4
0.5,3,q3_support_tickets,view_barrier,0.016578,570,4
0.5,3,q3_support_tickets,oblivious_forced,0.014049,486,4
0.5,3,q3_support_tickets,predicate_injection,0.012544,480,4
0.5,3,q3_support_tickets,pcqv_no_stats,0.023164,486,4
0.5,3,q3_support_tickets,pcqv_forced,0.046373,486,4
0.5,3,q3_support_tickets,pcqv,0.132896,480,4
0.5,3,q3_support_tickets,oracle_order,0.94519,486,1
0.5,3,q4_revenue_by_region,post_join_filter,0.060207,1060,4
0.5,3,q4_revenue_by_region,view_barrier,0.025922,700,4
0.5,3,q4_revenue_by_region,oblivious_forced,0.023778,579,4
0.5,3,q4_revenue_by_region,predicate_injection,0.02157,567,4
0.5,3,q4_revenue_by_region,pcqv_no_stats,0.067287,579,4
0.5,3,q4_revenue_by_region,pcqv_forced,0.173652,579,4
0.5,3,q4_revenue_by_region,pcqv,0.50312,579,4
0.5,3,q4_revenue_by_region,oracle_order,5.343116,579,1
0.5,3,q5_high_value_segments,post_join_filter,0.042344,830,4
0.5,3,q5_high_value_segments,view_barrier,0.019806,533,4
0.5,3,q5_high_value_segments,oblivious_forced,0.017977,449,4
0.5,3,q5_high_value_segments,predicate_injection,0.01638,443,4
0.5,3,q5_high_value_segments,pcqv_no_stats,0.037337,449,4
0.5,3,q5_high_value_segments,pcqv_forced,0.055741,449,4
0.5,3,q5_high_value_segments,pcqv,0.148592,443,4
0.5,3,q5_high_value_segments,oracle_order,4.152841,449,1
0.5,3,q6_lineitem_product_count,post_join_filter,0.06705,1314,4
0.5,3,q6_lineitem_product_count,view_barrier,0.038606,875,4
0.5,3,q6_lineitem_product_count,oblivious_forced,0.031964,717,4
0.5,3,q6_lineitem_product_count,predicate_injection,0.032494,699,4
0.5,3,q6_lineitem_product_count,pcqv_no_stats,0.205398,717,4
0.5,3,q6_lineitem_product_count,pcqv_forced,0.804515,717,4
0.5,3,q6_lineitem_product_count,pcqv,2.010415,717,4
0.5,3,q6_lineitem_product_count,oracle_order,73.810828,717,1
0.5,3,q7_customer_summary,post_join_filter,0.050478,837,4
0.5,3,q7_customer_summary,view_barrier,0.022313,540,4
0.5,3,q7_customer_summary,oblivious_forced,0.024972,456,4
0.5,3,q7_customer_summary,predicate_injection,0.016966,450,4
0.5,3,q7_customer_summary,pcqv_no_stats,0.0319,456,4
0.5,3,q7_customer_summary,pcqv_forced,0.057206,456,4
0.5,3,q7_customer_summary,pcqv,0.193557,456,4
0.5,3,q7_customer_summary,oracle_order,1.609205,456,1
0.5,3,q8_sensitive_product_scan,post_join_filter,0.040255,617,4
0.5,3,q8_sensitive_product_scan,view_barrier,0.022564,454,4
0.5,3,q8_sensitive_product_scan,oblivious_forced,0.019668,370,4
0.5,3,q8_sensitive_product_scan,predicate_injection,0.014545,364,4
0.5,3,q8_sensitive_product_scan,pcqv_no_stats,0.028133,370,4
0.5,3,q8_sensitive_product_scan,pcqv_forced,0.049562,370,4
0.5,3,q8_sensitive_product_scan,pcqv,0.160171,370,4
0.5,3,q8_sensitive_product_scan,oracle_order,1.049337,370,1
0.5,3,q9_ticket_topic_segments,post_join_filter,0.051923,867,4
0.5,3,q9_ticket_topic_segments,view_barrier,0.020806,562,4
0.5,3,q9_ticket_topic_segments,oblivious_forced,0.018849,478,4
0.5,3,q9_ticket_topic_segments,predicate_injection,0.020783,472,4
0.5,3,q9_ticket_topic_segments,pcqv_no_stats,0.030936,478,4
0.5,3,q9_ticket_topic_segments,pcqv_forced,0.071228,478,4
0.5,3,q9_ticket_topic_segments,pcqv,0.150675,472,4
0.5,3,q9_ticket_topic_segments,oracle_order,1.566361,478,1
0.5,3,q10_acl_customer_rows,post_join_filter,0.028883,484,4
0.5,3,q10_acl_customer_rows,view_barrier,0.018741,338,4
0.5,3,q10_acl_customer_rows,oblivious_forced,0.012501,291,4
0.5,3,q10_acl_customer_rows,predicate_injection,0.010804,291,4
0.5,3,q10_acl_customer_rows,pcqv_no_stats,0.019281,291,4
0.5,3,q10_acl_customer_rows,pcqv_forced,0.022761,291,4
0.5,3,q10_acl_customer_rows,pcqv,0.058758,291,4
0.5,3,q10_acl_customer_rows,oracle_order,0.241813,291,1
0.5,3,q11_order_ticket_bridge,post_join_filter,0.074918,1227,4
0.5,3,q11_order_ticket_bridge,view_barrier,0.027157,771,4
0.5,3,q11_order_ticket_bridge,oblivious_forced,0.024887,650,4
0.5,3,q11_order_ticket_bridge,predicate_injection,0.022886,638,4
0.5,3,q11_order_ticket_bridge,pcqv_no_stats,0.066577,650,4
0.5,3,q11_order_ticket_bridge,pcqv_forced,0.20228,650,4
0.5,3,q11_order_ticket_bridge,pcqv,0.362457,638,4
0.5,3,q11_order_ticket_bridge,oracle_order,10.465931,650,1
0.5,3,q12_product_segment_revenue,post_join_filter,0.079229,1364,4
0.5,3,q12_product_segment_revenue,view_barrier,0.033499,925,4
0.5,3,q12_product_segment_revenue,oblivious_forced,0.0304,767,4
0.5,3,q12_product_segment_revenue,predicate_injection,0.028196,749,4
0.5,3,q12_product_segment_revenue,pcqv_no_stats,0.207964,767,4
0.5,3,q12_product_segment_revenue,pcqv_forced,0.820165,767,4
0.5,3,q12_product_segment_revenue,pcqv,1.211868,749,4
0.5,3,q12_product_segment_revenue,oracle_order,24.199029,767,1
0.5,3,q13_order_lineitem_rows,post_join_filter,0.043497,739,4
0.5,3,q13_order_lineitem_rows,view_barrier,0.018742,504,4
0.5,3,q13_order_lineitem_rows,oblivious_forced,0.017718,420,4
0.5,3,q13_order_lineitem_rows,predicate_injection,0.015459,414,4
0.5,3,q13_order_lineitem_rows,pcqv_no_stats,0.027695,420,4
0.5,3,q13_order_lineitem_rows,pcqv_forced,0.056524,420,4
0.5,3,q13_order_lineitem_rows,pcqv,0.126286,414,4
0.5,3,q13_order_lineitem_rows,oracle_order,5.887416,420,1
0.5,3,q14_support_owner_rows,post_join_filter,0.049184,870,4
0.5,3,q14_support_owner_rows,view_barrier,0.021801,565,4
0.5,3,q14_support_owner_rows,oblivious_forced,0.026118,481,4
0.5,3,q14_support_owner_rows,predicate_injection,0.02331,475,4
0.5,3,q14_support_owner_rows,pcqv_no_stats,0.044331,481,4
0.5,3,q14_support_owner_rows,pcqv_forced,0.058654,481,4
0.5,3,q14_support_owner_rows,pcqv,0.154173,475,4
0.5,3,q14_support_owner_rows,oracle_order,1.898275,481,1
0.5,3,q15_clearance_product_rows,post_join_filter,0.049773,682,4
0.5,3,q15_clearance_product_rows,view_barrier,0.018686,519,4
0.5,3,q15_clearance_product_rows,oblivious_forced,0.022415,435,4
0.5,3,q15_clearance_product_rows,predicate_injection,0.022524,429,4
0.5,3,q15_clearance_product_rows,pcqv_no_stats,0.028969,435,4
0.5,3,q15_clearance_product_rows,pcqv_forced,0.049265,435,4
0.5,3,q15_clearance_product_rows,pcqv,0.129719,429,4
0.5,3,q15_clearance_product_rows,oracle_order,5.346594,435,1
0.5,3,q16_region_product_mix,post_join_filter,0.109841,1385,4
0.5,3,q16_region_product_mix,view_barrier,0.039441,946,4
0.5,3,q16_region_product_mix,oblivious_forced,0.030938,788,4
0.5,3,q16_region_product_mix,predicate_injection,0.028364,770,4
0.5,3,q16_region_product_mix,pcqv_no_stats,0.206412,788,4
0.5,3,q16_region_product_mix,pcqv_forced,0.833967,788,4
0.5,3,q16_region_product_mix,pcqv,1.269206,770,4
0.5,3,q16_region_product_mix,oracle_order,22.075335,788,1
0.5,6,q1_customer_orders,post_join_filter,0.069792,1303,4
0.5,6,q1_customer_orders,view_barrier,0.038158,1026,4
0.5,6,q1_customer_orders,oblivious_forced,0.03262,905,4
0.5,6,q1_customer_orders,predicate_injection,0.03089,893,4
0.5,6,q1_customer_orders,pcqv_no_stats,0.071628,905,4
0.5,6,q1_customer_orders,pcqv_forced,0.223444,905,4
0.5,6,q1_customer_orders,pcqv,0.631378,905,4
0.5,6,q1_customer_orders,oracle_order,26.142343,905,1
0.5,6,q2_revenue_by_product,post_join_filter,0.070265,1277,4
0.5,6,q2_revenue_by_product,view_barrier,0.029789,1001,4
0.5,6,q2_revenue_by_product,oblivious_forced,0.030692,880,4
0.5,6,q2_revenue_by_product,predicate_injection,0.03036,868,4
0.5,6,q2_revenue_by_product,pcqv_no_stats,0.065855,880,4
0.5,6,q2_revenue_by_product,pcqv_forced,0.199794,880,4
0.5,6,q2_revenue_by_product,pcqv,0.547728,880,4
0.5,6,q2_revenue_by_product,oracle_order,21.488819,880,1
0.5,6,q3_support_tickets,post_join_filter,0.05573,956,4
0.5,6,q3_support_tickets,view_barrier,0.023171,651,4
0.5,6,q3_support_tickets,oblivious_forced,0.020677,567,4
0.5,6,q3_support_tickets,predicate_injection,0.018951,561,4
0.5,6,q3_support_tickets,pcqv_no_stats,0.033427,567,4
0.5,6,q3_support_tickets,pcqv_forced,0.061888,567,4
0.5,6,q3_support_tickets,pcqv,0.155783,561,4
0.5,6,q3_support_tickets,oracle_order,1.077492,567,1
0.5,6,q4_revenue_by_region,post_join_filter,0.064814,1319,4
0.5,6,q4_revenue_by_region,view_barrier,0.031198,1042,4
0.5,6,q4_revenue_by_region,oblivious_forced,0.033736,921,4
0.5,6,q4_revenue_by_region,predicate_injection,0.030942,909,4
0.5,6,q4_revenue_by_region,pcqv_no_stats,0.06973,921,4
0.5,6,q4_revenue_by_region,pcqv_forced,0.218663,921,4
0.5,6,q4_revenue_by_region,pcqv,0.581257,921,4
0.5,6,q4_revenue_by_region,oracle_order,22.937716,921,1
0.5,6,q5_high_value_segments,post_join_filter,0.052351,1024,4
0.5,6,q5_high_value_segments,view_barrier,0.024045,770,4
0.5,6,q5_high_value_segments,oblivious_forced,0.022309,686,4
0.5,6,q5_high_value_segments,predicate_injection,0.019755,680,4
0.5,6,q5_high_value_segments,pcqv_no_stats,0.034358,686,4
0.5,6,q5_high_value_segments,pcqv_forced,0.066945,686,4
0.5,6,q5_high_value_segments,pcqv,0.169327,680,4
0.5,6,q5_high_value_segments,oracle_order,4.532225,686,1
0.5,6,q6_lineitem_product_count,post_join_filter,0.081126,1573,4
0.5,6,q6_lineitem_product_count,view_barrier,0.037365,1217,4
0.5,6,q6_lineitem_product_count,oblivious_forced,0.033964,1059,4
0.5,6,q6_lineitem_product_count,predicate_injection,0.032104,1041,4
0.5,6,q6_lineitem_product_count,pcqv_no_stats,0.205893,1059,4
0.5,6,q6_lineitem_product_count,pcqv_forced,0.890178,1059,4
0.5,6,q6_lineitem_product_count,pcqv,2.184528,1059,4
0.5,6,q6_lineitem_product_count,oracle_order,136.675181,1059,1
0.5,6,q7_customer_summary,post_join_filter,0.057549,1031,4
0.5,6,q7_customer_summary,view_barrier,0.02472,777,4
0.5,6,q7_customer_summary,oblivious_forced,0.023224,693,4
0.5,6,q7_customer_summary,predicate_injection,0.020334,687,4
0.5,6,q7_customer_summary,pcqv_no_stats,0.035911,693,4
0.5,6,q7_customer_summary,pcqv_forced,0.068528,693,4
0.5,6,q7_customer_summary,pcqv,0.219691,693,4
0.5,6,q7_customer_summary,oracle_order,2.959696,693,1
0.5,6,q8_sensitive_product_scan,post_join_filter,0.042678,745,4
0.5,6,q8_sensitive_product_scan,view_barrier,0.019227,580,4
0.5,6,q8_sensitive_product_scan,oblivious_forced,0.017294,496,4
0.5,6,q8_sensitive_product_scan,predicate_injection,0.015594,490,4
0.5,6,q8_sensitive_product_scan,pcqv_no_stats,0.028988,496,4
0.5,6,q8_sensitive_product_scan,pcqv_forced,0.055344,496,4
0.5,6,q8_sensitive_product_scan,pcqv,0.163199,496,4
0.5,6,q8_sensitive_product_scan,oracle_order,5.58477,496,1
0.5,6,q9_ticket_topic_segments,post_join_filter,0.057244,969,4
0.5,6,q9_ticket_topic_segments,view_barrier,0.022162,664,4
0.5,6,q9_ticket_topic_segments,oblivious_forced,0.020569,580,4
0.5,6,q9_ticket_topic_segments,predicate_injection,0.018321,574,4
0.5,6,q9_ticket_topic_segments,pcqv_no_stats,0.033358,580,4
0.5,6,q9_ticket_topic_segments,pcqv_forced,0.061894,580,4
0.5,6,q9_ticket_topic_segments,pcqv,0.152669,574,4
0.5,6,q9_ticket_topic_segments,oracle_order,1.64385,580,1
0.5,6,q10_acl_customer_rows,post_join_filter,0.029243,565,4
0.5,6,q10_acl_customer_rows,view_barrier,0.014203,419,4
0.5,6,q10_acl_customer_rows,oblivious_forced,0.012839,372,4
0.5,6,q10_acl_customer_rows,predicate_injection,0.01148,372,4
0.5,6,q10_acl_customer_rows,pcqv_no_stats,0.016526,372,4
0.5,6,q10_acl_customer_rows,pcqv_forced,0.024939,372,4
0.5,6,q10_acl_customer_rows,pcqv,0.061648,372,4
0.5,6,q10_acl_customer_rows,oracle_order,0.283597,372,1
0.5,6,q11_order_ticket_bridge,post_join_filter,0.077516,1421,4
0.5,6,q11_order_ticket_bridge,view_barrier,0.031074,1008,4
0.5,6,q11_order_ticket_bridge,oblivious_forced,0.028098,887,4
0.5,6,q11_order_ticket_bridge,predicate_injection,0.026264,875,4
0.5,6,q11_order_ticket_bridge,pcqv_no_stats,0.068748,887,4
0.5,6,q11_order_ticket_bridge,pcqv_forced,0.206506,887,4
0.5,6,q11_order_ticket_bridge,pcqv,0.394887,875,4
0.5,6,q11_order_ticket_bridge,oracle_order,12.978722,887,1
0.5,6,q12_product_segment_revenue,post_join_filter,0.111589,1623,4
0.5,6,q12_product_segment_revenue,view_barrier,0.039605,1267,4
0.5,6,q12_product_segment_revenue,oblivious_forced,0.034642,1109,4
0.5,6,q12_product_segment_revenue,predicate_injection,0.031513,1091,4
0.5,6,q12_product_segment_revenue,pcqv_no_stats,0.234062,1109,4
0.5,6,q12_product_segment_revenue,pcqv_forced,1.019559,1109,4
0.5,6,q12_product_segment_revenue,pcqv,1.451354,1091,4
0.5,6,q12_product_segment_revenue,oracle_order,113.970532,1109,1
0.5,6,q13_order_lineitem_rows,post_join_filter,0.058684,941,4
0.5,6,q13_order_lineitem_rows,view_barrier,0.024869,744,4
0.5,6,q13_order_lineitem_rows,oblivious_forced,0.035296,660,4
0.5,6,q13_order_lineitem_rows,predicate_injection,0.02121,654,4
0.5,6,q13_order_lineitem_rows,pcqv_no_stats,0.033618,660,4
0.5,6,q13_order_lineitem_rows,pcqv_forced,0.064747,660,4
0.5,6,q13_order_lineitem_rows,pcqv,0.157573,654,4
0.5,6,q13_order_lineitem_rows,oracle_order,11.889139,660,1
0.5,6,q14_support_owner_rows,post_join_filter,0.05696,951,4
0.5,6,q14_support_owner_rows,view_barrier,0.027157,646,4
0.5,6,q14_support_owner_rows,oblivious_forced,0.020908,562,4
0.5,6,q14_support_owner_rows,predicate_injection,0.024952,556,4
0.5,6,q14_support_owner_rows,pcqv_no_stats,0.03451,562,4
0.5,6,q14_support_owner_rows,pcqv_forced,0.061709,562,4
0.5,6,q14_support_owner_rows,pcqv,0.168241,556,4
0.5,6,q14_support_owner_rows,oracle_order,2.391876,562,1
0.5,6,q15_clearance_product_rows,post_join_filter,0.051111,810,4
0.5,6,q15_clearance_product_rows,view_barrier,0.023793,645,4
0.5,6,q15_clearance_product_rows,oblivious_forced,0.018707,561,4
0.5,6,q15_clearance_product_rows,predicate_injection,0.016284,555,4
0.5,6,q15_clearance_product_rows,pcqv_no_stats,0.034431,561,4
0.5,6,q15_clearance_product_rows,pcqv_forced,0.059916,561,4
0.5,6,q15_clearance_product_rows,pcqv,0.14201,555,4
0.5,6,q15_clearance_product_rows,oracle_order,10.201963,561,1
0.5,6,q16_region_product_mix,post_join_filter,0.102207,1644,4
0.5,6,q16_region_product_mix,view_barrier,0.046511,1288,4
0.5,6,q16_region_product_mix,oblivious_forced,0.034985,1130,4
0.5,6,q16_region_product_mix,predicate_injection,0.032388,1112,4
0.5,6,q16_region_product_mix,pcqv_no_stats,0.238982,1130,4
0.5,6,q16_region_product_mix,pcqv_forced,1.044733,1130,4
0.5,6,q16_region_product_mix,pcqv,1.694599,1112,4
0.5,6,q16_region_product_mix,oracle_order,111.270578,1130,1
