scale,selectivity,complexity,query,method,latency_ms,rows,error
0.03,0.1,3,q1_customer_orders,predicate_injection,0.0926,15,
0.03,0.1,3,q1_customer_orders,view_barrier,0.9994,15,
0.03,0.1,3,q1_customer_orders,oblivious_forced,0.2675,15,
0.03,0.1,3,q1_customer_orders,pcqv_forced,0.0863,15,
0.03,0.1,3,q1_customer_orders,pcqv,0.0626,15,
0.03,0.1,3,q4_revenue_by_region,predicate_injection,0.1598,3,
0.03,0.1,3,q4_revenue_by_region,view_barrier,1.2009,3,
0.03,0.1,3,q4_revenue_by_region,oblivious_forced,0.383,3,
0.03,0.1,3,q4_revenue_by_region,pcqv_forced,0.1889,3,
0.03,0.1,3,q4_revenue_by_region,pcqv,0.1639,3,
0.03,0.1,3,q6_lineitem_product_count,predicate_injection,0.1036,4,
0.03,0.1,3,q6_lineitem_product_count,view_barrier,1.1952,4,
0.03,0.1,3,q6_lineitem_product_count,oblivious_forced,0.5279,4,
0.03,0.1,3,q6_lineitem_product_count,pcqv_forced,0.0963,4,
0.03,0.1,3,q6_lineitem_product_count,pcqv,0.0855,4,
0.03,0.1,3,q8_sensitive_product_scan,predicate_injection,0.2138,9,
0.03,0.1,3,q8_sensitive_product_scan,view_barrier,1.0589,9,
0.03,0.1,3,q8_sensitive_product_scan,oblivious_forced,0.5437,9,
0.03,0.1,3,q8_sensitive_product_scan,pcqv_forced,0.2233,9,
0.03,0.1,3,q8_sensitive_product_scan,pcqv,0.2079,9,
0.03,0.1,3,q12_product_segment_revenue,predicate_injection,0.0753,5,
0.03,0.1,3,q12_product_segment_revenue,view_barrier,1.3464,5,
0.03,0.1,3,q12_product_segment_revenue,oblivious_forced,0.2217,5,
0.03,0.1,3,q12_product_segment_revenue,pcqv_forced,0.0779,5,
0.03,0.1,3,q12_product_segment_revenue,pcqv,0.0759,5,
0.03,0.1,3,q16_region_product_mix,predicate_injection,0.1087,7,
0.03,0.1,3,q16_region_product_mix,view_barrier,1.1483,7,
0.03,0.1,3,q16_region_product_mix,oblivious_forced,0.1072,7,
0.03,0.1,3,q16_region_product_mix,pcqv_forced,0.094,7,
0.03,0.1,3,q16_region_product_mix,pcqv,0.0913,7,
0.03,0.1,6,q1_customer_orders,predicate_injection,0.1034,15,
0.03,0.1,6,q1_customer_orders,view_barrier,1.2673,15,
0.03,0.1,6,q1_customer_orders,oblivious_forced,0.5272,15,
0.03,0.1,6,q1_customer_orders,pcqv_forced,0.1291,15,
0.03,0.1,6,q1_customer_orders,pcqv,0.1176,15,
0.03,0.1,6,q4_revenue_by_region,predicate_injection,0.1382,2,
0.03,0.1,6,q4_revenue_by_region,view_barrier,1.4342,2,
0.03,0.1,6,q4_revenue_by_region,oblivious_forced,0.6458,2,
0.03,0.1,6,q4_revenue_by_region,pcqv_forced,0.1531,2,
0.03,0.1,6,q4_revenue_by_region,pcqv,0.1199,2,
0.03,0.1,6,q6_lineitem_product_count,predicate_injection,0.1715,1,
0.03,0.1,6,q6_lineitem_product_count,view_barrier,1.4743,1,
0.03,0.1,6,q6_lineitem_product_count,oblivious_forced,0.7747,1,
0.03,0.1,6,q6_lineitem_product_count,pcqv_forced,0.1754,1,
0.03,0.1,6,q6_lineitem_product_count,pcqv,0.1527,1,
0.03,0.1,6,q8_sensitive_product_scan,predicate_injection,0.3973,9,
0.03,0.1,6,q8_sensitive_product_scan,view_barrier,1.2959,9,
0.03,0.1,6,q8_sensitive_product_scan,oblivious_forced,0.796,9,
0.03,0.1,6,q8_sensitive_product_scan,pcqv_forced,0.3821,9,
0.03,0.1,6,q8_sensitive_product_scan,pcqv,0.3511,9,
0.03,0.1,6,q12_product_segment_revenue,predicate_injection,0.1721,0,
0.03,0.1,6,q12_product_segment_revenue,view_barrier,1.5704,0,
0.03,0.1,6,q12_product_segment_revenue,oblivious_forced,0.1727,0,
0.03,0.1,6,q12_product_segment_revenue,pcqv_forced,0.2617,0,
0.03,0.1,6,q12_product_segment_revenue,pcqv,0.183,0,
0.03,0.1,6,q16_region_product_mix,predicate_injection,0.159,1,
0.03,0.1,6,q16_region_product_mix,view_barrier,1.4317,1,
0.03,0.1,6,q16_region_product_mix,oblivious_forced,0.1729,1,
0.03,0.1,6,q16_region_product_mix,pcqv_forced,0.189,1,
0.03,0.1,6,q16_region_product_mix,pcqv,0.1631,1,
0.03,0.5,3,q1_customer_orders,predicate_injection,0.8028,125,
0.03,0.5,3,q1_customer_orders,view_barrier,5.9892,125,
0.03,0.5,3,q1_customer_orders,oblivious_forced,1.0442,125,
0.03,0.5,3,q1_customer_orders,pcqv_forced,0.9442,125,
0.03,0.5,3,q1_customer_orders,pcqv,0.8342,125,
0.03,0.5,3,q4_revenue_by_region,predicate_injection,4.2598,6,
0.03,0.5,3,q4_revenue_by_region,view_barrier,7.1614,6,
0.03,0.5,3,q4_revenue_by_region,oblivious_forced,2.2194,6,
0.03,0.5,3,q4_revenue_by_region,pcqv_forced,3.4059,6,
0.03,0.5,3,q4_revenue_by_region,pcqv,3.3413,6,
0.03,0.5,3,q6_lineitem_product_count,predicate_injection,2.9324,8,
0.03,0.5,3,q6_lineitem_product_count,view_barrier,6.9309,8,
0.03,0.5,3,q6_lineitem_product_count,oblivious_forced,3.4492,8,
0.03,0.5,3,q6_lineitem_product_count,pcqv_forced,3.3154,8,
0.03,0.5,3,q6_lineitem_product_count,pcqv,3.1988,8,
0.03,0.5,3,q8_sensitive_product_scan,predicate_injection,1.5713,33,
0.03,0.5,3,q8_sensitive_product_scan,view_barrier,6.4642,33,
0.03,0.5,3,q8_sensitive_product_scan,oblivious_forced,3.9662,33,
0.03,0.5,3,q8_sensitive_product_scan,pcqv_forced,1.6347,33,
0.03,0.5,3,q8_sensitive_product_scan,pcqv,1.5654,33,
0.03,0.5,3,q12_product_segment_revenue,predicate_injection,3.8049,27,
0.03,0.5,3,q12_product_segment_revenue,view_barrier,7.8669,27,
0.03,0.5,3,q12_product_segment_revenue,oblivious_forced,2.2282,27,
0.03,0.5,3,q12_product_segment_revenue,pcqv_forced,2.4487,27,
0.03,0.5,3,q12_product_segment_revenue,pcqv,3.805,27,
0.03,0.5,3,q16_region_product_mix,predicate_injection,2.6931,54,
0.03,0.5,3,q16_region_product_mix,view_barrier,7.3888,54,
0.03,0.5,3,q16_region_product_mix,oblivious_forced,3.2099,54,
0.03,0.5,3,q16_region_product_mix,pcqv_forced,3.0705,54,
0.03,0.5,3,q16_region_product_mix,pcqv,2.864,54,
0.03,0.5,6,q1_customer_orders,predicate_injection,0.8887,125,
0.03,0.5,6,q1_customer_orders,view_barrier,7.3554,125,
0.03,0.5,6,q1_customer_orders,oblivious_forced,2.4759,125,
0.03,0.5,6,q1_customer_orders,pcqv_forced,0.8948,125,
0.03,0.5,6,q1_customer_orders,pcqv,0.8881,125,
0.03,0.5,6,q4_revenue_by_region,predicate_injection,3.406,6,
0.03,0.5,6,q4_revenue_by_region,view_barrier,8.1748,6,
0.03,0.5,6,q4_revenue_by_region,oblivious_forced,3.9491,6,
0.03,0.5,6,q4_revenue_by_region,pcqv_forced,3.6347,6,
0.03,0.5,6,q4_revenue_by_region,pcqv,3.7124,6,
0.03,0.5,6,q6_lineitem_product_count,predicate_injection,4.0286,8,
0.03,0.5,6,q6_lineitem_product_count,view_barrier,8.3702,8,
0.03,0.5,6,q6_lineitem_product_count,oblivious_forced,5.4921,8,
0.03,0.5,6,q6_lineitem_product_count,pcqv_forced,3.625,8,
0.03,0.5,6,q6_lineitem_product_count,pcqv,3.609,8,
0.03,0.5,6,q8_sensitive_product_scan,predicate_injection,3.0045,33,
0.03,0.5,6,q8_sensitive_product_scan,view_barrier,7.0261,33,
0.03,0.5,6,q8_sensitive_product_scan,oblivious_forced,5.7111,33,
0.03,0.5,6,q8_sensitive_product_scan,pcqv_forced,3.1732,33,
0.03,0.5,6,q8_sensitive_product_scan,pcqv,3.0986,33,
0.03,0.5,6,q12_product_segment_revenue,predicate_injection,5.5742,23,
0.03,0.5,6,q12_product_segment_revenue,view_barrier,8.9383,23,
0.03,0.5,6,q12_product_segment_revenue,oblivious_forced,2.4772,23,
0.03,0.5,6,q12_product_segment_revenue,pcqv_forced,2.8178,23,
0.03,0.5,6,q12_product_segment_revenue,pcqv,5.4617,23,
0.03,0.5,6,q16_region_product_mix,predicate_injection,3.0228,36,
0.03,0.5,6,q16_region_product_mix,view_barrier,8.5626,36,
0.03,0.5,6,q16_region_product_mix,oblivious_forced,3.3009,36,
0.03,0.5,6,q16_region_product_mix,pcqv_forced,3.2412,36,
0.03,0.5,6,q16_region_product_mix,pcqv,2.8968,36,
0.06,0.1,3,q1_customer_orders,predicate_injection,0.0687,15,
0.06,0.1,3,q1_customer_orders,view_barrier,0.9683,15,
0.06,0.1,3,q1_customer_orders,oblivious_forced,0.255,15,
0.06,0.1,3,q1_customer_orders,pcqv_forced,0.0656,15,
0.06,0.1,3,q1_customer_orders,pcqv,0.0616,15,
0.06,0.1,3,q4_revenue_by_region,predicate_injection,0.1658,3,
0.06,0.1,3,q4_revenue_by_region,view_barrier,1.2033,3,
0.06,0.1,3,q4_revenue_by_region,oblivious_forced,0.3812,3,
0.06,0.1,3,q4_revenue_by_region,pcqv_forced,0.1731,3,
0.06,0.1,3,q4_revenue_by_region,pcqv,0.1868,3,
0.06,0.1,3,q6_lineitem_product_count,predicate_injection,0.0966,4,
0.06,0.1,3,q6_lineitem_product_count,view_barrier,1.1324,4,
0.06,0.1,3,q6_lineitem_product_count,oblivious_forced,0.5304,4,
0.06,0.1,3,q6_lineitem_product_count,pcqv_forced,0.0988,4,
0.06,0.1,3,q6_lineitem_product_count,pcqv,0.0875,4,
0.06,0.1,3,q8_sensitive_product_scan,predicate_injection,0.2318,9,
0.06,0.1,3,q8_sensitive_product_scan,view_barrier,1.1353,9,
0.06,0.1,3,q8_sensitive_product_scan,oblivious_forced,0.5602,9,
0.06,0.1,3,q8_sensitive_product_scan,pcqv_forced,0.2355,9,
0.06,0.1,3,q8_sensitive_product_scan,pcqv,0.2111,9,
0.06,0.1,3,q12_product_segment_revenue,predicate_injection,0.0833,5,
0.06,0.1,3,q12_product_segment_revenue,view_barrier,1.3516,5,
0.06,0.1,3,q12_product_segment_revenue,oblivious_forced,0.1673,5,
0.06,0.1,3,q12_product_segment_revenue,pcqv_forced,0.0783,5,
0.06,0.1,3,q12_product_segment_revenue,pcqv,0.074,5,
0.06,0.1,3,q16_region_product_mix,predicate_injection,0.1053,7,
0.06,0.1,3,q16_region_product_mix,view_barrier,1.1035,7,
0.06,0.1,3,q16_region_product_mix,oblivious_forced,0.1029,7,
0.06,0.1,3,q16_region_product_mix,pcqv_forced,0.0943,7,
0.06,0.1,3,q16_region_product_mix,pcqv,0.0931,7,
0.06,0.1,6,q1_customer_orders,predicate_injection,0.1083,15,
0.06,0.1,6,q1_customer_orders,view_barrier,1.2035,15,
0.06,0.1,6,q1_customer_orders,oblivious_forced,0.5141,15,
0.06,0.1,6,q1_customer_orders,pcqv_forced,0.1364,15,
0.06,0.1,6,q1_customer_orders,pcqv,0.1245,15,
0.06,0.1,6,q4_revenue_by_region,predicate_injection,0.1416,2,
0.06,0.1,6,q4_revenue_by_region,view_barrier,1.3341,2,
0.06,0.1,6,q4_revenue_by_region,oblivious_forced,0.6211,2,
0.06,0.1,6,q4_revenue_by_region,pcqv_forced,0.1506,2,
0.06,0.1,6,q4_revenue_by_region,pcqv,0.1302,2,
0.06,0.1,6,q6_lineitem_product_count,predicate_injection,0.1603,1,
0.06,0.1,6,q6_lineitem_product_count,view_barrier,1.3857,1,
0.06,0.1,6,q6_lineitem_product_count,oblivious_forced,0.7715,1,
0.06,0.1,6,q6_lineitem_product_count,pcqv_forced,0.1607,1,
0.06,0.1,6,q6_lineitem_product_count,pcqv,0.1468,1,
0.06,0.1,6,q8_sensitive_product_scan,predicate_injection,0.3551,9,
0.06,0.1,6,q8_sensitive_product_scan,view_barrier,1.203,9,
0.06,0.1,6,q8_sensitive_product_scan,oblivious_forced,0.7919,9,
0.06,0.1,6,q8_sensitive_product_scan,pcqv_forced,0.3631,9,
0.06,0.1,6,q8_sensitive_product_scan,pcqv,0.3383,9,
0.06,0.1,6,q12_product_segment_revenue,predicate_injection,0.2262,0,
0.06,0.1,6,q12_product_segment_revenue,view_barrier,1.5281,0,
0.06,0.1,6,q12_product_segment_revenue,oblivious_forced,0.1752,0,
0.06,0.1,6,q12_product_segment_revenue,pcqv_forced,0.2375,0,
0.06,0.1,6,q12_product_segment_revenue,pcqv,0.1687,0,
0.06,0.1,6,q16_region_product_mix,predicate_injection,0.1675,1,
0.06,0.1,6,q16_region_product_mix,view_barrier,1.4224,1,
0.06,0.1,6,q16_region_product_mix,oblivious_forced,0.1654,1,
0.06,0.1,6,q16_region_product_mix,pcqv_forced,0.1961,1,
0.06,0.1,6,q16_region_product_mix,pcqv,0.1527,1,
0.06,0.5,3,q1_customer_orders,predicate_injection,0.821,125,
0.06,0.5,3,q1_customer_orders,view_barrier,5.8258,125,
0.06,0.5,3,q1_customer_orders,oblivious_forced,1.0403,125,
0.06,0.5,3,q1_customer_orders,pcqv_forced,0.8067,125,
0.06,0.5,3,q1_customer_orders,pcqv,0.7802,125,
0.06,0.5,3,q4_revenue_by_region,predicate_injection,4.3271,6,
0.06,0.5,3,q4_revenue_by_region,view_barrier,7.0449,6,
0.06,0.5,3,q4_revenue_by_region,oblivious_forced,2.1642,6,
0.06,0.5,3,q4_revenue_by_region,pcqv_forced,3.2695,6,
0.06,0.5,3,q4_revenue_by_region,pcqv,3.2944,6,
0.06,0.5,3,q6_lineitem_product_count,predicate_injection,2.9159,8,
0.06,0.5,3,q6_lineitem_product_count,view_barrier,6.9817,8,
0.06,0.5,3,q6_lineitem_product_count,oblivious_forced,3.4193,8,
0.06,0.5,3,q6_lineitem_product_count,pcqv_forced,3.244,8,
0.06,0.5,3,q6_lineitem_product_count,pcqv,3.1934,8,
0.06,0.5,3,q8_sensitive_product_scan,predicate_injection,1.5827,33,
0.06,0.5,3,q8_sensitive_product_scan,view_barrier,6.2493,33,
0.06,0.5,3,q8_sensitive_product_scan,oblivious_forced,3.7966,33,
0.06,0.5,3,q8_sensitive_product_scan,pcqv_forced,1.5656,33,
0.06,0.5,3,q8_sensitive_product_scan,pcqv,1.5635,33,
0.06,0.5,3,q12_product_segment_revenue,predicate_injection,3.7752,27,
0.06,0.5,3,q12_product_segment_revenue,view_barrier,7.8227,27,
0.06,0.5,3,q12_product_segment_revenue,oblivious_forced,2.1992,27,
0.06,0.5,3,q12_product_segment_revenue,pcqv_forced,2.3955,27,
0.06,0.5,3,q12_product_segment_revenue,pcqv,4.1579,27,
0.06,0.5,3,q16_region_product_mix,predicate_injection,2.6716,54,
0.06,0.5,3,q16_region_product_mix,view_barrier,7.4924,54,
0.06,0.5,3,q16_region_product_mix,oblivious_forced,3.0864,54,
0.06,0.5,3,q16_region_product_mix,pcqv_forced,3.0688,54,
0.06,0.5,3,q16_region_product_mix,pcqv,2.6284,54,
0.06,0.5,6,q1_customer_orders,predicate_injection,0.8899,125,
0.06,0.5,6,q1_customer_orders,view_barrier,7.1232,125,
0.06,0.5,6,q1_customer_orders,oblivious_forced,2.4507,125,
0.06,0.5,6,q1_customer_orders,pcqv_forced,0.9025,125,
0.06,0.5,6,q1_customer_orders,pcqv,0.8735,125,
0.06,0.5,6,q4_revenue_by_region,predicate_injection,3.4167,6,
0.06,0.5,6,q4_revenue_by_region,view_barrier,8.0715,6,
0.06,0.5,6,q4_revenue_by_region,oblivious_forced,3.8943,6,
0.06,0.5,6,q4_revenue_by_region,pcqv_forced,3.6816,6,
0.06,0.5,6,q4_revenue_by_region,pcqv,3.6974,6,
0.06,0.5,6,q6_lineitem_product_count,predicate_injection,4.0494,8,
0.06,0.5,6,q6_lineitem_product_count,view_barrier,8.0083,8,
0.06,0.5,6,q6_lineitem_product_count,oblivious_forced,4.8014,8,
0.06,0.5,6,q6_lineitem_product_count,pcqv_forced,3.6107,8,
0.06,0.5,6,q6_lineitem_product_count,pcqv,3.6348,8,
0.06,0.5,6,q8_sensitive_product_scan,predicate_injection,2.9566,33,
0.06,0.5,6,q8_sensitive_product_scan,view_barrier,7.0894,33,
0.06,0.5,6,q8_sensitive_product_scan,oblivious_forced,4.8992,33,
0.06,0.5,6,q8_sensitive_product_scan,pcqv_forced,2.9713,33,
0.06,0.5,6,q8_sensitive_product_scan,pcqv,2.9504,33,
0.06,0.5,6,q12_product_segment_revenue,predicate_injection,5.5008,23,
0.06,0.5,6,q12_product_segment_revenue,view_barrier,8.7478,23,
0.06,0.5,6,q12_product_segment_revenue,oblivious_forced,2.422,23,
0.06,0.5,6,q12_product_segment_revenue,pcqv_forced,2.6078,23,
0.06,0.5,6,q12_product_segment_revenue,pcqv,5.4211,23,
0.06,0.5,6,q16_region_product_mix,predicate_injection,3.1312,36,
0.06,0.5,6,q16_region_product_mix,view_barrier,8.3437,36,
0.06,0.5,6,q16_region_product_mix,oblivious_forced,3.2193,36,
0.06,0.5,6,q16_region_product_mix,pcqv_forced,3.2959,36,
0.06,0.5,6,q16_region_product_mix,pcqv,2.8774,36,
0.12,0.1,3,q1_customer_orders,predicate_injection,0.0706,7,
0.12,0.1,3,q1_customer_orders,view_barrier,1.7359,7,
0.12,0.1,3,q1_customer_orders,oblivious_forced,0.3631,7,
0.12,0.1,3,q1_customer_orders,pcqv_forced,0.0882,7,
0.12,0.1,3,q1_customer_orders,pcqv,0.0624,7,
0.12,0.1,3,q4_revenue_by_region,predicate_injection,0.2313,3,
0.12,0.1,3,q4_revenue_by_region,view_barrier,2.0649,3,
0.12,0.1,3,q4_revenue_by_region,oblivious_forced,0.604,3,
0.12,0.1,3,q4_revenue_by_region,pcqv_forced,0.2273,3,
0.12,0.1,3,q4_revenue_by_region,pcqv,0.2223,3,
0.12,0.1,3,q6_lineitem_product_count,predicate_injection,0.1599,4,
0.12,0.1,3,q6_lineitem_product_count,view_barrier,1.8985,4,
0.12,0.1,3,q6_lineitem_product_count,oblivious_forced,0.9423,4,
0.12,0.1,3,q6_lineitem_product_count,pcqv_forced,0.1731,4,
0.12,0.1,3,q6_lineitem_product_count,pcqv,0.1639,4,
0.12,0.1,3,q8_sensitive_product_scan,predicate_injection,0.2508,7,
0.12,0.1,3,q8_sensitive_product_scan,view_barrier,1.849,7,
0.12,0.1,3,q8_sensitive_product_scan,oblivious_forced,0.8071,7,
0.12,0.1,3,q8_sensitive_product_scan,pcqv_forced,0.248,7,
0.12,0.1,3,q8_sensitive_product_scan,pcqv,0.2454,7,
0.12,0.1,3,q12_product_segment_revenue,predicate_injection,0.1332,6,
0.12,0.1,3,q12_product_segment_revenue,view_barrier,2.263,6,
0.12,0.1,3,q12_product_segment_revenue,oblivious_forced,0.2393,6,
0.12,0.1,3,q12_product_segment_revenue,pcqv_forced,0.1364,6,
0.12,0.1,3,q12_product_segment_revenue,pcqv,0.116,6,
0.12,0.1,3,q16_region_product_mix,predicate_injection,0.1784,5,
0.12,0.1,3,q16_region_product_mix,view_barrier,1.8934,5,
0.12,0.1,3,q16_region_product_mix,oblivious_forced,0.1609,5,
0.12,0.1,3,q16_region_product_mix,pcqv_forced,0.1655,5,
0.12,0.1,3,q16_region_product_mix,pcqv,0.1523,5,
0.12,0.1,6,q1_customer_orders,predicate_injection,0.116,7,
0.12,0.1,6,q1_customer_orders,view_barrier,2.0671,7,
0.12,0.1,6,q1_customer_orders,oblivious_forced,0.7967,7,
0.12,0.1,6,q1_customer_orders,pcqv_forced,0.1474,7,
0.12,0.1,6,q1_customer_orders,pcqv,0.1301,7,
0.12,0.1,6,q4_revenue_by_region,predicate_injection,0.207,3,
0.12,0.1,6,q4_revenue_by_region,view_barrier,2.3245,3,
0.12,0.1,6,q4_revenue_by_region,oblivious_forced,1.0359,3,
0.12,0.1,6,q4_revenue_by_region,pcqv_forced,0.2032,3,
0.12,0.1,6,q4_revenue_by_region,pcqv,0.1859,3,
0.12,0.1,6,q6_lineitem_product_count,predicate_injection,0.2406,2,
0.12,0.1,6,q6_lineitem_product_count,view_barrier,2.2952,2,
0.12,0.1,6,q6_lineitem_product_count,oblivious_forced,1.2749,2,
0.12,0.1,6,q6_lineitem_product_count,pcqv_forced,0.2341,2,
0.12,0.1,6,q6_lineitem_product_count,pcqv,0.2273,2,
0.12,0.1,6,q8_sensitive_product_scan,predicate_injection,0.4354,7,
0.12,0.1,6,q8_sensitive_product_scan,view_barrier,2.0616,7,
0.12,0.1,6,q8_sensitive_product_scan,oblivious_forced,1.2134,7,
0.12,0.1,6,q8_sensitive_product_scan,pcqv_forced,0.4439,7,
0.12,0.1,6,q8_sensitive_product_scan,pcqv,0.4317,7,
0.12,0.1,6,q12_product_segment_revenue,predicate_injection,0.2479,0,
0.12,0.1,6,q12_product_segment_revenue,view_barrier,2.5264,0,
0.12,0.1,6,q12_product_segment_revenue,oblivious_forced,0.243,0,
0.12,0.1,6,q12_product_segment_revenue,pcqv_forced,0.3013,0,
0.12,0.1,6,q12_product_segment_revenue,pcqv,0.2366,0,
0.12,0.1,6,q16_region_product_mix,predicate_injection,0.2343,2,
0.12,0.1,6,q16_region_product_mix,view_barrier,2.3251,2,
0.12,0.1,6,q16_region_product_mix,oblivious_forced,0.2317,2,
0.12,0.1,6,q16_region_product_mix,pcqv_forced,0.2228,2,
0.12,0.1,6,q16_region_product_mix,pcqv,0.249,2,
0.12,0.5,3,q1_customer_orders,predicate_injection,1.2454,220,
0.12,0.5,3,q1_customer_orders,view_barrier,9.6978,220,
0.12,0.5,3,q1_customer_orders,oblivious_forced,1.4695,220,
0.12,0.5,3,q1_customer_orders,pcqv_forced,1.1516,220,
0.12,0.5,3,q1_customer_orders,pcqv,1.1061,220,
0.12,0.5,3,q4_revenue_by_region,predicate_injection,4.6632,6,
0.12,0.5,3,q4_revenue_by_region,view_barrier,11.2855,6,
0.12,0.5,3,q4_revenue_by_region,oblivious_forced,3.2478,6,
0.12,0.5,3,q4_revenue_by_region,pcqv_forced,4.5888,6,
0.12,0.5,3,q4_revenue_by_region,pcqv,4.6536,6,
0.12,0.5,3,q6_lineitem_product_count,predicate_injection,4.8488,8,
0.12,0.5,3,q6_lineitem_product_count,view_barrier,11.036,8,
0.12,0.5,3,q6_lineitem_product_count,oblivious_forced,5.5197,8,
0.12,0.5,3,q6_lineitem_product_count,pcqv_forced,4.5624,8,
0.12,0.5,3,q6_lineitem_product_count,pcqv,4.6209,8,
0.12,0.5,3,q8_sensitive_product_scan,predicate_injection,2.4207,33,
0.12,0.5,3,q8_sensitive_product_scan,view_barrier,10.4644,33,
0.12,0.5,3,q8_sensitive_product_scan,oblivious_forced,6.1106,33,
0.12,0.5,3,q8_sensitive_product_scan,pcqv_forced,2.4392,33,
0.12,0.5,3,q8_sensitive_product_scan,pcqv,2.4575,33,
0.12,0.5,3,q12_product_segment_revenue,predicate_injection,5.8879,27,
0.12,0.5,3,q12_product_segment_revenue,view_barrier,12.2788,27,
0.12,0.5,3,q12_product_segment_revenue,oblivious_forced,3.022,27,
0.12,0.5,3,q12_product_segment_revenue,pcqv_forced,3.1199,27,
0.12,0.5,3,q12_product_segment_revenue,pcqv,5.9465,27,
0.12,0.5,3,q16_region_product_mix,predicate_injection,3.813,53,
0.12,0.5,3,q16_region_product_mix,view_barrier,11.7315,53,
0.12,0.5,3,q16_region_product_mix,oblivious_forced,4.3863,53,
0.12,0.5,3,q16_region_product_mix,pcqv_forced,4.4871,53,
0.12,0.5,3,q16_region_product_mix,pcqv,3.7644,53,
0.12,0.5,6,q1_customer_orders,predicate_injection,1.5137,220,
0.12,0.5,6,q1_customer_orders,view_barrier,11.2223,220,
0.12,0.5,6,q1_customer_orders,oblivious_forced,3.8072,220,
0.12,0.5,6,q1_customer_orders,pcqv_forced,1.351,220,
0.12,0.5,6,q1_customer_orders,pcqv,1.3466,220,
0.12,0.5,6,q4_revenue_by_region,predicate_injection,5.05,6,
0.12,0.5,6,q4_revenue_by_region,view_barrier,12.5537,6,
0.12,0.5,6,q4_revenue_by_region,oblivious_forced,5.8205,6,
0.12,0.5,6,q4_revenue_by_region,pcqv_forced,5.294,6,
0.12,0.5,6,q4_revenue_by_region,pcqv,5.2442,6,
0.12,0.5,6,q6_lineitem_product_count,predicate_injection,6.7459,8,
0.12,0.5,6,q6_lineitem_product_count,view_barrier,12.4896,8,
0.12,0.5,6,q6_lineitem_product_count,oblivious_forced,7.6711,8,
0.12,0.5,6,q6_lineitem_product_count,pcqv_forced,5.1133,8,
0.12,0.5,6,q6_lineitem_product_count,pcqv,5.1691,8,
0.12,0.5,6,q8_sensitive_product_scan,predicate_injection,4.6217,33,
0.12,0.5,6,q8_sensitive_product_scan,view_barrier,11.7989,33,
0.12,0.5,6,q8_sensitive_product_scan,oblivious_forced,8.0213,33,
0.12,0.5,6,q8_sensitive_product_scan,pcqv_forced,4.6981,33,
0.12,0.5,6,q8_sensitive_product_scan,pcqv,4.6914,33,
0.12,0.5,6,q12_product_segment_revenue,predicate_injection,8.6806,27,
0.12,0.5,6,q12_product_segment_revenue,view_barrier,14.3732,27,
0.12,0.5,6,q12_product_segment_revenue,oblivious_forced,3.4321,27,
0.12,0.5,6,q12_product_segment_revenue,pcqv_forced,3.462,27,
0.12,0.5,6,q12_product_segment_revenue,pcqv,8.8998,27,
0.12,0.5,6,q16_region_product_mix,predicate_injection,4.3024,51,
0.12,0.5,6,q16_region_product_mix,view_barrier,13.3576,51,
0.12,0.5,6,q16_region_product_mix,oblivious_forced,4.8406,51,
0.12,0.5,6,q16_region_product_mix,pcqv_forced,4.8493,51,
0.12,0.5,6,q16_region_product_mix,pcqv,4.3235,51,
0.24,0.1,3,q1_customer_orders,predicate_injection,0.168,64,
0.24,0.1,3,q1_customer_orders,view_barrier,3.5135,64,
0.24,0.1,3,q1_customer_orders,oblivious_forced,0.7648,64,
0.24,0.1,3,q1_customer_orders,pcqv_forced,0.1602,64,
0.24,0.1,3,q1_customer_orders,pcqv,0.1511,64,
0.24,0.1,3,q4_revenue_by_region,predicate_injection,0.8855,3,
0.24,0.1,3,q4_revenue_by_region,view_barrier,4.4104,3,
0.24,0.1,3,q4_revenue_by_region,oblivious_forced,1.2285,3,
0.24,0.1,3,q4_revenue_by_region,pcqv_forced,0.5953,3,
0.24,0.1,3,q4_revenue_by_region,pcqv,0.5637,3,
0.24,0.1,3,q6_lineitem_product_count,predicate_injection,0.3822,8,
0.24,0.1,3,q6_lineitem_product_count,view_barrier,3.8427,8,
0.24,0.1,3,q6_lineitem_product_count,oblivious_forced,1.8547,8,
0.24,0.1,3,q6_lineitem_product_count,pcqv_forced,0.366,8,
0.24,0.1,3,q6_lineitem_product_count,pcqv,0.3612,8,
0.24,0.1,3,q8_sensitive_product_scan,predicate_injection,0.6585,14,
0.24,0.1,3,q8_sensitive_product_scan,view_barrier,3.8992,14,
0.24,0.1,3,q8_sensitive_product_scan,oblivious_forced,2.0071,14,
0.24,0.1,3,q8_sensitive_product_scan,pcqv_forced,0.6934,14,
0.24,0.1,3,q8_sensitive_product_scan,pcqv,0.6594,14,
0.24,0.1,3,q12_product_segment_revenue,predicate_injection,0.2161,16,
0.24,0.1,3,q12_product_segment_revenue,view_barrier,4.5679,16,
0.24,0.1,3,q12_product_segment_revenue,oblivious_forced,0.4783,16,
0.24,0.1,3,q12_product_segment_revenue,pcqv_forced,0.2184,16,
0.24,0.1,3,q12_product_segment_revenue,pcqv,0.209,16,
0.24,0.1,3,q16_region_product_mix,predicate_injection,0.3849,19,
0.24,0.1,3,q16_region_product_mix,view_barrier,3.9678,19,
0.24,0.1,3,q16_region_product_mix,oblivious_forced,0.4039,19,
0.24,0.1,3,q16_region_product_mix,pcqv_forced,0.3782,19,
0.24,0.1,3,q16_region_product_mix,pcqv,0.3912,19,
0.24,0.1,6,q1_customer_orders,predicate_injection,0.2661,64,
0.24,0.1,6,q1_customer_orders,view_barrier,4.3571,64,
0.24,0.1,6,q1_customer_orders,oblivious_forced,1.6751,64,
0.24,0.1,6,q1_customer_orders,pcqv_forced,0.3517,64,
0.24,0.1,6,q1_customer_orders,pcqv,0.3471,64,
0.24,0.1,6,q4_revenue_by_region,predicate_injection,0.5776,3,
0.24,0.1,6,q4_revenue_by_region,view_barrier,4.7508,3,
0.24,0.1,6,q4_revenue_by_region,oblivious_forced,2.1348,3,
0.24,0.1,6,q4_revenue_by_region,pcqv_forced,0.6016,3,
0.24,0.1,6,q4_revenue_by_region,pcqv,0.5829,3,
0.24,0.1,6,q6_lineitem_product_count,predicate_injection,0.5935,5,
0.24,0.1,6,q6_lineitem_product_count,view_barrier,4.8196,5,
0.24,0.1,6,q6_lineitem_product_count,oblivious_forced,2.6826,5,
0.24,0.1,6,q6_lineitem_product_count,pcqv_forced,0.5529,5,
0.24,0.1,6,q6_lineitem_product_count,pcqv,0.5635,5,
0.24,0.1,6,q8_sensitive_product_scan,predicate_injection,1.2638,14,
0.24,0.1,6,q8_sensitive_product_scan,view_barrier,4.438,14,
0.24,0.1,6,q8_sensitive_product_scan,oblivious_forced,2.8803,14,
0.24,0.1,6,q8_sensitive_product_scan,pcqv_forced,1.2475,14,
0.24,0.1,6,q8_sensitive_product_scan,pcqv,1.2325,14,
0.24,0.1,6,q12_product_segment_revenue,predicate_injection,0.5128,0,
0.24,0.1,6,q12_product_segment_revenue,view_barrier,5.1551,0,
0.24,0.1,6,q12_product_segment_revenue,oblivious_forced,0.4805,0,
0.24,0.1,6,q12_product_segment_revenue,pcqv_forced,0.6252,0,
0.24,0.1,6,q12_product_segment_revenue,pcqv,0.4667,0,
0.24,0.1,6,q16_region_product_mix,predicate_injection,0.8908,3,
0.24,0.1,6,q16_region_product_mix,view_barrier,4.8023,3,
0.24,0.1,6,q16_region_product_mix,oblivious_forced,0.5647,3,
0.24,0.1,6,q16_region_product_mix,pcqv_forced,0.5634,3,
0.24,0.1,6,q16_region_product_mix,pcqv,0.8505,3,
0.24,0.5,3,q1_customer_orders,predicate_injection,2.1565,250,
0.24,0.5,3,q1_customer_orders,view_barrier,20.1947,250,
0.24,0.5,3,q1_customer_orders,oblivious_forced,2.9969,250,
0.24,0.5,3,q1_customer_orders,pcqv_forced,2.2477,250,
0.24,0.5,3,q1_customer_orders,pcqv,2.2173,250,
0.24,0.5,3,q4_revenue_by_region,predicate_injection,9.5874,6,
0.24,0.5,3,q4_revenue_by_region,view_barrier,24.3826,6,
0.24,0.5,3,q4_revenue_by_region,oblivious_forced,6.4813,6,
0.24,0.5,3,q4_revenue_by_region,pcqv_forced,10.163,6,
0.24,0.5,3,q4_revenue_by_region,pcqv,9.7162,6,
0.24,0.5,3,q6_lineitem_product_count,predicate_injection,10.0872,8,
0.24,0.5,3,q6_lineitem_product_count,view_barrier,23.9095,8,
0.24,0.5,3,q6_lineitem_product_count,oblivious_forced,11.415,8,
0.24,0.5,3,q6_lineitem_product_count,pcqv_forced,10.0464,8,
0.24,0.5,3,q6_lineitem_product_count,pcqv,10.1528,8,
0.24,0.5,3,q8_sensitive_product_scan,predicate_injection,5.2046,36,
0.24,0.5,3,q8_sensitive_product_scan,view_barrier,22.2881,36,
0.24,0.5,3,q8_sensitive_product_scan,oblivious_forced,14.088,36,
0.24,0.5,3,q8_sensitive_product_scan,pcqv_forced,5.3499,36,
0.24,0.5,3,q8_sensitive_product_scan,pcqv,5.5204,36,
0.24,0.5,3,q12_product_segment_revenue,predicate_injection,13.1899,27,
0.24,0.5,3,q12_product_segment_revenue,view_barrier,25.5389,27,
0.24,0.5,3,q12_product_segment_revenue,oblivious_forced,6.3622,27,
0.24,0.5,3,q12_product_segment_revenue,pcqv_forced,6.9103,27,
0.24,0.5,3,q12_product_segment_revenue,pcqv,13.3267,27,
0.24,0.5,3,q16_region_product_mix,predicate_injection,8.3441,54,
0.24,0.5,3,q16_region_product_mix,view_barrier,24.5773,54,
0.24,0.5,3,q16_region_product_mix,oblivious_forced,9.607,54,
0.24,0.5,3,q16_region_product_mix,pcqv_forced,9.7264,54,
0.24,0.5,3,q16_region_product_mix,pcqv,8.2095,54,
0.24,0.5,6,q1_customer_orders,predicate_injection,3.1324,250,
0.24,0.5,6,q1_customer_orders,view_barrier,23.4913,250,
0.24,0.5,6,q1_customer_orders,oblivious_forced,7.7428,250,
0.24,0.5,6,q1_customer_orders,pcqv_forced,1.7978,250,
0.24,0.5,6,q1_customer_orders,pcqv,1.6422,250,
0.24,0.5,6,q4_revenue_by_region,predicate_injection,10.5672,6,
0.24,0.5,6,q4_revenue_by_region,view_barrier,27.0759,6,
0.24,0.5,6,q4_revenue_by_region,oblivious_forced,12.3206,6,
0.24,0.5,6,q4_revenue_by_region,pcqv_forced,11.8444,6,
0.24,0.5,6,q4_revenue_by_region,pcqv,11.3173,6,
0.24,0.5,6,q6_lineitem_product_count,predicate_injection,14.2407,8,
0.24,0.5,6,q6_lineitem_product_count,view_barrier,26.3046,8,
0.24,0.5,6,q6_lineitem_product_count,oblivious_forced,16.7804,8,
0.24,0.5,6,q6_lineitem_product_count,pcqv_forced,11.5985,8,
0.24,0.5,6,q6_lineitem_product_count,pcqv,11.3295,8,
0.24,0.5,6,q8_sensitive_product_scan,predicate_injection,10.7098,36,
0.24,0.5,6,q8_sensitive_product_scan,view_barrier,25.2867,36,
0.24,0.5,6,q8_sensitive_product_scan,oblivious_forced,17.8834,36,
0.24,0.5,6,q8_sensitive_product_scan,pcqv_forced,10.3369,36,
0.24,0.5,6,q8_sensitive_product_scan,pcqv,10.5062,36,
0.24,0.5,6,q12_product_segment_revenue,predicate_injection,18.6071,27,
0.24,0.5,6,q12_product_segment_revenue,view_barrier,28.9936,27,
0.24,0.5,6,q12_product_segment_revenue,oblivious_forced,6.9688,27,
0.24,0.5,6,q12_product_segment_revenue,pcqv_forced,7.4446,27,
0.24,0.5,6,q12_product_segment_revenue,pcqv,18.604,27,
0.24,0.5,6,q16_region_product_mix,predicate_injection,9.1145,54,
0.24,0.5,6,q16_region_product_mix,view_barrier,27.6017,54,
0.24,0.5,6,q16_region_product_mix,oblivious_forced,10.2516,54,
0.24,0.5,6,q16_region_product_mix,pcqv_forced,10.2654,54,
0.24,0.5,6,q16_region_product_mix,pcqv,9.4253,54,
0.48,0.1,3,q1_customer_orders,predicate_injection,0.2759,87,
0.48,0.1,3,q1_customer_orders,view_barrier,7.5294,87,
0.48,0.1,3,q1_customer_orders,oblivious_forced,1.4107,87,
0.48,0.1,3,q1_customer_orders,pcqv_forced,0.253,87,
0.48,0.1,3,q1_customer_orders,pcqv,0.2333,87,
0.48,0.1,3,q4_revenue_by_region,predicate_injection,1.6285,3,
0.48,0.1,3,q4_revenue_by_region,view_barrier,9.6513,3,
0.48,0.1,3,q4_revenue_by_region,oblivious_forced,2.4205,3,
0.48,0.1,3,q4_revenue_by_region,pcqv_forced,1.1727,3,
0.48,0.1,3,q4_revenue_by_region,pcqv,1.2049,3,
0.48,0.1,3,q6_lineitem_product_count,predicate_injection,0.8255,8,
0.48,0.1,3,q6_lineitem_product_count,view_barrier,8.6983,8,
0.48,0.1,3,q6_lineitem_product_count,oblivious_forced,4.337,8,
0.48,0.1,3,q6_lineitem_product_count,pcqv_forced,0.755,8,
0.48,0.1,3,q6_lineitem_product_count,pcqv,0.9327,8,
0.48,0.1,3,q8_sensitive_product_scan,predicate_injection,1.5446,16,
0.48,0.1,3,q8_sensitive_product_scan,view_barrier,8.2132,16,
0.48,0.1,3,q8_sensitive_product_scan,oblivious_forced,4.5054,16,
0.48,0.1,3,q8_sensitive_product_scan,pcqv_forced,1.5584,16,
0.48,0.1,3,q8_sensitive_product_scan,pcqv,1.5723,16,
0.48,0.1,3,q12_product_segment_revenue,predicate_injection,0.5502,27,
0.48,0.1,3,q12_product_segment_revenue,view_barrier,10.5112,27,
0.48,0.1,3,q12_product_segment_revenue,oblivious_forced,0.9422,27,
0.48,0.1,3,q12_product_segment_revenue,pcqv_forced,0.4904,27,
0.48,0.1,3,q12_product_segment_revenue,pcqv,0.5025,27,
0.48,0.1,3,q16_region_product_mix,predicate_injection,0.7042,26,
0.48,0.1,3,q16_region_product_mix,view_barrier,8.0535,26,
0.48,0.1,3,q16_region_product_mix,oblivious_forced,0.7088,26,
0.48,0.1,3,q16_region_product_mix,pcqv_forced,0.6714,26,
0.48,0.1,3,q16_region_product_mix,pcqv,0.6964,26,
0.48,0.1,6,q1_customer_orders,predicate_injection,0.5564,87,
0.48,0.1,6,q1_customer_orders,view_barrier,9.0445,87,
0.48,0.1,6,q1_customer_orders,oblivious_forced,3.1846,87,
0.48,0.1,6,q1_customer_orders,pcqv_forced,0.6433,87,
0.48,0.1,6,q1_customer_orders,pcqv,0.638,87,
0.48,0.1,6,q4_revenue_by_region,predicate_injection,1.9647,3,
0.48,0.1,6,q4_revenue_by_region,view_barrier,9.9802,3,
0.48,0.1,6,q4_revenue_by_region,oblivious_forced,4.3501,3,
0.48,0.1,6,q4_revenue_by_region,pcqv_forced,1.2104,3,
0.48,0.1,6,q4_revenue_by_region,pcqv,1.2352,3,
0.48,0.1,6,q6_lineitem_product_count,predicate_injection,1.1929,8,
0.48,0.1,6,q6_lineitem_product_count,view_barrier,9.992,8,
0.48,0.1,6,q6_lineitem_product_count,oblivious_forced,6.0179,8,
0.48,0.1,6,q6_lineitem_product_count,pcqv_forced,1.2311,8,
0.48,0.1,6,q6_lineitem_product_count,pcqv,1.2088,8,
0.48,0.1,6,q8_sensitive_product_scan,predicate_injection,2.9141,16,
0.48,0.1,6,q8_sensitive_product_scan,view_barrier,9.4804,16,
0.48,0.1,6,q8_sensitive_product_scan,oblivious_forced,5.9091,16,
0.48,0.1,6,q8_sensitive_product_scan,pcqv_forced,2.8785,16,
0.48,0.1,6,q8_sensitive_product_scan,pcqv,2.8576,16,
0.48,0.1,6,q12_product_segment_revenue,predicate_injection,1.0753,3,
0.48,0.1,6,q12_product_segment_revenue,view_barrier,11.8185,3,
0.48,0.1,6,q12_product_segment_revenue,oblivious_forced,1.0552,3,
0.48,0.1,6,q12_product_segment_revenue,pcqv_forced,1.4036,3,
0.48,0.1,6,q12_product_segment_revenue,pcqv,1.0513,3,
0.48,0.1,6,q16_region_product_mix,predicate_injection,1.6211,9,
0.48,0.1,6,q16_region_product_mix,view_barrier,10.681,9,
0.48,0.1,6,q16_region_product_mix,oblivious_forced,1.1067,9,
0.48,0.1,6,q16_region_product_mix,pcqv_forced,1.0865,9,
0.48,0.1,6,q16_region_product_mix,pcqv,1.5342,9,
0.48,0.5,3,q1_customer_orders,predicate_injection,4.7441,250,
0.48,0.5,3,q1_customer_orders,view_barrier,41.5377,250,
0.48,0.5,3,q1_customer_orders,oblivious_forced,5.7521,250,
0.48,0.5,3,q1_customer_orders,pcqv_forced,4.588,250,
0.48,0.5,3,q1_customer_orders,pcqv,4.6392,250,
0.48,0.5,3,q4_revenue_by_region,predicate_injection,20.9965,6,
0.48,0.5,3,q4_revenue_by_region,view_barrier,48.4156,6,
0.48,0.5,3,q4_revenue_by_region,oblivious_forced,13.5131,6,
0.48,0.5,3,q4_revenue_by_region,pcqv_forced,23.1729,6,
0.48,0.5,3,q4_revenue_by_region,pcqv,24.4468,6,
0.48,0.5,3,q6_lineitem_product_count,predicate_injection,22.5132,8,
0.48,0.5,3,q6_lineitem_product_count,view_barrier,50.6733,8,
0.48,0.5,3,q6_lineitem_product_count,oblivious_forced,25.734,8,
0.48,0.5,3,q6_lineitem_product_count,pcqv_forced,22.7371,8,
0.48,0.5,3,q6_lineitem_product_count,pcqv,22.3087,8,
0.48,0.5,3,q8_sensitive_product_scan,predicate_injection,11.9115,36,
0.48,0.5,3,q8_sensitive_product_scan,view_barrier,47.9893,36,
0.48,0.5,3,q8_sensitive_product_scan,oblivious_forced,29.6698,36,
0.48,0.5,3,q8_sensitive_product_scan,pcqv_forced,11.5596,36,
0.48,0.5,3,q8_sensitive_product_scan,pcqv,11.621,36,
0.48,0.5,3,q12_product_segment_revenue,predicate_injection,29.0716,27,
0.48,0.5,3,q12_product_segment_revenue,view_barrier,54.6104,27,
0.48,0.5,3,q12_product_segment_revenue,oblivious_forced,14.0575,27,
0.48,0.5,3,q12_product_segment_revenue,pcqv_forced,17.2968,27,
0.48,0.5,3,q12_product_segment_revenue,pcqv,27.5291,27,
0.48,0.5,3,q16_region_product_mix,predicate_injection,17.1689,54,
0.48,0.5,3,q16_region_product_mix,view_barrier,50.9754,54,
0.48,0.5,3,q16_region_product_mix,oblivious_forced,20.6382,54,
0.48,0.5,3,q16_region_product_mix,pcqv_forced,20.3402,54,
0.48,0.5,3,q16_region_product_mix,pcqv,16.9973,54,
0.48,0.5,6,q1_customer_orders,predicate_injection,6.5856,250,
0.48,0.5,6,q1_customer_orders,view_barrier,47.8238,250,
0.48,0.5,6,q1_customer_orders,oblivious_forced,14.8128,250,
0.48,0.5,6,q1_customer_orders,pcqv_forced,1.7584,250,
0.48,0.5,6,q1_customer_orders,pcqv,1.7578,250,
0.48,0.5,6,q4_revenue_by_region,predicate_injection,23.555,6,
0.48,0.5,6,q4_revenue_by_region,view_barrier,55.2724,6,
0.48,0.5,6,q4_revenue_by_region,oblivious_forced,24.9409,6,
0.48,0.5,6,q4_revenue_by_region,pcqv_forced,25.7725,6,
0.48,0.5,6,q4_revenue_by_region,pcqv,25.5229,6,
0.48,0.5,6,q6_lineitem_product_count,predicate_injection,30.1146,8,
0.48,0.5,6,q6_lineitem_product_count,view_barrier,56.7754,8,
0.48,0.5,6,q6_lineitem_product_count,oblivious_forced,34.4941,8,
0.48,0.5,6,q6_lineitem_product_count,pcqv_forced,25.9533,8,
0.48,0.5,6,q6_lineitem_product_count,pcqv,25.2926,8,
0.48,0.5,6,q8_sensitive_product_scan,predicate_injection,22.6797,36,
0.48,0.5,6,q8_sensitive_product_scan,view_barrier,52.4799,36,
0.48,0.5,6,q8_sensitive_product_scan,oblivious_forced,37.5545,36,
0.48,0.5,6,q8_sensitive_product_scan,pcqv_forced,23.3852,36,
0.48,0.5,6,q8_sensitive_product_scan,pcqv,23.0354,36,
0.48,0.5,6,q12_product_segment_revenue,predicate_injection,39.4175,27,
0.48,0.5,6,q12_product_segment_revenue,view_barrier,63.553,27,
0.48,0.5,6,q12_product_segment_revenue,oblivious_forced,16.7732,27,
0.48,0.5,6,q12_product_segment_revenue,pcqv_forced,18.334,27,
0.48,0.5,6,q12_product_segment_revenue,pcqv,40.6832,27,
0.48,0.5,6,q16_region_product_mix,predicate_injection,21.4977,54,
0.48,0.5,6,q16_region_product_mix,view_barrier,57.7659,54,
0.48,0.5,6,q16_region_product_mix,oblivious_forced,22.2369,54,
0.48,0.5,6,q16_region_product_mix,pcqv_forced,21.8759,54,
0.48,0.5,6,q16_region_product_mix,pcqv,19.8378,54,
