benchmark,scale,context,query,method,latency_ms,rows,error
tpch_ssb_like,0.5,tight,tpch_q3_revenue,pcqv,0.692394,2,
tpch_ssb_like,0.5,tight,tpch_q3_revenue,predicate_injection,1.523522,2,
tpch_ssb_like,0.5,tight,tpch_q3_revenue,view_barrier,11.76751,2,
tpch_ssb_like,0.5,tight,tpch_q3_revenue,raw_post_filter_control,3.056929,2,
tpch_ssb_like,0.5,tight,tpch_q3_revenue,unsafe_late_aggregate,2.447468,2,
tpch_ssb_like,0.5,tight,tpch_q5_region_supplier,pcqv,0.666685,2,
tpch_ssb_like,0.5,tight,tpch_q5_region_supplier,predicate_injection,0.377206,2,
tpch_ssb_like,0.5,tight,tpch_q5_region_supplier,view_barrier,13.050506,2,
tpch_ssb_like,0.5,tight,tpch_q5_region_supplier,raw_post_filter_control,5.87575,5,
tpch_ssb_like,0.5,tight,tpch_q5_region_supplier,unsafe_late_aggregate,6.549562,5,
tpch_ssb_like,0.5,tight,tpch_q6_discount,pcqv,0.457442,1,
tpch_ssb_like,0.5,tight,tpch_q6_discount,predicate_injection,0.701308,1,
tpch_ssb_like,0.5,tight,tpch_q6_discount,view_barrier,8.647827,1,
tpch_ssb_like,0.5,tight,tpch_q6_discount,raw_post_filter_control,4.239134,1,
tpch_ssb_like,0.5,tight,tpch_q6_discount,unsafe_late_aggregate,4.167506,1,
tpch_ssb_like,0.5,tight,tpch_q10_customer_loss,pcqv,0.585053,4,
tpch_ssb_like,0.5,tight,tpch_q10_customer_loss,predicate_injection,0.404993,4,
tpch_ssb_like,0.5,tight,tpch_q10_customer_loss,view_barrier,59.581134,4,
tpch_ssb_like,0.5,tight,tpch_q10_customer_loss,raw_post_filter_control,7.487721,5,
tpch_ssb_like,0.5,tight,tpch_q10_customer_loss,unsafe_late_aggregate,10.130753,5,
tpch_ssb_like,0.5,tight,ssb_brand_revenue,pcqv,2.419056,2,
tpch_ssb_like,0.5,tight,ssb_brand_revenue,predicate_injection,0.432054,2,
tpch_ssb_like,0.5,tight,ssb_brand_revenue,view_barrier,13.235707,2,
tpch_ssb_like,0.5,tight,ssb_brand_revenue,raw_post_filter_control,5.292841,3,
tpch_ssb_like,0.5,tight,ssb_brand_revenue,unsafe_late_aggregate,5.113121,3,
tpch_ssb_like,0.5,tight,ssb_supplier_nation,pcqv,0.44602,0,
tpch_ssb_like,0.5,tight,ssb_supplier_nation,predicate_injection,0.328974,0,
tpch_ssb_like,0.5,tight,ssb_supplier_nation,view_barrier,9.257132,0,
tpch_ssb_like,0.5,tight,ssb_supplier_nation,raw_post_filter_control,6.791105,16,
tpch_ssb_like,0.5,tight,ssb_supplier_nation,unsafe_late_aggregate,6.417484,16,
tpch_ssb_like,0.5,medium,tpch_q3_revenue,pcqv,1.248785,2,
tpch_ssb_like,0.5,medium,tpch_q3_revenue,predicate_injection,1.203492,2,
tpch_ssb_like,0.5,medium,tpch_q3_revenue,view_barrier,9.879441,2,
tpch_ssb_like,0.5,medium,tpch_q3_revenue,raw_post_filter_control,2.376022,2,
tpch_ssb_like,0.5,medium,tpch_q3_revenue,unsafe_late_aggregate,2.319282,2,
tpch_ssb_like,0.5,medium,tpch_q5_region_supplier,pcqv,1.34563,5,
tpch_ssb_like,0.5,medium,tpch_q5_region_supplier,predicate_injection,0.995329,5,
tpch_ssb_like,0.5,medium,tpch_q5_region_supplier,view_barrier,14.855892,5,
tpch_ssb_like,0.5,medium,tpch_q5_region_supplier,raw_post_filter_control,6.028921,5,
tpch_ssb_like,0.5,medium,tpch_q5_region_supplier,unsafe_late_aggregate,5.913182,5,
tpch_ssb_like,0.5,medium,tpch_q6_discount,pcqv,0.830142,1,
tpch_ssb_like,0.5,medium,tpch_q6_discount,predicate_injection,0.765454,1,
tpch_ssb_like,0.5,medium,tpch_q6_discount,view_barrier,9.107011,1,
tpch_ssb_like,0.5,medium,tpch_q6_discount,raw_post_filter_control,4.389455,1,
tpch_ssb_like,0.5,medium,tpch_q6_discount,unsafe_late_aggregate,4.325854,1,
tpch_ssb_like,0.5,medium,tpch_q10_customer_loss,pcqv,1.179916,5,
tpch_ssb_like,0.5,medium,tpch_q10_customer_loss,predicate_injection,0.88201,5,
tpch_ssb_like,0.5,medium,tpch_q10_customer_loss,view_barrier,204.861039,5,
tpch_ssb_like,0.5,medium,tpch_q10_customer_loss,raw_post_filter_control,7.014404,5,
tpch_ssb_like,0.5,medium,tpch_q10_customer_loss,unsafe_late_aggregate,7.280894,5,
tpch_ssb_like,0.5,medium,ssb_brand_revenue,pcqv,3.402998,3,
tpch_ssb_like,0.5,medium,ssb_brand_revenue,predicate_injection,1.916519,3,
tpch_ssb_like,0.5,medium,ssb_brand_revenue,view_barrier,13.855262,3,
tpch_ssb_like,0.5,medium,ssb_brand_revenue,raw_post_filter_control,5.268734,3,
tpch_ssb_like,0.5,medium,ssb_brand_revenue,unsafe_late_aggregate,5.230155,3,
tpch_ssb_like,0.5,medium,ssb_supplier_nation,pcqv,1.060096,15,
tpch_ssb_like,0.5,medium,ssb_supplier_nation,predicate_injection,0.969845,15,
tpch_ssb_like,0.5,medium,ssb_supplier_nation,view_barrier,10.891368,15,
tpch_ssb_like,0.5,medium,ssb_supplier_nation,raw_post_filter_control,6.523672,16,
tpch_ssb_like,0.5,medium,ssb_supplier_nation,unsafe_late_aggregate,6.526276,16,
tpch_ssb_like,0.5,broad,tpch_q3_revenue,pcqv,1.464258,2,
tpch_ssb_like,0.5,broad,tpch_q3_revenue,predicate_injection,1.39577,2,
tpch_ssb_like,0.5,broad,tpch_q3_revenue,view_barrier,10.32927,2,
tpch_ssb_like,0.5,broad,tpch_q3_revenue,raw_post_filter_control,2.463507,2,
tpch_ssb_like,0.5,broad,tpch_q3_revenue,unsafe_late_aggregate,2.42877,2,
tpch_ssb_like,0.5,broad,tpch_q5_region_supplier,pcqv,2.667964,5,
tpch_ssb_like,0.5,broad,tpch_q5_region_supplier,predicate_injection,2.227634,5,
tpch_ssb_like,0.5,broad,tpch_q5_region_supplier,view_barrier,15.628223,5,
tpch_ssb_like,0.5,broad,tpch_q5_region_supplier,raw_post_filter_control,5.772499,5,
tpch_ssb_like,0.5,broad,tpch_q5_region_supplier,unsafe_late_aggregate,5.706665,5,
tpch_ssb_like,0.5,broad,tpch_q6_discount,pcqv,1.809276,1,
tpch_ssb_like,0.5,broad,tpch_q6_discount,predicate_injection,1.717058,1,
tpch_ssb_like,0.5,broad,tpch_q6_discount,view_barrier,12.617418,1,
tpch_ssb_like,0.5,broad,tpch_q6_discount,raw_post_filter_control,4.360617,1,
tpch_ssb_like,0.5,broad,tpch_q6_discount,unsafe_late_aggregate,4.147405,1,
tpch_ssb_like,0.5,broad,tpch_q10_customer_loss,pcqv,2.563431,5,
tpch_ssb_like,0.5,broad,tpch_q10_customer_loss,predicate_injection,2.236106,5,
tpch_ssb_like,0.5,broad,tpch_q10_customer_loss,view_barrier,524.393178,5,
tpch_ssb_like,0.5,broad,tpch_q10_customer_loss,raw_post_filter_control,7.60164,5,
tpch_ssb_like,0.5,broad,tpch_q10_customer_loss,unsafe_late_aggregate,6.824273,5,
tpch_ssb_like,0.5,broad,ssb_brand_revenue,pcqv,5.059364,3,
tpch_ssb_like,0.5,broad,ssb_brand_revenue,predicate_injection,2.887159,3,
tpch_ssb_like,0.5,broad,ssb_brand_revenue,view_barrier,15.733835,3,
tpch_ssb_like,0.5,broad,ssb_brand_revenue,raw_post_filter_control,5.974357,3,
tpch_ssb_like,0.5,broad,ssb_brand_revenue,unsafe_late_aggregate,6.345647,3,
tpch_ssb_like,0.5,broad,ssb_supplier_nation,pcqv,2.717894,16,
tpch_ssb_like,0.5,broad,ssb_supplier_nation,predicate_injection,2.519271,16,
tpch_ssb_like,0.5,broad,ssb_supplier_nation,view_barrier,11.497562,16,
tpch_ssb_like,0.5,broad,ssb_supplier_nation,raw_post_filter_control,7.496286,16,
tpch_ssb_like,0.5,broad,ssb_supplier_nation,unsafe_late_aggregate,7.525425,16,
tpch_ssb_like,1.0,tight,tpch_q3_revenue,pcqv,0.987988,2,
tpch_ssb_like,1.0,tight,tpch_q3_revenue,predicate_injection,2.9386,2,
tpch_ssb_like,1.0,tight,tpch_q3_revenue,view_barrier,21.387707,2,
tpch_ssb_like,1.0,tight,tpch_q3_revenue,raw_post_filter_control,7.101159,2,
tpch_ssb_like,1.0,tight,tpch_q3_revenue,unsafe_late_aggregate,5.730871,2,
tpch_ssb_like,1.0,tight,tpch_q5_region_supplier,pcqv,2.239036,4,
tpch_ssb_like,1.0,tight,tpch_q5_region_supplier,predicate_injection,0.812229,4,
tpch_ssb_like,1.0,tight,tpch_q5_region_supplier,view_barrier,28.170933,4,
tpch_ssb_like,1.0,tight,tpch_q5_region_supplier,raw_post_filter_control,14.16593,5,
tpch_ssb_like,1.0,tight,tpch_q5_region_supplier,unsafe_late_aggregate,12.8053,5,
tpch_ssb_like,1.0,tight,tpch_q6_discount,pcqv,1.410918,1,
tpch_ssb_like,1.0,tight,tpch_q6_discount,predicate_injection,0.577131,1,
tpch_ssb_like,1.0,tight,tpch_q6_discount,view_barrier,18.121028,1,
tpch_ssb_like,1.0,tight,tpch_q6_discount,raw_post_filter_control,9.937856,1,
tpch_ssb_like,1.0,tight,tpch_q6_discount,unsafe_late_aggregate,8.978601,1,
tpch_ssb_like,1.0,tight,tpch_q10_customer_loss,pcqv,1.86016,5,
tpch_ssb_like,1.0,tight,tpch_q10_customer_loss,predicate_injection,0.816555,5,
tpch_ssb_like,1.0,tight,tpch_q10_customer_loss,view_barrier,228.485485,5,
tpch_ssb_like,1.0,tight,tpch_q10_customer_loss,raw_post_filter_control,34.678856,5,
tpch_ssb_like,1.0,tight,tpch_q10_customer_loss,unsafe_late_aggregate,35.209263,5,
tpch_ssb_like,1.0,tight,ssb_brand_revenue,pcqv,8.142573,3,
tpch_ssb_like,1.0,tight,ssb_brand_revenue,predicate_injection,1.61613,3,
tpch_ssb_like,1.0,tight,ssb_brand_revenue,view_barrier,27.971052,3,
tpch_ssb_like,1.0,tight,ssb_brand_revenue,raw_post_filter_control,14.966504,3,
tpch_ssb_like,1.0,tight,ssb_brand_revenue,unsafe_late_aggregate,15.803499,3,
tpch_ssb_like,1.0,tight,ssb_supplier_nation,pcqv,1.368098,1,
tpch_ssb_like,1.0,tight,ssb_supplier_nation,predicate_injection,0.803516,1,
tpch_ssb_like,1.0,tight,ssb_supplier_nation,view_barrier,21.138378,1,
tpch_ssb_like,1.0,tight,ssb_supplier_nation,raw_post_filter_control,15.920235,16,
tpch_ssb_like,1.0,tight,ssb_supplier_nation,unsafe_late_aggregate,15.741039,16,
tpch_ssb_like,1.0,medium,tpch_q3_revenue,pcqv,4.148435,2,
tpch_ssb_like,1.0,medium,tpch_q3_revenue,predicate_injection,2.477198,2,
tpch_ssb_like,1.0,medium,tpch_q3_revenue,view_barrier,22.433666,2,
tpch_ssb_like,1.0,medium,tpch_q3_revenue,raw_post_filter_control,7.170322,2,
tpch_ssb_like,1.0,medium,tpch_q3_revenue,unsafe_late_aggregate,5.409735,2,
tpch_ssb_like,1.0,medium,tpch_q5_region_supplier,pcqv,5.705178,5,
tpch_ssb_like,1.0,medium,tpch_q5_region_supplier,predicate_injection,4.655273,5,
tpch_ssb_like,1.0,medium,tpch_q5_region_supplier,view_barrier,30.421115,5,
tpch_ssb_like,1.0,medium,tpch_q5_region_supplier,raw_post_filter_control,13.674619,5,
tpch_ssb_like,1.0,medium,tpch_q5_region_supplier,unsafe_late_aggregate,12.301699,5,
tpch_ssb_like,1.0,medium,tpch_q6_discount,pcqv,3.766173,1,
tpch_ssb_like,1.0,medium,tpch_q6_discount,predicate_injection,3.656298,1,
tpch_ssb_like,1.0,medium,tpch_q6_discount,view_barrier,18.980669,1,
tpch_ssb_like,1.0,medium,tpch_q6_discount,raw_post_filter_control,9.713785,1,
tpch_ssb_like,1.0,medium,tpch_q6_discount,unsafe_late_aggregate,8.815847,1,
tpch_ssb_like,1.0,medium,tpch_q10_customer_loss,pcqv,5.836794,5,
tpch_ssb_like,1.0,medium,tpch_q10_customer_loss,predicate_injection,3.769248,5,
tpch_ssb_like,1.0,medium,tpch_q10_customer_loss,view_barrier,785.560152,5,
tpch_ssb_like,1.0,medium,tpch_q10_customer_loss,raw_post_filter_control,33.587365,5,
tpch_ssb_like,1.0,medium,tpch_q10_customer_loss,unsafe_late_aggregate,36.994429,5,
tpch_ssb_like,1.0,medium,ssb_brand_revenue,pcqv,12.273163,3,
tpch_ssb_like,1.0,medium,ssb_brand_revenue,predicate_injection,5.41946,3,
tpch_ssb_like,1.0,medium,ssb_brand_revenue,view_barrier,29.357616,3,
tpch_ssb_like,1.0,medium,ssb_brand_revenue,raw_post_filter_control,16.365957,3,
tpch_ssb_like,1.0,medium,ssb_brand_revenue,unsafe_late_aggregate,15.004546,3,
tpch_ssb_like,1.0,medium,ssb_supplier_nation,pcqv,5.117591,16,
tpch_ssb_like,1.0,medium,ssb_supplier_nation,predicate_injection,4.161091,16,
tpch_ssb_like,1.0,medium,ssb_supplier_nation,view_barrier,22.514443,16,
tpch_ssb_like,1.0,medium,ssb_supplier_nation,raw_post_filter_control,18.636037,16,
tpch_ssb_like,1.0,medium,ssb_supplier_nation,unsafe_late_aggregate,16.325854,16,
tpch_ssb_like,1.0,broad,tpch_q3_revenue,pcqv,6.467284,2,
tpch_ssb_like,1.0,broad,tpch_q3_revenue,predicate_injection,5.529374,2,
tpch_ssb_like,1.0,broad,tpch_q3_revenue,view_barrier,23.545315,2,
tpch_ssb_like,1.0,broad,tpch_q3_revenue,raw_post_filter_control,7.457701,2,
tpch_ssb_like,1.0,broad,tpch_q3_revenue,unsafe_late_aggregate,5.888158,2,
tpch_ssb_like,1.0,broad,tpch_q5_region_supplier,pcqv,14.543144,5,
tpch_ssb_like,1.0,broad,tpch_q5_region_supplier,predicate_injection,16.970714,5,
tpch_ssb_like,1.0,broad,tpch_q5_region_supplier,view_barrier,36.609569,5,
tpch_ssb_like,1.0,broad,tpch_q5_region_supplier,raw_post_filter_control,14.589991,5,
tpch_ssb_like,1.0,broad,tpch_q5_region_supplier,unsafe_late_aggregate,12.426105,5,
tpch_ssb_like,1.0,broad,tpch_q6_discount,pcqv,7.702671,1,
tpch_ssb_like,1.0,broad,tpch_q6_discount,predicate_injection,8.083283,1,
tpch_ssb_like,1.0,broad,tpch_q6_discount,view_barrier,22.114547,1,
tpch_ssb_like,1.0,broad,tpch_q6_discount,raw_post_filter_control,9.657225,1,
tpch_ssb_like,1.0,broad,tpch_q6_discount,unsafe_late_aggregate,9.163398,1,
tpch_ssb_like,1.0,broad,tpch_q10_customer_loss,pcqv,11.259598,5,
tpch_ssb_like,1.0,broad,tpch_q10_customer_loss,predicate_injection,11.052722,5,
tpch_ssb_like,1.0,broad,tpch_q10_customer_loss,view_barrier,2113.219047,5,
tpch_ssb_like,1.0,broad,tpch_q10_customer_loss,raw_post_filter_control,30.728094,5,
tpch_ssb_like,1.0,broad,tpch_q10_customer_loss,unsafe_late_aggregate,31.448316,5,
tpch_ssb_like,1.0,broad,ssb_brand_revenue,pcqv,14.124544,3,
tpch_ssb_like,1.0,broad,ssb_brand_revenue,predicate_injection,9.334558,3,
tpch_ssb_like,1.0,broad,ssb_brand_revenue,view_barrier,31.033262,3,
tpch_ssb_like,1.0,broad,ssb_brand_revenue,raw_post_filter_control,15.894716,3,
tpch_ssb_like,1.0,broad,ssb_brand_revenue,unsafe_late_aggregate,15.357334,3,
tpch_ssb_like,1.0,broad,ssb_supplier_nation,pcqv,8.242539,16,
tpch_ssb_like,1.0,broad,ssb_supplier_nation,predicate_injection,8.13344,16,
tpch_ssb_like,1.0,broad,ssb_supplier_nation,view_barrier,23.460449,16,
tpch_ssb_like,1.0,broad,ssb_supplier_nation,raw_post_filter_control,16.08711,16,
tpch_ssb_like,1.0,broad,ssb_supplier_nation,unsafe_late_aggregate,15.650679,16,
